participant	tissue_id	variable	n	min	max	median	iqr	mean	sd	se	ci	skewed
GTEX-11UD1	brain-2	allelic_expression	40	0.056	0.5	0.242	0.1	0.257	0.102	0.016	0.033	not_skewed
GTEX-11ZTS	brain-2	allelic_expression	20	0.007	0.5	0.086	0.086	0.118	0.121	0.027	0.056	not_skewed
GTEX-11ZVC	brain-2	allelic_expression	26	0	0.357	0.079	0.081	0.099	0.086	0.017	0.035	not_skewed
GTEX-12WS9	brain-2	allelic_expression	36	0	0.5	0.153	0.145	0.18	0.104	0.017	0.035	not_skewed
GTEX-12ZZX	brain-2	allelic_expression	45	0	0.3	0.071	0.098	0.098	0.079	0.012	0.024	not_skewed
GTEX-1313W	brain-2	allelic_expression	35	0.029	0.357	0.229	0.106	0.229	0.073	0.012	0.025	not_skewed
GTEX-13O3O	brain-2	allelic_expression	36	0	0.417	0.159	0.091	0.166	0.092	0.015	0.031	not_skewed
GTEX-13PLJ	brain-2	allelic_expression	29	0.357	0.5	0.5	0.018	0.485	0.034	0.006	0.013	skewed
GTEX-13QIC	brain-2	allelic_expression	41	0	0.278	0.1	0.077	0.105	0.065	0.01	0.02	not_skewed
GTEX-13S7M	brain-2	allelic_expression	40	0	0.389	0.107	0.118	0.135	0.093	0.015	0.03	not_skewed
GTEX-13X6K	brain-2	allelic_expression	46	0	0.3	0.075	0.103	0.101	0.077	0.011	0.023	not_skewed
GTEX-145LS	brain-2	allelic_expression	30	0	0.346	0.103	0.099	0.119	0.09	0.016	0.034	not_skewed
GTEX-145MI	brain-2	allelic_expression	29	0	0.5	0.247	0.124	0.236	0.104	0.019	0.04	not_skewed
GTEX-14BIM	brain-2	allelic_expression	33	0.071	0.4	0.206	0.098	0.211	0.084	0.015	0.03	not_skewed
GTEX-14BIN	brain-2	allelic_expression	24	0.003	0.5	0.075	0.103	0.099	0.107	0.022	0.045	not_skewed
GTEX-14DAQ	brain-2	allelic_expression	34	0.121	0.5	0.249	0.082	0.246	0.083	0.014	0.029	not_skewed
GTEX-14LLW	brain-2	allelic_expression	44	0.01	0.5	0.074	0.093	0.12	0.12	0.018	0.036	not_skewed
GTEX-14LZ3	brain-2	allelic_expression	30	0.029	0.5	0.217	0.135	0.226	0.113	0.021	0.042	not_skewed
GTEX-14PQA	brain-2	allelic_expression	31	0	0.312	0.071	0.099	0.089	0.073	0.013	0.027	not_skewed
GTEX-15DCD	brain-2	allelic_expression	55	0.022	0.352	0.207	0.107	0.199	0.077	0.01	0.021	not_skewed
GTEX-15DYW	brain-2	allelic_expression	25	0.115	0.423	0.284	0.102	0.273	0.072	0.014	0.03	skewed
GTEX-15SHU	brain-2	allelic_expression	26	0.045	0.375	0.249	0.157	0.228	0.086	0.017	0.035	not_skewed
GTEX-1CB4H	brain-2	allelic_expression	37	0	0.5	0.11	0.125	0.13	0.106	0.017	0.035	not_skewed
GTEX-1F52S	brain-2	allelic_expression	25	0	0.494	0.074	0.07	0.106	0.103	0.021	0.043	not_skewed
GTEX-1F7RK	brain-2	allelic_expression	23	0.05	0.346	0.146	0.097	0.155	0.07	0.015	0.03	not_skewed
GTEX-1H2FU	brain-2	allelic_expression	31	0	0.25	0.109	0.098	0.108	0.064	0.011	0.023	not_skewed
GTEX-1HBPH	brain-2	allelic_expression	26	0	0.312	0.064	0.072	0.079	0.071	0.014	0.029	not_skewed
GTEX-1J8EW	brain-2	allelic_expression	30	0	0.389	0.108	0.127	0.116	0.099	0.018	0.037	not_skewed
GTEX-1JMOU	brain-2	allelic_expression	24	0.06	0.5	0.245	0.178	0.258	0.127	0.026	0.054	not_skewed
GTEX-OHPN	brain-2	allelic_expression	23	0	0.5	0.109	0.127	0.127	0.114	0.024	0.049	not_skewed
GTEX-PWO3	brain-2	allelic_expression	25	0.008	0.5	0.106	0.126	0.134	0.118	0.024	0.049	not_skewed
GTEX-T2IS	brain-2	allelic_expression	29	0	0.4	0.056	0.083	0.092	0.086	0.016	0.033	not_skewed
GTEX-ZVT3	brain-2	allelic_expression	23	0	0.333	0.093	0.117	0.118	0.102	0.021	0.044	not_skewed
GTEX-ZVZQ	brain-2	allelic_expression	32	0	0.5	0.125	0.106	0.154	0.127	0.022	0.046	not_skewed
GTEX-1117F	brain-6	allelic_expression	46	0	0.5	0.167	0.099	0.186	0.1	0.015	0.03	not_skewed
GTEX-1128S	brain-6	allelic_expression	29	0.013	0.357	0.075	0.074	0.097	0.076	0.014	0.029	not_skewed
GTEX-11EMC	brain-6	allelic_expression	24	0.011	0.5	0.111	0.138	0.142	0.119	0.024	0.05	not_skewed
GTEX-11TTK	brain-6	allelic_expression	37	0	0.429	0.167	0.113	0.181	0.105	0.017	0.035	not_skewed
GTEX-12WS9	brain-6	allelic_expression	46	0.008	0.5	0.092	0.089	0.12	0.102	0.015	0.03	not_skewed
GTEX-12ZZX	brain-6	allelic_expression	40	0	0.5	0.151	0.108	0.172	0.099	0.016	0.032	not_skewed
GTEX-1313W	brain-6	allelic_expression	35	0.045	0.409	0.207	0.124	0.213	0.087	0.015	0.03	not_skewed
GTEX-131XW	brain-6	allelic_expression	28	0.167	0.5	0.361	0.093	0.36	0.089	0.017	0.035	skewed
GTEX-13JUV	brain-6	allelic_expression	50	0	0.389	0.123	0.126	0.132	0.096	0.014	0.027	not_skewed
GTEX-13O3O	brain-6	allelic_expression	38	0	0.5	0.07	0.089	0.101	0.102	0.017	0.033	not_skewed
GTEX-13PL6	brain-6	allelic_expression	21	0.012	0.3	0.083	0.081	0.107	0.079	0.017	0.036	not_skewed
GTEX-13QIC	brain-6	allelic_expression	35	0.026	0.381	0.199	0.089	0.192	0.08	0.013	0.027	not_skewed
GTEX-13QJC	brain-6	allelic_expression	23	0	0.5	0.167	0.259	0.22	0.159	0.033	0.069	not_skewed
GTEX-13S7M	brain-6	allelic_expression	31	0	0.269	0.122	0.09	0.127	0.067	0.012	0.025	not_skewed
GTEX-13SLX	brain-6	allelic_expression	36	0.009	0.5	0.139	0.137	0.164	0.113	0.019	0.038	not_skewed
GTEX-13X6K	brain-6	allelic_expression	44	0	0.357	0.071	0.094	0.101	0.089	0.013	0.027	not_skewed
GTEX-145LS	brain-6	allelic_expression	34	0	0.357	0.105	0.094	0.11	0.092	0.016	0.032	not_skewed
GTEX-14A5I	brain-6	allelic_expression	39	0	0.5	0.079	0.132	0.138	0.131	0.021	0.042	not_skewed
GTEX-14BIM	brain-6	allelic_expression	33	0.012	0.342	0.132	0.104	0.147	0.082	0.014	0.029	not_skewed
GTEX-14BIN	brain-6	allelic_expression	30	0	0.5	0.067	0.105	0.093	0.112	0.02	0.042	not_skewed
GTEX-14DAQ	brain-6	allelic_expression	35	0	0.357	0.232	0.102	0.221	0.084	0.014	0.029	not_skewed
GTEX-14LZ3	brain-6	allelic_expression	34	0.014	0.5	0.209	0.122	0.197	0.097	0.017	0.034	not_skewed
GTEX-15DCD	brain-6	allelic_expression	35	0.038	0.429	0.222	0.112	0.21	0.091	0.015	0.031	not_skewed
GTEX-15SHU	brain-6	allelic_expression	28	0	0.346	0.065	0.057	0.091	0.085	0.016	0.033	not_skewed
GTEX-15UF6	brain-6	allelic_expression	37	0	0.357	0.152	0.132	0.16	0.089	0.015	0.03	not_skewed
GTEX-17HG3	brain-6	allelic_expression	34	0.071	0.5	0.352	0.09	0.339	0.1	0.017	0.035	skewed
GTEX-17JCI	brain-6	allelic_expression	27	0	0.375	0.167	0.097	0.171	0.09	0.017	0.036	not_skewed
GTEX-183WM	brain-6	allelic_expression	33	0.007	0.395	0.093	0.072	0.115	0.085	0.015	0.03	not_skewed
GTEX-19HZE	brain-6	allelic_expression	22	0.007	0.375	0.077	0.135	0.13	0.116	0.025	0.051	not_skewed
GTEX-1CAV2	brain-6	allelic_expression	37	0.088	0.5	0.375	0.082	0.359	0.087	0.014	0.029	skewed
GTEX-1CB4H	brain-6	allelic_expression	34	0	0.5	0.075	0.088	0.112	0.104	0.018	0.036	not_skewed
GTEX-1EWIQ	brain-6	allelic_expression	34	0.027	0.5	0.17	0.1	0.176	0.101	0.017	0.035	not_skewed
GTEX-1F52S	brain-6	allelic_expression	32	0	0.5	0.07	0.042	0.092	0.098	0.017	0.035	not_skewed
GTEX-1F6RS	brain-6	allelic_expression	31	0	0.389	0.118	0.178	0.143	0.114	0.02	0.042	not_skewed
GTEX-1F7RK	brain-6	allelic_expression	23	0	0.333	0.132	0.104	0.134	0.087	0.018	0.038	not_skewed
GTEX-1F88E	brain-6	allelic_expression	29	0	0.389	0.039	0.098	0.085	0.1	0.019	0.038	not_skewed
GTEX-1GZHY	brain-6	allelic_expression	39	0	0.5	0.13	0.162	0.15	0.117	0.019	0.038	not_skewed
GTEX-1H2FU	brain-6	allelic_expression	43	0	0.344	0.103	0.098	0.111	0.081	0.012	0.025	not_skewed
GTEX-1HBPH	brain-6	allelic_expression	40	0	0.318	0.125	0.059	0.13	0.065	0.01	0.021	not_skewed
GTEX-1HBPM	brain-6	allelic_expression	32	0	0.375	0.206	0.095	0.204	0.095	0.017	0.034	not_skewed
GTEX-1I1CD	brain-6	allelic_expression	35	0.036	0.5	0.33	0.103	0.322	0.095	0.016	0.033	skewed
GTEX-1JMOU	brain-6	allelic_expression	22	0	0.426	0.198	0.132	0.201	0.112	0.024	0.049	not_skewed
GTEX-1JMQL	brain-6	allelic_expression	49	0	0.5	0.116	0.095	0.121	0.08	0.011	0.023	not_skewed
GTEX-1LKK1	brain-6	allelic_expression	43	0.056	0.5	0.2	0.134	0.217	0.112	0.017	0.035	not_skewed
GTEX-1NV5F	brain-6	allelic_expression	18	0.016	0.5	0.173	0.094	0.178	0.108	0.025	0.054	not_skewed
GTEX-1OJC4	brain-6	allelic_expression	42	0	0.5	0.071	0.085	0.1	0.104	0.016	0.033	not_skewed
GTEX-1R46S	brain-6	allelic_expression	22	0.062	0.5	0.317	0.141	0.296	0.126	0.027	0.056	skewed
GTEX-1R9PO	brain-6	allelic_expression	41	0	0.256	0.064	0.073	0.076	0.068	0.011	0.022	not_skewed
GTEX-OHPN	brain-6	allelic_expression	31	0	0.25	0.056	0.065	0.074	0.065	0.012	0.024	not_skewed
GTEX-PWO3	brain-6	allelic_expression	24	0	0.5	0.152	0.074	0.174	0.12	0.024	0.05	not_skewed
GTEX-T2IS	brain-6	allelic_expression	35	0	0.357	0.088	0.136	0.103	0.1	0.017	0.035	not_skewed
GTEX-ZAJG	brain-6	allelic_expression	47	0	0.429	0.089	0.111	0.123	0.103	0.015	0.03	not_skewed
GTEX-ZAK1	brain-6	allelic_expression	34	0	0.5	0.09	0.119	0.114	0.107	0.018	0.037	not_skewed
GTEX-ZE7O	brain-6	allelic_expression	30	0.033	0.433	0.15	0.075	0.169	0.102	0.019	0.038	not_skewed
GTEX-ZVT3	brain-6	allelic_expression	32	0.025	0.5	0.113	0.075	0.125	0.085	0.015	0.031	not_skewed
GTEX-ZYY3	brain-6	allelic_expression	37	0.118	0.5	0.389	0.088	0.372	0.092	0.015	0.031	skewed
GTEX-11EMC	brain-13	allelic_expression	15	0.016	0.5	0.167	0.208	0.218	0.145	0.038	0.08	not_skewed
GTEX-11UD1	brain-13	allelic_expression	41	0	0.5	0.192	0.106	0.194	0.104	0.016	0.033	not_skewed
GTEX-11ZTS	brain-13	allelic_expression	26	0	0.495	0.091	0.149	0.141	0.119	0.023	0.048	not_skewed
GTEX-12WS9	brain-13	allelic_expression	28	0	0.5	0.12	0.129	0.151	0.111	0.021	0.043	not_skewed
GTEX-12ZZX	brain-13	allelic_expression	38	0	0.357	0.071	0.116	0.088	0.083	0.013	0.027	not_skewed
GTEX-1313W	brain-13	allelic_expression	37	0.038	0.5	0.227	0.117	0.225	0.102	0.017	0.034	not_skewed
GTEX-13O3O	brain-13	allelic_expression	41	0	0.5	0.17	0.114	0.165	0.113	0.018	0.036	not_skewed
GTEX-13QJC	brain-13	allelic_expression	31	0	0.5	0.056	0.079	0.089	0.102	0.018	0.037	not_skewed
GTEX-13SLX	brain-13	allelic_expression	47	0	0.5	0.158	0.133	0.165	0.107	0.016	0.031	not_skewed
GTEX-13X6K	brain-13	allelic_expression	41	0	0.206	0.07	0.09	0.079	0.065	0.01	0.02	not_skewed
GTEX-145LS	brain-13	allelic_expression	40	0	0.25	0.071	0.102	0.088	0.065	0.01	0.021	not_skewed
GTEX-14BIM	brain-13	allelic_expression	25	0.088	0.5	0.258	0.073	0.261	0.089	0.018	0.037	skewed
GTEX-14BIN	brain-13	allelic_expression	21	0	0.5	0.034	0.079	0.075	0.112	0.025	0.051	not_skewed
GTEX-15DCD	brain-13	allelic_expression	43	0.045	0.5	0.229	0.102	0.242	0.104	0.016	0.032	not_skewed
GTEX-15DYW	brain-13	allelic_expression	28	0	0.389	0.224	0.098	0.215	0.093	0.018	0.036	not_skewed
GTEX-17HG3	brain-13	allelic_expression	23	0.016	0.5	0.188	0.116	0.222	0.136	0.028	0.059	not_skewed
GTEX-1I1CD	brain-13	allelic_expression	23	0.091	0.5	0.198	0.145	0.25	0.127	0.026	0.055	not_skewed
GTEX-1IKOH	brain-13	allelic_expression	19	0.204	0.5	0.379	0.157	0.351	0.093	0.021	0.045	skewed
GTEX-1LH75	brain-13	allelic_expression	33	0.071	0.5	0.318	0.089	0.301	0.095	0.017	0.034	skewed
GTEX-OHPN	brain-13	allelic_expression	23	0.023	0.375	0.088	0.135	0.128	0.1	0.021	0.043	not_skewed
GTEX-PWO3	brain-13	allelic_expression	12	0	0.5	0.094	0.086	0.122	0.133	0.038	0.084	not_skewed
GTEX-T2IS	brain-13	allelic_expression	34	0	0.375	0.139	0.146	0.146	0.102	0.017	0.036	not_skewed
GTEX-ZV68	brain-13	allelic_expression	25	0	0.375	0.114	0.146	0.141	0.109	0.022	0.045	not_skewed
GTEX-1122O	esophagus-1	allelic_expression	40	0.017	0.5	0.182	0.075	0.189	0.105	0.017	0.034	not_skewed
GTEX-113JC	esophagus-1	allelic_expression	42	0	0.5	0.154	0.124	0.168	0.121	0.019	0.038	not_skewed
GTEX-11DXX	esophagus-1	allelic_expression	46	0.003	0.498	0.071	0.122	0.111	0.112	0.016	0.033	not_skewed
GTEX-11EM3	esophagus-1	allelic_expression	47	0	0.5	0.086	0.107	0.117	0.111	0.016	0.032	not_skewed
GTEX-11I78	esophagus-1	allelic_expression	45	0	0.389	0.125	0.158	0.143	0.105	0.016	0.032	not_skewed
GTEX-11P81	esophagus-1	allelic_expression	44	0.038	0.5	0.287	0.139	0.271	0.108	0.016	0.033	skewed
GTEX-11VI4	esophagus-1	allelic_expression	42	0	0.5	0.174	0.11	0.178	0.109	0.017	0.034	not_skewed
GTEX-11XUK	esophagus-1	allelic_expression	56	0.06	0.5	0.316	0.112	0.318	0.09	0.012	0.024	skewed
GTEX-11ZTS	esophagus-1	allelic_expression	31	0	0.5	0.1	0.103	0.131	0.125	0.022	0.046	not_skewed
GTEX-1211K	esophagus-1	allelic_expression	39	0	0.239	0.084	0.087	0.09	0.063	0.01	0.021	not_skewed
GTEX-12WSJ	esophagus-1	allelic_expression	30	0	0.357	0.056	0.067	0.071	0.068	0.012	0.025	not_skewed
GTEX-12WSK	esophagus-1	allelic_expression	45	0	0.498	0.103	0.146	0.132	0.108	0.016	0.033	not_skewed
GTEX-13113	esophagus-1	allelic_expression	39	0	0.4	0.208	0.087	0.207	0.086	0.014	0.028	not_skewed
GTEX-131XG	esophagus-1	allelic_expression	36	0	0.5	0.163	0.139	0.159	0.105	0.017	0.035	not_skewed
GTEX-132AR	esophagus-1	allelic_expression	32	0	0.5	0.141	0.128	0.148	0.114	0.02	0.041	not_skewed
GTEX-1399S	esophagus-1	allelic_expression	47	0	0.433	0.098	0.113	0.118	0.09	0.013	0.027	not_skewed
GTEX-1399U	esophagus-1	allelic_expression	39	0	0.269	0.098	0.091	0.107	0.068	0.011	0.022	not_skewed
GTEX-13CF3	esophagus-1	allelic_expression	37	0.071	0.333	0.176	0.103	0.186	0.075	0.012	0.025	not_skewed
GTEX-13D11	esophagus-1	allelic_expression	49	0	0.357	0.065	0.103	0.082	0.078	0.011	0.022	not_skewed
GTEX-13FH7	esophagus-1	allelic_expression	42	0	0.357	0.054	0.083	0.082	0.082	0.013	0.026	not_skewed
GTEX-13PL7	esophagus-1	allelic_expression	38	0	0.357	0.042	0.083	0.082	0.088	0.014	0.029	not_skewed
GTEX-13PVR	esophagus-1	allelic_expression	42	0	0.361	0.157	0.158	0.149	0.098	0.015	0.03	not_skewed
GTEX-13QBU	esophagus-1	allelic_expression	46	0	0.495	0.084	0.09	0.106	0.095	0.014	0.028	not_skewed
GTEX-13QIC	esophagus-1	allelic_expression	46	0	0.333	0.083	0.11	0.117	0.084	0.012	0.025	not_skewed
GTEX-13U4I	esophagus-1	allelic_expression	37	0	0.5	0.045	0.057	0.084	0.104	0.017	0.035	not_skewed
GTEX-13VXT	esophagus-1	allelic_expression	61	0	0.5	0.17	0.114	0.17	0.093	0.012	0.024	not_skewed
GTEX-13W3W	esophagus-1	allelic_expression	48	0	0.329	0.141	0.122	0.143	0.09	0.013	0.026	not_skewed
GTEX-13X6H	esophagus-1	allelic_expression	42	0	0.357	0.116	0.147	0.124	0.094	0.015	0.029	not_skewed
GTEX-145LS	esophagus-1	allelic_expression	39	0	0.367	0.06	0.071	0.087	0.081	0.013	0.026	not_skewed
GTEX-146FH	esophagus-1	allelic_expression	45	0.009	0.5	0.106	0.133	0.126	0.114	0.017	0.034	not_skewed
GTEX-148VI	esophagus-1	allelic_expression	43	0.026	0.5	0.227	0.173	0.23	0.12	0.018	0.037	not_skewed
GTEX-14AS3	esophagus-1	allelic_expression	31	0	0.288	0.097	0.099	0.12	0.079	0.014	0.029	not_skewed
GTEX-14BMU	esophagus-1	allelic_expression	39	0	0.5	0.108	0.088	0.126	0.094	0.015	0.031	not_skewed
GTEX-14DAQ	esophagus-1	allelic_expression	38	0.056	0.5	0.291	0.102	0.281	0.094	0.015	0.031	skewed
GTEX-14JG6	esophagus-1	allelic_expression	45	0	0.375	0.06	0.092	0.091	0.092	0.014	0.028	not_skewed
GTEX-14PHW	esophagus-1	allelic_expression	42	0	0.5	0.27	0.113	0.264	0.111	0.017	0.035	skewed
GTEX-14PJ5	esophagus-1	allelic_expression	33	0.056	0.5	0.24	0.157	0.25	0.108	0.019	0.038	not_skewed
GTEX-14PK6	esophagus-1	allelic_expression	32	0	0.339	0.083	0.102	0.115	0.086	0.015	0.031	not_skewed
GTEX-14PKU	esophagus-1	allelic_expression	40	0	0.357	0.071	0.08	0.086	0.079	0.012	0.025	not_skewed
GTEX-14PN3	esophagus-1	allelic_expression	37	0	0.286	0.061	0.075	0.089	0.08	0.013	0.027	not_skewed
GTEX-14XAO	esophagus-1	allelic_expression	32	0	0.5	0.174	0.139	0.171	0.115	0.02	0.042	not_skewed
GTEX-15CHC	esophagus-1	allelic_expression	48	0.008	0.5	0.267	0.162	0.255	0.11	0.016	0.032	skewed
GTEX-15DYW	esophagus-1	allelic_expression	35	0.1	0.5	0.292	0.075	0.289	0.082	0.014	0.028	skewed
GTEX-15FZZ	esophagus-1	allelic_expression	49	0.056	0.5	0.18	0.135	0.203	0.103	0.015	0.03	not_skewed
GTEX-15SB6	esophagus-1	allelic_expression	46	0.056	0.417	0.257	0.081	0.251	0.073	0.011	0.022	skewed
GTEX-15SHU	esophagus-1	allelic_expression	35	0	0.357	0.056	0.11	0.094	0.081	0.014	0.028	not_skewed
GTEX-15UF6	esophagus-1	allelic_expression	39	0	0.375	0.083	0.078	0.104	0.087	0.014	0.028	not_skewed
GTEX-16A39	esophagus-1	allelic_expression	38	0	0.5	0.065	0.102	0.105	0.113	0.018	0.037	not_skewed
GTEX-16MT8	esophagus-1	allelic_expression	38	0.043	0.5	0.135	0.16	0.178	0.134	0.022	0.044	not_skewed
GTEX-16NGA	esophagus-1	allelic_expression	68	0.071	0.5	0.26	0.12	0.27	0.104	0.013	0.025	skewed
GTEX-17F98	esophagus-1	allelic_expression	33	0	0.281	0.092	0.117	0.107	0.074	0.013	0.026	not_skewed
GTEX-17JCI	esophagus-1	allelic_expression	27	0	0.357	0.068	0.1	0.096	0.098	0.019	0.039	not_skewed
GTEX-18A7A	esophagus-1	allelic_expression	38	0.019	0.5	0.133	0.075	0.136	0.083	0.013	0.027	not_skewed
GTEX-18D9A	esophagus-1	allelic_expression	46	0	0.3	0.06	0.081	0.075	0.065	0.01	0.019	not_skewed
GTEX-1A32A	esophagus-1	allelic_expression	40	0	0.4	0.154	0.073	0.162	0.089	0.014	0.029	not_skewed
GTEX-1AMFI	esophagus-1	allelic_expression	46	0.038	0.409	0.214	0.095	0.205	0.084	0.012	0.025	not_skewed
GTEX-1B932	esophagus-1	allelic_expression	41	0	0.5	0.079	0.098	0.104	0.111	0.017	0.035	not_skewed
GTEX-1B97J	esophagus-1	allelic_expression	37	0.011	0.5	0.083	0.105	0.116	0.107	0.018	0.036	not_skewed
GTEX-1C475	esophagus-1	allelic_expression	38	0	0.429	0.238	0.11	0.241	0.097	0.016	0.032	not_skewed
GTEX-1CAMS	esophagus-1	allelic_expression	33	0	0.5	0.214	0.157	0.231	0.124	0.022	0.044	not_skewed
GTEX-1F5PL	esophagus-1	allelic_expression	52	0	0.5	0.118	0.11	0.138	0.093	0.013	0.026	not_skewed
GTEX-1F88F	esophagus-1	allelic_expression	31	0.023	0.333	0.2	0.1	0.191	0.078	0.014	0.028	not_skewed
GTEX-1GF9U	esophagus-1	allelic_expression	44	0.022	0.5	0.167	0.124	0.179	0.124	0.019	0.038	not_skewed
GTEX-1GN1W	esophagus-1	allelic_expression	47	0	0.5	0.09	0.1	0.113	0.102	0.015	0.03	not_skewed
GTEX-1GZHY	esophagus-1	allelic_expression	37	0.047	0.417	0.177	0.097	0.191	0.1	0.016	0.033	not_skewed
GTEX-1HBPH	esophagus-1	allelic_expression	41	0	0.318	0.065	0.097	0.09	0.076	0.012	0.024	not_skewed
GTEX-1HC8U	esophagus-1	allelic_expression	67	0.019	0.4	0.179	0.12	0.179	0.092	0.011	0.022	not_skewed
GTEX-1HCU8	esophagus-1	allelic_expression	48	0	0.5	0.077	0.127	0.114	0.108	0.016	0.031	not_skewed
GTEX-1HCUA	esophagus-1	allelic_expression	59	0	0.5	0.056	0.117	0.084	0.09	0.012	0.023	not_skewed
GTEX-1HFI7	esophagus-1	allelic_expression	43	0	0.5	0.162	0.185	0.197	0.125	0.019	0.038	not_skewed
GTEX-1HSGN	esophagus-1	allelic_expression	70	0	0.5	0.125	0.121	0.146	0.099	0.012	0.024	not_skewed
GTEX-1I1GT	esophagus-1	allelic_expression	36	0.009	0.382	0.121	0.096	0.123	0.073	0.012	0.025	not_skewed
GTEX-1I4MK	esophagus-1	allelic_expression	59	0.109	0.5	0.306	0.086	0.315	0.082	0.011	0.021	skewed
GTEX-1ICG6	esophagus-1	allelic_expression	43	0	0.311	0.136	0.123	0.151	0.073	0.011	0.022	not_skewed
GTEX-1IDJE	esophagus-1	allelic_expression	52	0	0.5	0.157	0.119	0.17	0.112	0.015	0.031	not_skewed
GTEX-1IDJU	esophagus-1	allelic_expression	47	0.083	0.5	0.214	0.076	0.23	0.085	0.012	0.025	not_skewed
GTEX-1IKOE	esophagus-1	allelic_expression	62	0	0.5	0.217	0.111	0.222	0.103	0.013	0.026	not_skewed
GTEX-1IKOH	esophagus-1	allelic_expression	40	0	0.5	0.266	0.108	0.273	0.109	0.017	0.035	skewed
GTEX-1J8QM	esophagus-1	allelic_expression	52	0.052	0.5	0.235	0.093	0.233	0.085	0.012	0.024	not_skewed
GTEX-1JN1M	esophagus-1	allelic_expression	45	0.012	0.5	0.25	0.135	0.256	0.111	0.017	0.033	skewed
GTEX-1LGOU	esophagus-1	allelic_expression	49	0	0.5	0.082	0.088	0.098	0.085	0.012	0.024	not_skewed
GTEX-1LH75	esophagus-1	allelic_expression	39	0.071	0.5	0.18	0.103	0.204	0.1	0.016	0.033	not_skewed
GTEX-1LVAN	esophagus-1	allelic_expression	37	0	0.375	0.182	0.085	0.18	0.079	0.013	0.026	not_skewed
GTEX-1MA7W	esophagus-1	allelic_expression	44	0	0.357	0.145	0.103	0.153	0.079	0.012	0.024	not_skewed
GTEX-1PIEJ	esophagus-1	allelic_expression	41	0	0.4	0.092	0.099	0.11	0.098	0.015	0.031	not_skewed
GTEX-1QCLZ	esophagus-1	allelic_expression	40	0	0.375	0.056	0.107	0.086	0.096	0.015	0.031	not_skewed
GTEX-1QP28	esophagus-1	allelic_expression	57	0	0.5	0.13	0.124	0.143	0.098	0.013	0.026	not_skewed
GTEX-1QPFJ	esophagus-1	allelic_expression	54	0	0.5	0.201	0.102	0.217	0.096	0.013	0.026	not_skewed
GTEX-1S82P	esophagus-1	allelic_expression	50	0	0.5	0.168	0.076	0.183	0.101	0.014	0.029	not_skewed
GTEX-WXYG	esophagus-1	allelic_expression	54	0	0.5	0.096	0.097	0.128	0.106	0.014	0.029	not_skewed
GTEX-WYBS	esophagus-1	allelic_expression	31	0	0.423	0.088	0.099	0.119	0.095	0.017	0.035	not_skewed
GTEX-X8HC	esophagus-1	allelic_expression	32	0.012	0.5	0.116	0.116	0.15	0.117	0.021	0.042	not_skewed
GTEX-XUJ4	esophagus-1	allelic_expression	30	0.167	0.5	0.362	0.115	0.357	0.084	0.015	0.031	skewed
GTEX-XUW1	esophagus-1	allelic_expression	34	0.025	0.4	0.152	0.155	0.172	0.102	0.017	0.036	not_skewed
GTEX-XUZC	esophagus-1	allelic_expression	38	0.026	0.5	0.214	0.136	0.209	0.108	0.018	0.036	not_skewed
GTEX-XV7Q	esophagus-1	allelic_expression	52	0.045	0.5	0.265	0.124	0.261	0.111	0.015	0.031	skewed
GTEX-XYKS	esophagus-1	allelic_expression	42	0	0.375	0.06	0.083	0.082	0.08	0.012	0.025	not_skewed
GTEX-Y3IK	esophagus-1	allelic_expression	53	0	0.5	0.109	0.085	0.135	0.104	0.014	0.029	not_skewed
GTEX-Y5LM	esophagus-1	allelic_expression	23	0	0.35	0.122	0.088	0.122	0.086	0.018	0.037	not_skewed
GTEX-Y5V5	esophagus-1	allelic_expression	34	0.008	0.5	0.114	0.124	0.132	0.099	0.017	0.035	not_skewed
GTEX-Y8LW	esophagus-1	allelic_expression	29	0	0.333	0.109	0.1	0.131	0.093	0.017	0.035	not_skewed
GTEX-YB5K	esophagus-1	allelic_expression	37	0.02	0.5	0.225	0.12	0.221	0.097	0.016	0.032	not_skewed
GTEX-YJ8O	esophagus-1	allelic_expression	44	0	0.423	0.214	0.096	0.21	0.093	0.014	0.028	not_skewed
GTEX-ZAK1	esophagus-1	allelic_expression	32	0.015	0.457	0.097	0.123	0.13	0.09	0.016	0.033	not_skewed
GTEX-ZF29	esophagus-1	allelic_expression	42	0	0.5	0.092	0.089	0.115	0.106	0.016	0.033	not_skewed
GTEX-ZF2S	esophagus-1	allelic_expression	35	0	0.289	0.124	0.12	0.13	0.082	0.014	0.028	not_skewed
GTEX-ZGAY	esophagus-1	allelic_expression	34	0	0.375	0.17	0.071	0.179	0.08	0.014	0.028	not_skewed
GTEX-ZLWG	esophagus-1	allelic_expression	54	0	0.5	0.135	0.132	0.142	0.111	0.015	0.03	not_skewed
GTEX-ZP4G	esophagus-1	allelic_expression	50	0	0.498	0.103	0.103	0.131	0.11	0.015	0.031	not_skewed
GTEX-ZPCL	esophagus-1	allelic_expression	37	0.033	0.452	0.22	0.101	0.229	0.102	0.017	0.034	not_skewed
GTEX-ZV6S	esophagus-1	allelic_expression	36	0	0.357	0.075	0.105	0.09	0.076	0.013	0.026	not_skewed
GTEX-ZVT2	esophagus-1	allelic_expression	32	0.016	0.474	0.282	0.138	0.261	0.113	0.02	0.041	skewed
GTEX-ZYFG	esophagus-1	allelic_expression	47	0	0.389	0.189	0.107	0.183	0.082	0.012	0.024	not_skewed
GTEX-ZYVF	esophagus-1	allelic_expression	35	0.071	0.5	0.406	0.069	0.39	0.09	0.015	0.031	skewed
GTEX-ZYWO	esophagus-1	allelic_expression	53	0	0.357	0.048	0.058	0.069	0.068	0.009	0.019	not_skewed
GTEX-1122O	colon-1	allelic_expression	44	0	0.5	0.11	0.09	0.137	0.118	0.018	0.036	not_skewed
GTEX-11DXX	colon-1	allelic_expression	45	0	0.5	0.062	0.087	0.094	0.1	0.015	0.03	not_skewed
GTEX-11EM3	colon-1	allelic_expression	45	0.042	0.5	0.167	0.099	0.179	0.104	0.015	0.031	not_skewed
GTEX-11EMC	colon-1	allelic_expression	32	0.012	0.5	0.103	0.091	0.147	0.12	0.021	0.043	not_skewed
GTEX-11I78	colon-1	allelic_expression	48	0.016	0.389	0.12	0.122	0.137	0.082	0.012	0.024	not_skewed
GTEX-11P81	colon-1	allelic_expression	47	0.042	0.5	0.327	0.091	0.323	0.088	0.013	0.026	skewed
GTEX-11VI4	colon-1	allelic_expression	39	0.01	0.395	0.117	0.118	0.13	0.099	0.016	0.032	not_skewed
GTEX-11ZTS	colon-1	allelic_expression	29	0	0.5	0.093	0.155	0.131	0.133	0.025	0.051	not_skewed
GTEX-11ZTT	colon-1	allelic_expression	47	0	0.3	0.062	0.075	0.083	0.069	0.01	0.02	not_skewed
GTEX-1211K	colon-1	allelic_expression	43	0	0.375	0.158	0.137	0.168	0.104	0.016	0.032	not_skewed
GTEX-12WSG	colon-1	allelic_expression	35	0.033	0.5	0.208	0.08	0.208	0.086	0.015	0.03	not_skewed
GTEX-12WSJ	colon-1	allelic_expression	33	0	0.278	0.106	0.106	0.116	0.076	0.013	0.027	not_skewed
GTEX-12ZZX	colon-1	allelic_expression	43	0	0.3	0.076	0.074	0.093	0.066	0.01	0.02	not_skewed
GTEX-13113	colon-1	allelic_expression	40	0	0.375	0.131	0.166	0.146	0.096	0.015	0.031	not_skewed
GTEX-131XG	colon-1	allelic_expression	40	0	0.5	0.069	0.076	0.1	0.101	0.016	0.032	not_skewed
GTEX-132AR	colon-1	allelic_expression	43	0.029	0.417	0.178	0.111	0.187	0.091	0.014	0.028	not_skewed
GTEX-1399U	colon-1	allelic_expression	33	0.036	0.288	0.18	0.135	0.158	0.071	0.012	0.025	not_skewed
GTEX-139D8	colon-1	allelic_expression	40	0	0.5	0.229	0.136	0.238	0.122	0.019	0.039	not_skewed
GTEX-13CF3	colon-1	allelic_expression	34	0	0.447	0.167	0.129	0.172	0.111	0.019	0.039	not_skewed
GTEX-13D11	colon-1	allelic_expression	44	0	0.318	0.092	0.104	0.101	0.074	0.011	0.023	not_skewed
GTEX-13FH7	colon-1	allelic_expression	37	0.036	0.389	0.125	0.079	0.134	0.078	0.013	0.026	not_skewed
GTEX-13OVI	colon-1	allelic_expression	61	0	0.5	0.048	0.084	0.073	0.084	0.011	0.022	not_skewed
GTEX-13PL7	colon-1	allelic_expression	33	0	0.214	0.07	0.051	0.071	0.055	0.01	0.02	not_skewed
GTEX-13PVR	colon-1	allelic_expression	39	0	0.326	0.144	0.149	0.147	0.091	0.015	0.029	not_skewed
GTEX-13QBU	colon-1	allelic_expression	42	0.014	0.5	0.133	0.126	0.143	0.093	0.014	0.029	not_skewed
GTEX-13U4I	colon-1	allelic_expression	35	0	0.5	0.055	0.089	0.074	0.094	0.016	0.032	not_skewed
GTEX-13VXT	colon-1	allelic_expression	58	0	0.389	0.133	0.11	0.134	0.083	0.011	0.022	not_skewed
GTEX-13W3W	colon-1	allelic_expression	44	0.005	0.5	0.131	0.141	0.158	0.113	0.017	0.034	not_skewed
GTEX-13X6K	colon-1	allelic_expression	45	0	0.278	0.071	0.087	0.092	0.073	0.011	0.022	not_skewed
GTEX-145LS	colon-1	allelic_expression	39	0	0.375	0.091	0.087	0.114	0.102	0.016	0.033	not_skewed
GTEX-146FH	colon-1	allelic_expression	44	0.014	0.5	0.25	0.147	0.251	0.118	0.018	0.036	skewed
GTEX-14A5I	colon-1	allelic_expression	42	0	0.5	0.126	0.164	0.163	0.122	0.019	0.038	not_skewed
GTEX-14AS3	colon-1	allelic_expression	34	0	0.25	0.067	0.04	0.08	0.06	0.01	0.021	not_skewed
GTEX-14BIN	colon-1	allelic_expression	31	0	0.5	0.059	0.091	0.103	0.117	0.021	0.043	not_skewed
GTEX-14BMU	colon-1	allelic_expression	44	0	0.5	0.104	0.143	0.124	0.104	0.016	0.032	not_skewed
GTEX-14DAQ	colon-1	allelic_expression	37	0.031	0.5	0.235	0.126	0.241	0.105	0.017	0.035	not_skewed
GTEX-14JG6	colon-1	allelic_expression	46	0	0.375	0.062	0.085	0.074	0.067	0.01	0.02	not_skewed
GTEX-14PK6	colon-1	allelic_expression	40	0	0.375	0.075	0.082	0.09	0.077	0.012	0.025	not_skewed
GTEX-14PKV	colon-1	allelic_expression	29	0	0.278	0.098	0.105	0.105	0.079	0.015	0.03	not_skewed
GTEX-14PN3	colon-1	allelic_expression	33	0	0.292	0.104	0.088	0.119	0.07	0.012	0.025	not_skewed
GTEX-15DCZ	colon-1	allelic_expression	28	0	0.496	0.134	0.102	0.159	0.112	0.021	0.043	not_skewed
GTEX-15DYW	colon-1	allelic_expression	31	0.1	0.458	0.291	0.098	0.298	0.078	0.014	0.029	skewed
GTEX-15DZA	colon-1	allelic_expression	37	0.01	0.318	0.095	0.093	0.106	0.073	0.012	0.024	not_skewed
GTEX-15ETS	colon-1	allelic_expression	31	0.006	0.499	0.099	0.087	0.13	0.115	0.021	0.042	not_skewed
GTEX-15FZZ	colon-1	allelic_expression	44	0	0.5	0.125	0.117	0.148	0.125	0.019	0.038	not_skewed
GTEX-15UF6	colon-1	allelic_expression	41	0	0.3	0.062	0.076	0.082	0.075	0.012	0.024	not_skewed
GTEX-16BQI	colon-1	allelic_expression	49	0.056	0.5	0.258	0.079	0.252	0.092	0.013	0.026	skewed
GTEX-16NGA	colon-1	allelic_expression	71	0.125	0.5	0.333	0.111	0.343	0.086	0.01	0.02	skewed
GTEX-17F9Y	colon-1	allelic_expression	38	0	0.5	0.1	0.096	0.125	0.102	0.016	0.033	not_skewed
GTEX-17HG3	colon-1	allelic_expression	41	0	0.5	0.2	0.136	0.21	0.11	0.017	0.035	not_skewed
GTEX-17JCI	colon-1	allelic_expression	26	0.042	0.346	0.193	0.066	0.18	0.073	0.014	0.029	not_skewed
GTEX-183WM	colon-1	allelic_expression	33	0.038	0.5	0.136	0.077	0.165	0.109	0.019	0.039	not_skewed
GTEX-18D9A	colon-1	allelic_expression	44	0	0.318	0.071	0.077	0.088	0.076	0.011	0.023	not_skewed
GTEX-1A32A	colon-1	allelic_expression	41	0.028	0.5	0.16	0.082	0.177	0.096	0.015	0.03	not_skewed
GTEX-1A3MW	colon-1	allelic_expression	33	0.003	0.5	0.088	0.102	0.129	0.127	0.022	0.045	not_skewed
GTEX-1AMEY	colon-1	allelic_expression	35	0	0.375	0.153	0.161	0.16	0.1	0.017	0.034	not_skewed
GTEX-1AMFI	colon-1	allelic_expression	48	0	0.364	0.063	0.087	0.09	0.082	0.012	0.024	not_skewed
GTEX-1B932	colon-1	allelic_expression	39	0	0.278	0.111	0.169	0.111	0.085	0.014	0.028	not_skewed
GTEX-1C475	colon-1	allelic_expression	40	0.045	0.5	0.289	0.089	0.289	0.094	0.015	0.03	skewed
GTEX-1CAMS	colon-1	allelic_expression	36	0.042	0.5	0.229	0.099	0.236	0.093	0.015	0.031	not_skewed
GTEX-1F5PL	colon-1	allelic_expression	45	0	0.5	0.075	0.092	0.102	0.1	0.015	0.03	not_skewed
GTEX-1GF9X	colon-1	allelic_expression	40	0.024	0.5	0.268	0.114	0.263	0.112	0.018	0.036	skewed
GTEX-1GZ4H	colon-1	allelic_expression	66	0	0.5	0.069	0.098	0.092	0.094	0.012	0.023	not_skewed
GTEX-1HBPH	colon-1	allelic_expression	37	0	0.312	0.045	0.093	0.076	0.081	0.013	0.027	not_skewed
GTEX-1HBPM	colon-1	allelic_expression	38	0	0.346	0.128	0.08	0.134	0.069	0.011	0.023	not_skewed
GTEX-1HCUA	colon-1	allelic_expression	55	0	0.5	0.067	0.088	0.09	0.09	0.012	0.024	not_skewed
GTEX-1HFI7	colon-1	allelic_expression	35	0.167	0.5	0.273	0.07	0.279	0.066	0.011	0.023	skewed
GTEX-1HSGN	colon-1	allelic_expression	69	0.045	0.5	0.286	0.102	0.285	0.102	0.012	0.025	skewed
GTEX-1I1CD	colon-1	allelic_expression	36	0	0.5	0.164	0.119	0.187	0.114	0.019	0.039	not_skewed
GTEX-1I1GT	colon-1	allelic_expression	35	0.02	0.257	0.144	0.108	0.133	0.067	0.011	0.023	not_skewed
GTEX-1ICG6	colon-1	allelic_expression	41	0	0.4	0.129	0.124	0.137	0.09	0.014	0.029	not_skewed
GTEX-1IDJI	colon-1	allelic_expression	71	0	0.375	0.115	0.079	0.122	0.079	0.009	0.019	not_skewed
GTEX-1IDJU	colon-1	allelic_expression	55	0	0.5	0.056	0.1	0.091	0.092	0.012	0.025	not_skewed
GTEX-1IKOE	colon-1	allelic_expression	65	0	0.5	0.264	0.124	0.251	0.109	0.014	0.027	skewed
GTEX-1J8EW	colon-1	allelic_expression	40	0	0.375	0.1	0.081	0.115	0.073	0.012	0.023	not_skewed
GTEX-1J8JJ	colon-1	allelic_expression	25	0.048	0.5	0.195	0.124	0.214	0.12	0.024	0.049	not_skewed
GTEX-1J8QM	colon-1	allelic_expression	52	0	0.5	0.149	0.087	0.161	0.096	0.013	0.027	not_skewed
GTEX-1JN76	colon-1	allelic_expression	36	0	0.3	0.053	0.087	0.076	0.072	0.012	0.024	not_skewed
GTEX-1K9T9	colon-1	allelic_expression	37	0	0.441	0.106	0.071	0.115	0.093	0.015	0.031	not_skewed
GTEX-1LGOU	colon-1	allelic_expression	48	0	0.5	0.099	0.111	0.12	0.101	0.015	0.029	not_skewed
GTEX-1LKK1	colon-1	allelic_expression	49	0	0.423	0.167	0.118	0.175	0.099	0.014	0.029	not_skewed
GTEX-1LVAM	colon-1	allelic_expression	51	0.005	0.339	0.074	0.091	0.087	0.071	0.01	0.02	not_skewed
GTEX-1LVAN	colon-1	allelic_expression	32	0.036	0.333	0.143	0.072	0.156	0.066	0.012	0.024	not_skewed
GTEX-1MA7W	colon-1	allelic_expression	41	0	0.438	0.091	0.121	0.119	0.103	0.016	0.032	not_skewed
GTEX-1PBJI	colon-1	allelic_expression	38	0	0.5	0.198	0.127	0.22	0.12	0.019	0.039	not_skewed
GTEX-1PIEJ	colon-1	allelic_expression	38	0	0.286	0.116	0.118	0.126	0.076	0.012	0.025	not_skewed
GTEX-1QCLZ	colon-1	allelic_expression	44	0	0.5	0.062	0.124	0.101	0.114	0.017	0.035	not_skewed
GTEX-1QP28	colon-1	allelic_expression	50	0	0.5	0.075	0.103	0.105	0.103	0.015	0.029	not_skewed
GTEX-1QP67	colon-1	allelic_expression	46	0	0.278	0.077	0.098	0.097	0.067	0.01	0.02	not_skewed
GTEX-1QPFJ	colon-1	allelic_expression	55	0.008	0.5	0.139	0.102	0.145	0.089	0.012	0.024	not_skewed
GTEX-1R9JW	colon-1	allelic_expression	40	0	0.382	0.173	0.12	0.167	0.09	0.014	0.029	not_skewed
GTEX-1R9PO	colon-1	allelic_expression	43	0	0.375	0.057	0.108	0.084	0.081	0.012	0.025	not_skewed
GTEX-1RDX4	colon-1	allelic_expression	38	0.056	0.5	0.274	0.15	0.28	0.106	0.017	0.035	skewed
GTEX-1S82P	colon-1	allelic_expression	43	0.004	0.497	0.122	0.121	0.144	0.1	0.015	0.031	not_skewed
GTEX-WI4N	colon-1	allelic_expression	34	0	0.5	0.07	0.076	0.084	0.09	0.015	0.031	not_skewed
GTEX-WRHK	colon-1	allelic_expression	27	0.017	0.5	0.121	0.1	0.129	0.107	0.021	0.042	not_skewed
GTEX-WXYG	colon-1	allelic_expression	41	0	0.357	0.071	0.077	0.095	0.086	0.013	0.027	not_skewed
GTEX-XUJ4	colon-1	allelic_expression	34	0.056	0.5	0.338	0.132	0.327	0.109	0.019	0.038	skewed
GTEX-XUW1	colon-1	allelic_expression	27	0	0.5	0.106	0.094	0.137	0.112	0.022	0.044	not_skewed
GTEX-XUZC	colon-1	allelic_expression	42	0	0.278	0.073	0.086	0.093	0.069	0.011	0.022	not_skewed
GTEX-XV7Q	colon-1	allelic_expression	53	0.038	0.497	0.288	0.068	0.278	0.093	0.013	0.026	skewed
GTEX-Y5LM	colon-1	allelic_expression	30	0	0.5	0.234	0.127	0.247	0.118	0.021	0.044	not_skewed
GTEX-Y8LW	colon-1	allelic_expression	28	0	0.308	0.097	0.089	0.097	0.079	0.015	0.031	not_skewed
GTEX-YJ8O	colon-1	allelic_expression	46	0.029	0.5	0.214	0.128	0.233	0.101	0.015	0.03	not_skewed
GTEX-ZAJG	colon-1	allelic_expression	48	0	0.375	0.189	0.138	0.191	0.097	0.014	0.028	not_skewed
GTEX-ZC5H	colon-1	allelic_expression	37	0.026	0.333	0.169	0.141	0.17	0.084	0.014	0.028	not_skewed
GTEX-ZE7O	colon-1	allelic_expression	35	0	0.4	0.125	0.126	0.13	0.105	0.018	0.036	not_skewed
GTEX-ZF29	colon-1	allelic_expression	40	0	0.5	0.07	0.127	0.122	0.124	0.02	0.04	not_skewed
GTEX-ZF2S	colon-1	allelic_expression	32	0.025	0.5	0.128	0.115	0.144	0.092	0.016	0.033	not_skewed
GTEX-ZLV1	colon-1	allelic_expression	38	0	0.371	0.088	0.088	0.105	0.086	0.014	0.028	not_skewed
GTEX-ZLWG	colon-1	allelic_expression	52	0	0.5	0.091	0.091	0.115	0.108	0.015	0.03	not_skewed
GTEX-ZP4G	colon-1	allelic_expression	43	0	0.498	0.08	0.088	0.107	0.096	0.015	0.03	not_skewed
GTEX-ZPCL	colon-1	allelic_expression	30	0.033	0.38	0.128	0.157	0.16	0.095	0.017	0.036	not_skewed
GTEX-ZV6S	colon-1	allelic_expression	40	0	0.375	0.062	0.047	0.079	0.063	0.01	0.02	not_skewed
GTEX-ZVT2	colon-1	allelic_expression	32	0	0.45	0.264	0.145	0.238	0.109	0.019	0.039	skewed
GTEX-ZVT3	colon-1	allelic_expression	33	0	0.312	0.057	0.106	0.09	0.084	0.015	0.03	not_skewed
GTEX-ZVT4	colon-1	allelic_expression	48	0	0.5	0.081	0.107	0.107	0.093	0.013	0.027	not_skewed
GTEX-ZVZQ	colon-1	allelic_expression	24	0	0.5	0.067	0.108	0.092	0.108	0.022	0.045	not_skewed
GTEX-ZXES	colon-1	allelic_expression	37	0	0.346	0.144	0.12	0.155	0.088	0.014	0.029	not_skewed
GTEX-ZYFG	colon-1	allelic_expression	42	0.1	0.5	0.26	0.113	0.274	0.093	0.014	0.029	skewed
GTEX-ZYY3	colon-1	allelic_expression	37	0.029	0.5	0.39	0.08	0.394	0.093	0.015	0.031	skewed
GTEX-11EMC	brain-7	allelic_expression	27	0	0.5	0.127	0.113	0.152	0.129	0.025	0.051	not_skewed
GTEX-11TTK	brain-7	allelic_expression	37	0	0.5	0.171	0.125	0.198	0.115	0.019	0.038	not_skewed
GTEX-11ZTS	brain-7	allelic_expression	28	0	0.498	0.089	0.119	0.117	0.111	0.021	0.043	not_skewed
GTEX-12WS9	brain-7	allelic_expression	39	0	0.5	0.122	0.134	0.142	0.104	0.017	0.034	not_skewed
GTEX-12ZZX	brain-7	allelic_expression	45	0	0.375	0.05	0.052	0.061	0.066	0.01	0.02	not_skewed
GTEX-1313W	brain-7	allelic_expression	35	0.033	0.5	0.216	0.13	0.22	0.101	0.017	0.035	not_skewed
GTEX-131XW	brain-7	allelic_expression	14	0.227	0.5	0.388	0.046	0.386	0.078	0.021	0.045	skewed
GTEX-13JUV	brain-7	allelic_expression	52	0.033	0.5	0.136	0.126	0.158	0.093	0.013	0.026	not_skewed
GTEX-13O3O	brain-7	allelic_expression	31	0	0.278	0.141	0.112	0.133	0.076	0.014	0.028	not_skewed
GTEX-13QIC	brain-7	allelic_expression	41	0	0.417	0.091	0.091	0.102	0.077	0.012	0.024	not_skewed
GTEX-13QJC	brain-7	allelic_expression	28	0	0.494	0.153	0.145	0.165	0.118	0.022	0.046	not_skewed
GTEX-13S7M	brain-7	allelic_expression	40	0	0.357	0.071	0.09	0.079	0.069	0.011	0.022	not_skewed
GTEX-13SLX	brain-7	allelic_expression	39	0.038	0.493	0.178	0.115	0.192	0.093	0.015	0.03	not_skewed
GTEX-13X6K	brain-7	allelic_expression	48	0	0.346	0.057	0.055	0.076	0.064	0.009	0.018	not_skewed
GTEX-145LS	brain-7	allelic_expression	34	0	0.5	0.047	0.071	0.084	0.095	0.016	0.033	not_skewed
GTEX-145MI	brain-7	allelic_expression	43	0	0.5	0.3	0.104	0.29	0.106	0.016	0.033	skewed
GTEX-14BIN	brain-7	allelic_expression	23	0.07	0.5	0.139	0.068	0.165	0.09	0.019	0.039	not_skewed
GTEX-14LLW	brain-7	allelic_expression	29	0.01	0.5	0.096	0.108	0.123	0.131	0.024	0.05	not_skewed
GTEX-14LZ3	brain-7	allelic_expression	34	0.062	0.441	0.206	0.059	0.208	0.078	0.013	0.027	not_skewed
GTEX-14PQA	brain-7	allelic_expression	38	0	0.375	0.09	0.091	0.113	0.081	0.013	0.027	not_skewed
GTEX-15DCD	brain-7	allelic_expression	40	0.024	0.389	0.225	0.093	0.221	0.08	0.013	0.026	not_skewed
GTEX-15DDE	brain-7	allelic_expression	45	0	0.5	0.119	0.143	0.157	0.134	0.02	0.04	not_skewed
GTEX-15UF6	brain-7	allelic_expression	30	0	0.318	0.166	0.102	0.159	0.081	0.015	0.03	not_skewed
GTEX-16NPV	brain-7	allelic_expression	20	0	0.5	0.232	0.106	0.228	0.115	0.026	0.054	not_skewed
GTEX-17HG3	brain-7	allelic_expression	32	0.071	0.444	0.339	0.087	0.316	0.087	0.015	0.031	skewed
GTEX-17JCI	brain-7	allelic_expression	23	0.056	0.5	0.239	0.112	0.236	0.109	0.023	0.047	not_skewed
GTEX-1CB4H	brain-7	allelic_expression	38	0	0.5	0.2	0.125	0.197	0.11	0.018	0.036	not_skewed
GTEX-1F7RK	brain-7	allelic_expression	27	0.029	0.5	0.17	0.109	0.175	0.101	0.019	0.04	not_skewed
GTEX-1H1CY	brain-7	allelic_expression	45	0	0.312	0.071	0.127	0.088	0.087	0.013	0.026	not_skewed
GTEX-1HBPH	brain-7	allelic_expression	35	0	0.318	0.056	0.066	0.081	0.077	0.013	0.026	not_skewed
GTEX-1HBPM	brain-7	allelic_expression	25	0	0.25	0.045	0.063	0.07	0.067	0.013	0.028	not_skewed
GTEX-1I1CD	brain-7	allelic_expression	38	0	0.5	0.215	0.103	0.215	0.098	0.016	0.032	not_skewed
GTEX-OHPN	brain-7	allelic_expression	25	0	0.357	0.136	0.162	0.151	0.093	0.019	0.039	not_skewed
GTEX-ZE7O	brain-7	allelic_expression	31	0	0.5	0.278	0.136	0.287	0.097	0.017	0.036	skewed
GTEX-ZV68	brain-7	allelic_expression	30	0	0.5	0.289	0.107	0.294	0.117	0.021	0.044	skewed
GTEX-ZVT3	brain-7	allelic_expression	27	0.002	0.31	0.069	0.137	0.101	0.09	0.017	0.035	not_skewed
GTEX-ZVZQ	brain-7	allelic_expression	37	0.006	0.5	0.062	0.11	0.098	0.104	0.017	0.035	not_skewed
GTEX-1122O	esophagus-3	allelic_expression	42	0	0.5	0.125	0.12	0.152	0.121	0.019	0.038	not_skewed
GTEX-113JC	esophagus-3	allelic_expression	41	0	0.5	0.191	0.119	0.202	0.109	0.017	0.034	not_skewed
GTEX-11DXX	esophagus-3	allelic_expression	42	0.007	0.498	0.087	0.119	0.115	0.1	0.015	0.031	not_skewed
GTEX-11EM3	esophagus-3	allelic_expression	42	0	0.5	0.083	0.083	0.114	0.094	0.014	0.029	not_skewed
GTEX-11I78	esophagus-3	allelic_expression	43	0	0.368	0.18	0.107	0.177	0.088	0.013	0.027	not_skewed
GTEX-11P81	esophagus-3	allelic_expression	47	0.045	0.5	0.333	0.09	0.315	0.073	0.011	0.021	skewed
GTEX-11VI4	esophagus-3	allelic_expression	37	0.009	0.3	0.1	0.076	0.106	0.064	0.011	0.021	not_skewed
GTEX-11XUK	esophagus-3	allelic_expression	50	0	0.5	0.188	0.105	0.195	0.1	0.014	0.028	not_skewed
GTEX-11ZTT	esophagus-3	allelic_expression	55	0	0.433	0.182	0.122	0.179	0.095	0.013	0.026	not_skewed
GTEX-1211K	esophagus-3	allelic_expression	41	0	0.429	0.115	0.121	0.134	0.092	0.014	0.029	not_skewed
GTEX-12WSJ	esophagus-3	allelic_expression	37	0	0.357	0.083	0.075	0.091	0.072	0.012	0.024	not_skewed
GTEX-13113	esophagus-3	allelic_expression	49	0	0.389	0.159	0.072	0.16	0.073	0.01	0.021	not_skewed
GTEX-131XG	esophagus-3	allelic_expression	39	0.01	0.5	0.213	0.125	0.198	0.097	0.016	0.031	not_skewed
GTEX-132AR	esophagus-3	allelic_expression	39	0	0.409	0.182	0.11	0.183	0.091	0.015	0.03	not_skewed
GTEX-133LE	esophagus-3	allelic_expression	31	0	0.498	0.098	0.149	0.131	0.114	0.021	0.042	not_skewed
GTEX-1399S	esophagus-3	allelic_expression	46	0.056	0.5	0.279	0.13	0.281	0.113	0.017	0.033	skewed
GTEX-1399U	esophagus-3	allelic_expression	36	0	0.357	0.106	0.105	0.112	0.086	0.014	0.029	not_skewed
GTEX-139D8	esophagus-3	allelic_expression	39	0.056	0.4	0.214	0.091	0.224	0.071	0.011	0.023	not_skewed
GTEX-13CF3	esophagus-3	allelic_expression	37	0	0.447	0.25	0.097	0.248	0.094	0.015	0.031	skewed
GTEX-13D11	esophagus-3	allelic_expression	45	0	0.367	0.141	0.147	0.158	0.093	0.014	0.028	not_skewed
GTEX-13FH7	esophagus-3	allelic_expression	39	0	0.433	0.061	0.098	0.088	0.082	0.013	0.027	not_skewed
GTEX-13OVI	esophagus-3	allelic_expression	60	0	0.5	0.191	0.129	0.198	0.107	0.014	0.028	not_skewed
GTEX-13PL7	esophagus-3	allelic_expression	37	0	0.446	0.071	0.082	0.085	0.087	0.014	0.029	not_skewed
GTEX-13QBU	esophagus-3	allelic_expression	46	0	0.497	0.083	0.08	0.102	0.096	0.014	0.028	not_skewed
GTEX-13SLX	esophagus-3	allelic_expression	52	0	0.498	0.09	0.112	0.117	0.106	0.015	0.029	not_skewed
GTEX-13U4I	esophagus-3	allelic_expression	36	0	0.5	0.094	0.095	0.123	0.109	0.018	0.037	not_skewed
GTEX-13W3W	esophagus-3	allelic_expression	45	0	0.233	0.071	0.101	0.082	0.069	0.01	0.021	not_skewed
GTEX-13X6H	esophagus-3	allelic_expression	44	0.014	0.409	0.102	0.096	0.115	0.085	0.013	0.026	not_skewed
GTEX-13X6K	esophagus-3	allelic_expression	43	0	0.3	0.088	0.095	0.105	0.076	0.012	0.023	not_skewed
GTEX-146FH	esophagus-3	allelic_expression	50	0	0.5	0.217	0.158	0.218	0.129	0.018	0.037	not_skewed
GTEX-146FR	esophagus-3	allelic_expression	40	0.017	0.375	0.198	0.094	0.183	0.082	0.013	0.026	not_skewed
GTEX-148VI	esophagus-3	allelic_expression	41	0.017	0.5	0.188	0.131	0.192	0.107	0.017	0.034	not_skewed
GTEX-14AS3	esophagus-3	allelic_expression	32	0	0.357	0.068	0.073	0.091	0.083	0.015	0.03	not_skewed
GTEX-14BIM	esophagus-3	allelic_expression	36	0.045	0.5	0.179	0.134	0.208	0.111	0.018	0.037	not_skewed
GTEX-14BIN	esophagus-3	allelic_expression	34	0	0.5	0.056	0.073	0.093	0.119	0.02	0.042	not_skewed
GTEX-14BMU	esophagus-3	allelic_expression	40	0	0.5	0.071	0.121	0.112	0.115	0.018	0.037	not_skewed
GTEX-14DAQ	esophagus-3	allelic_expression	38	0	0.5	0.122	0.101	0.136	0.108	0.018	0.036	not_skewed
GTEX-14H4A	esophagus-3	allelic_expression	38	0	0.5	0.134	0.168	0.154	0.14	0.023	0.046	not_skewed
GTEX-14LZ3	esophagus-3	allelic_expression	47	0.031	0.455	0.309	0.127	0.28	0.098	0.014	0.029	skewed
GTEX-14PHY	esophagus-3	allelic_expression	53	0	0.5	0.157	0.106	0.164	0.096	0.013	0.026	not_skewed
GTEX-14PJ5	esophagus-3	allelic_expression	36	0	0.5	0.235	0.1	0.26	0.111	0.018	0.037	not_skewed
GTEX-14PJ6	esophagus-3	allelic_expression	35	0.045	0.5	0.176	0.107	0.192	0.113	0.019	0.039	not_skewed
GTEX-14PK6	esophagus-3	allelic_expression	40	0	0.214	0.072	0.089	0.087	0.062	0.01	0.02	not_skewed
GTEX-14PKU	esophagus-3	allelic_expression	29	0	0.269	0.1	0.121	0.109	0.075	0.014	0.028	not_skewed
GTEX-14PKV	esophagus-3	allelic_expression	33	0	0.318	0.074	0.114	0.1	0.083	0.014	0.029	not_skewed
GTEX-14PN3	esophagus-3	allelic_expression	36	0	0.357	0.071	0.104	0.1	0.09	0.015	0.03	not_skewed
GTEX-14XAO	esophagus-3	allelic_expression	32	0	0.5	0.074	0.128	0.105	0.109	0.019	0.039	not_skewed
GTEX-15CHC	esophagus-3	allelic_expression	41	0.071	0.5	0.273	0.122	0.287	0.098	0.015	0.031	skewed
GTEX-15DCD	esophagus-3	allelic_expression	50	0	0.5	0.102	0.15	0.142	0.108	0.015	0.031	not_skewed
GTEX-15DCZ	esophagus-3	allelic_expression	31	0	0.5	0.153	0.11	0.175	0.115	0.021	0.042	not_skewed
GTEX-15DYW	esophagus-3	allelic_expression	33	0.083	0.395	0.267	0.108	0.265	0.076	0.013	0.027	skewed
GTEX-15DZA	esophagus-3	allelic_expression	40	0	0.5	0.077	0.094	0.101	0.094	0.015	0.03	not_skewed
GTEX-15EOM	esophagus-3	allelic_expression	28	0	0.417	0.074	0.097	0.108	0.107	0.02	0.042	not_skewed
GTEX-15ETS	esophagus-3	allelic_expression	33	0.031	0.5	0.233	0.1	0.234	0.093	0.016	0.033	not_skewed
GTEX-15FZZ	esophagus-3	allelic_expression	47	0.056	0.5	0.217	0.099	0.232	0.091	0.013	0.027	not_skewed
GTEX-15SB6	esophagus-3	allelic_expression	44	0	0.318	0.098	0.098	0.125	0.077	0.012	0.023	not_skewed
GTEX-15SDE	esophagus-3	allelic_expression	59	0	0.278	0.071	0.084	0.09	0.073	0.01	0.019	not_skewed
GTEX-15SHU	esophagus-3	allelic_expression	33	0	0.375	0.11	0.095	0.13	0.094	0.016	0.033	not_skewed
GTEX-15UF6	esophagus-3	allelic_expression	45	0	0.357	0.086	0.078	0.111	0.085	0.013	0.025	not_skewed
GTEX-16BQI	esophagus-3	allelic_expression	51	0.071	0.5	0.343	0.086	0.334	0.079	0.011	0.022	skewed
GTEX-16NGA	esophagus-3	allelic_expression	70	0	0.5	0.278	0.084	0.276	0.111	0.013	0.026	skewed
GTEX-16NPV	esophagus-3	allelic_expression	23	0	0.333	0.141	0.125	0.144	0.093	0.019	0.04	not_skewed
GTEX-17F98	esophagus-3	allelic_expression	33	0	0.357	0.083	0.061	0.099	0.075	0.013	0.026	not_skewed
GTEX-17F9Y	esophagus-3	allelic_expression	41	0	0.5	0.146	0.13	0.162	0.102	0.016	0.032	not_skewed
GTEX-17JCI	esophagus-3	allelic_expression	28	0	0.375	0.172	0.11	0.162	0.083	0.016	0.032	not_skewed
GTEX-18D9A	esophagus-3	allelic_expression	43	0	0.417	0.08	0.106	0.107	0.104	0.016	0.032	not_skewed
GTEX-1A8FM	esophagus-3	allelic_expression	47	0	0.423	0.105	0.091	0.133	0.093	0.014	0.027	not_skewed
GTEX-1AMEY	esophagus-3	allelic_expression	41	0	0.357	0.1	0.105	0.131	0.098	0.015	0.031	not_skewed
GTEX-1AMFI	esophagus-3	allelic_expression	45	0	0.417	0.13	0.096	0.145	0.089	0.013	0.027	not_skewed
GTEX-1B932	esophagus-3	allelic_expression	43	0	0.214	0.045	0.081	0.063	0.052	0.008	0.016	not_skewed
GTEX-1B97J	esophagus-3	allelic_expression	38	0	0.5	0.106	0.108	0.126	0.105	0.017	0.035	not_skewed
GTEX-1C475	esophagus-3	allelic_expression	41	0.125	0.441	0.327	0.066	0.323	0.069	0.011	0.022	skewed
GTEX-1F5PL	esophagus-3	allelic_expression	40	0	0.5	0.156	0.081	0.165	0.097	0.015	0.031	not_skewed
GTEX-1GF9U	esophagus-3	allelic_expression	48	0	0.5	0.096	0.091	0.124	0.118	0.017	0.034	not_skewed
GTEX-1GF9X	esophagus-3	allelic_expression	47	0	0.423	0.11	0.111	0.125	0.102	0.015	0.03	not_skewed
GTEX-1GN1W	esophagus-3	allelic_expression	51	0	0.5	0.07	0.083	0.089	0.088	0.012	0.025	not_skewed
GTEX-1H2FU	esophagus-3	allelic_expression	44	0	0.304	0.081	0.102	0.101	0.078	0.012	0.024	not_skewed
GTEX-1HBPH	esophagus-3	allelic_expression	41	0	0.357	0.084	0.097	0.107	0.086	0.013	0.027	not_skewed
GTEX-1HBPM	esophagus-3	allelic_expression	34	0	0.367	0.184	0.148	0.174	0.098	0.017	0.034	not_skewed
GTEX-1HC8U	esophagus-3	allelic_expression	66	0	0.385	0.168	0.118	0.165	0.089	0.011	0.022	not_skewed
GTEX-1HCU8	esophagus-3	allelic_expression	37	0	0.5	0.091	0.121	0.124	0.113	0.019	0.038	not_skewed
GTEX-1HCUA	esophagus-3	allelic_expression	57	0	0.5	0.085	0.108	0.111	0.092	0.012	0.024	not_skewed
GTEX-1HFI7	esophagus-3	allelic_expression	36	0.06	0.5	0.157	0.124	0.18	0.103	0.017	0.035	not_skewed
GTEX-1HSGN	esophagus-3	allelic_expression	62	0	0.5	0.21	0.097	0.224	0.096	0.012	0.024	not_skewed
GTEX-1I1GT	esophagus-3	allelic_expression	34	0	0.45	0.167	0.162	0.182	0.127	0.022	0.044	not_skewed
GTEX-1I4MK	esophagus-3	allelic_expression	49	0.071	0.5	0.301	0.104	0.304	0.085	0.012	0.025	skewed
GTEX-1ICG6	esophagus-3	allelic_expression	45	0.045	0.5	0.211	0.097	0.218	0.082	0.012	0.025	not_skewed
GTEX-1IDJU	esophagus-3	allelic_expression	50	0	0.5	0.202	0.102	0.199	0.09	0.013	0.026	not_skewed
GTEX-1IKOE	esophagus-3	allelic_expression	65	0	0.5	0.209	0.093	0.221	0.103	0.013	0.026	not_skewed
GTEX-1J8EW	esophagus-3	allelic_expression	45	0	0.37	0.067	0.103	0.094	0.091	0.014	0.027	not_skewed
GTEX-1J8QM	esophagus-3	allelic_expression	52	0	0.385	0.061	0.096	0.092	0.078	0.011	0.022	not_skewed
GTEX-1JMQL	esophagus-3	allelic_expression	48	0	0.5	0.105	0.122	0.126	0.107	0.015	0.031	not_skewed
GTEX-1JN1M	esophagus-3	allelic_expression	48	0	0.5	0.232	0.124	0.235	0.105	0.015	0.03	not_skewed
GTEX-1LGOU	esophagus-3	allelic_expression	47	0	0.5	0.263	0.12	0.246	0.112	0.016	0.033	skewed
GTEX-1LNCM	esophagus-3	allelic_expression	38	0	0.346	0.085	0.074	0.089	0.077	0.012	0.025	not_skewed
GTEX-1MCC2	esophagus-3	allelic_expression	71	0	0.5	0.071	0.092	0.1	0.101	0.012	0.024	not_skewed
GTEX-1NUQO	esophagus-3	allelic_expression	47	0.029	0.5	0.167	0.095	0.168	0.089	0.013	0.026	not_skewed
GTEX-1PIEJ	esophagus-3	allelic_expression	54	0	0.417	0.1	0.12	0.119	0.092	0.013	0.025	not_skewed
GTEX-1QCLZ	esophagus-3	allelic_expression	45	0	0.4	0.071	0.09	0.101	0.089	0.013	0.027	not_skewed
GTEX-1QP67	esophagus-3	allelic_expression	53	0	0.357	0.071	0.128	0.111	0.096	0.013	0.026	not_skewed
GTEX-1R46S	esophagus-3	allelic_expression	30	0.071	0.5	0.318	0.161	0.329	0.099	0.018	0.037	skewed
GTEX-1R9JW	esophagus-3	allelic_expression	41	0	0.296	0.071	0.059	0.089	0.073	0.011	0.023	not_skewed
GTEX-1R9PN	esophagus-3	allelic_expression	43	0	0.4	0.1	0.11	0.128	0.089	0.014	0.027	not_skewed
GTEX-1R9PO	esophagus-3	allelic_expression	40	0	0.5	0.081	0.082	0.114	0.102	0.016	0.033	not_skewed
GTEX-1RNTQ	esophagus-3	allelic_expression	57	0	0.375	0.111	0.133	0.131	0.093	0.012	0.025	not_skewed
GTEX-1S82Z	esophagus-3	allelic_expression	33	0	0.45	0.136	0.103	0.158	0.091	0.016	0.032	not_skewed
GTEX-OHPL	esophagus-3	allelic_expression	37	0.041	0.5	0.321	0.152	0.284	0.116	0.019	0.039	skewed
GTEX-P78B	esophagus-3	allelic_expression	30	0.026	0.5	0.184	0.089	0.187	0.097	0.018	0.036	not_skewed
GTEX-POMQ	esophagus-3	allelic_expression	64	0	0.5	0.062	0.071	0.085	0.084	0.011	0.021	not_skewed
GTEX-PWCY	esophagus-3	allelic_expression	35	0	0.278	0.067	0.112	0.087	0.084	0.014	0.029	not_skewed
GTEX-PWN1	esophagus-3	allelic_expression	36	0.02	0.5	0.175	0.122	0.187	0.102	0.017	0.035	not_skewed
GTEX-PX3G	esophagus-3	allelic_expression	39	0	0.498	0.111	0.101	0.139	0.104	0.017	0.034	not_skewed
GTEX-QCQG	esophagus-3	allelic_expression	47	0	0.5	0.071	0.128	0.106	0.108	0.016	0.032	not_skewed
GTEX-S4P3	esophagus-3	allelic_expression	27	0.2	0.5	0.292	0.075	0.305	0.065	0.012	0.026	skewed
GTEX-T2IS	esophagus-3	allelic_expression	45	0	0.423	0.17	0.108	0.181	0.093	0.014	0.028	not_skewed
GTEX-TML8	esophagus-3	allelic_expression	36	0.042	0.433	0.192	0.198	0.207	0.125	0.021	0.042	not_skewed
GTEX-TMMY	esophagus-3	allelic_expression	39	0	0.5	0.071	0.095	0.096	0.104	0.017	0.034	not_skewed
GTEX-UJHI	esophagus-3	allelic_expression	41	0	0.5	0.065	0.087	0.092	0.09	0.014	0.028	not_skewed
GTEX-UPIC	esophagus-3	allelic_expression	45	0.419	0.5	0.5	0	0.498	0.012	0.002	0.004	skewed
GTEX-WRHK	esophagus-3	allelic_expression	29	0.024	0.5	0.144	0.124	0.167	0.118	0.022	0.045	not_skewed
GTEX-WXYG	esophagus-3	allelic_expression	50	0	0.5	0.082	0.122	0.113	0.106	0.015	0.03	not_skewed
GTEX-X8HC	esophagus-3	allelic_expression	32	0	0.5	0.267	0.082	0.271	0.094	0.017	0.034	skewed
GTEX-XUJ4	esophagus-3	allelic_expression	31	0.115	0.5	0.357	0.099	0.353	0.086	0.015	0.031	skewed
GTEX-XUW1	esophagus-3	allelic_expression	36	0	0.417	0.145	0.124	0.165	0.091	0.015	0.031	not_skewed
GTEX-XUZC	esophagus-3	allelic_expression	41	0.019	0.417	0.109	0.109	0.14	0.103	0.016	0.033	not_skewed
GTEX-XV7Q	esophagus-3	allelic_expression	52	0	0.498	0.149	0.126	0.159	0.099	0.014	0.028	not_skewed
GTEX-XYKS	esophagus-3	allelic_expression	29	0	0.3	0.071	0.087	0.086	0.084	0.016	0.032	not_skewed
GTEX-Y3IK	esophagus-3	allelic_expression	50	0	0.5	0.06	0.081	0.081	0.089	0.013	0.025	not_skewed
GTEX-Y5LM	esophagus-3	allelic_expression	25	0.017	0.389	0.196	0.136	0.19	0.109	0.022	0.045	not_skewed
GTEX-Y5V5	esophagus-3	allelic_expression	28	0	0.4	0.104	0.108	0.119	0.099	0.019	0.039	not_skewed
GTEX-Y8LW	esophagus-3	allelic_expression	31	0.009	0.5	0.083	0.076	0.098	0.093	0.017	0.034	not_skewed
GTEX-YB5K	esophagus-3	allelic_expression	31	0	0.278	0.079	0.069	0.087	0.058	0.01	0.021	not_skewed
GTEX-ZF29	esophagus-3	allelic_expression	41	0	0.5	0.077	0.067	0.102	0.097	0.015	0.031	not_skewed
GTEX-ZF2S	esophagus-3	allelic_expression	38	0	0.3	0.084	0.132	0.101	0.082	0.013	0.027	not_skewed
GTEX-ZGAY	esophagus-3	allelic_expression	34	0.014	0.357	0.126	0.111	0.139	0.082	0.014	0.029	not_skewed
GTEX-ZLV1	esophagus-3	allelic_expression	36	0	0.357	0.071	0.119	0.1	0.097	0.016	0.033	not_skewed
GTEX-ZLWG	esophagus-3	allelic_expression	49	0	0.5	0.093	0.117	0.124	0.111	0.016	0.032	not_skewed
GTEX-ZP4G	esophagus-3	allelic_expression	47	0	0.497	0.071	0.084	0.087	0.084	0.012	0.025	not_skewed
GTEX-ZPCL	esophagus-3	allelic_expression	37	0	0.444	0.296	0.109	0.273	0.09	0.015	0.03	skewed
GTEX-ZTPG	esophagus-3	allelic_expression	31	0	0.498	0.111	0.103	0.127	0.115	0.021	0.042	not_skewed
GTEX-ZVT2	esophagus-3	allelic_expression	37	0	0.5	0.351	0.098	0.318	0.102	0.017	0.034	skewed
GTEX-ZXES	esophagus-3	allelic_expression	38	0	0.409	0.231	0.103	0.215	0.092	0.015	0.03	not_skewed
GTEX-ZYVF	esophagus-3	allelic_expression	31	0.227	0.5	0.357	0.094	0.367	0.078	0.014	0.029	skewed
GTEX-ZYWO	esophagus-3	allelic_expression	51	0	0.389	0.088	0.102	0.102	0.08	0.011	0.022	not_skewed
GTEX-ZYY3	esophagus-3	allelic_expression	38	0.05	0.5	0.291	0.111	0.289	0.093	0.015	0.031	skewed
GTEX-ZZPU	esophagus-3	allelic_expression	43	0.038	0.5	0.5	0.015	0.472	0.08	0.012	0.025	skewed
GTEX-1117F	artery-3	allelic_expression	49	0.071	0.5	0.375	0.058	0.367	0.079	0.011	0.023	skewed
GTEX-1122O	artery-3	allelic_expression	37	0.038	0.5	0.193	0.153	0.222	0.117	0.019	0.039	not_skewed
GTEX-1128S	artery-3	allelic_expression	29	0	0.5	0.071	0.096	0.109	0.126	0.023	0.048	not_skewed
GTEX-11DXX	artery-3	allelic_expression	38	0	0.499	0.101	0.101	0.123	0.096	0.015	0.031	not_skewed
GTEX-11EM3	artery-3	allelic_expression	42	0	0.5	0.083	0.075	0.12	0.111	0.017	0.035	not_skewed
GTEX-11EMC	artery-3	allelic_expression	29	0.026	0.5	0.2	0.161	0.222	0.122	0.023	0.046	not_skewed
GTEX-11I78	artery-3	allelic_expression	49	0	0.5	0.192	0.084	0.205	0.099	0.014	0.028	not_skewed
GTEX-11P81	artery-3	allelic_expression	38	0.1	0.417	0.349	0.073	0.333	0.069	0.011	0.023	skewed
GTEX-11VI4	artery-3	allelic_expression	37	0.026	0.5	0.263	0.101	0.259	0.092	0.015	0.031	skewed
GTEX-11XUK	artery-3	allelic_expression	47	0	0.5	0.167	0.16	0.181	0.111	0.016	0.033	not_skewed
GTEX-11ZTS	artery-3	allelic_expression	32	0.016	0.5	0.102	0.111	0.132	0.1	0.018	0.036	not_skewed
GTEX-11ZVC	artery-3	allelic_expression	38	0	0.237	0.043	0.065	0.063	0.058	0.009	0.019	not_skewed
GTEX-1211K	artery-3	allelic_expression	45	0.007	0.5	0.13	0.101	0.145	0.098	0.015	0.029	not_skewed
GTEX-1269C	artery-3	allelic_expression	27	0.008	0.227	0.056	0.078	0.076	0.057	0.011	0.023	not_skewed
GTEX-12WS9	artery-3	allelic_expression	45	0	0.5	0.115	0.12	0.136	0.104	0.016	0.031	not_skewed
GTEX-12WSK	artery-3	allelic_expression	40	0.042	0.497	0.147	0.116	0.165	0.103	0.016	0.033	not_skewed
GTEX-12ZZX	artery-3	allelic_expression	47	0	0.357	0.071	0.1	0.096	0.091	0.013	0.027	not_skewed
GTEX-13113	artery-3	allelic_expression	42	0.056	0.375	0.167	0.08	0.173	0.075	0.012	0.023	not_skewed
GTEX-131XG	artery-3	allelic_expression	36	0.045	0.5	0.188	0.107	0.186	0.088	0.015	0.03	not_skewed
GTEX-131XW	artery-3	allelic_expression	37	0.3	0.5	0.433	0.043	0.435	0.049	0.008	0.016	skewed
GTEX-132AR	artery-3	allelic_expression	30	0.033	0.5	0.242	0.139	0.24	0.103	0.019	0.039	not_skewed
GTEX-133LE	artery-3	allelic_expression	27	0	0.5	0.245	0.098	0.246	0.115	0.022	0.046	not_skewed
GTEX-1399S	artery-3	allelic_expression	44	0.042	0.433	0.164	0.105	0.194	0.086	0.013	0.026	not_skewed
GTEX-1399U	artery-3	allelic_expression	31	0.022	0.357	0.162	0.074	0.163	0.07	0.012	0.026	not_skewed
GTEX-13CF3	artery-3	allelic_expression	39	0	0.389	0.109	0.132	0.121	0.083	0.013	0.027	not_skewed
GTEX-13D11	artery-3	allelic_expression	48	0	0.4	0.178	0.139	0.179	0.102	0.015	0.03	not_skewed
GTEX-13FH7	artery-3	allelic_expression	41	0	0.409	0.071	0.071	0.103	0.088	0.014	0.028	not_skewed
GTEX-13FTX	artery-3	allelic_expression	44	0	0.5	0.055	0.064	0.079	0.093	0.014	0.028	not_skewed
GTEX-13FTY	artery-3	allelic_expression	37	0	0.5	0.172	0.078	0.191	0.113	0.019	0.038	not_skewed
GTEX-13JUV	artery-3	allelic_expression	52	0	0.375	0.148	0.095	0.156	0.09	0.012	0.025	not_skewed
GTEX-13N11	artery-3	allelic_expression	63	0	0.318	0.071	0.088	0.093	0.075	0.009	0.019	not_skewed
GTEX-13NZ8	artery-3	allelic_expression	29	0	0.5	0.107	0.153	0.14	0.115	0.021	0.044	not_skewed
GTEX-13O3O	artery-3	allelic_expression	49	0	0.3	0.16	0.108	0.156	0.074	0.011	0.021	not_skewed
GTEX-13PL6	artery-3	allelic_expression	32	0	0.31	0.092	0.104	0.106	0.076	0.013	0.027	not_skewed
GTEX-13PL7	artery-3	allelic_expression	35	0	0.389	0.175	0.101	0.173	0.083	0.014	0.029	not_skewed
GTEX-13PLJ	artery-3	allelic_expression	48	0.318	0.5	0.477	0.043	0.465	0.042	0.006	0.012	skewed
GTEX-13PVR	artery-3	allelic_expression	42	0	0.423	0.079	0.082	0.109	0.103	0.016	0.032	not_skewed
GTEX-13QBU	artery-3	allelic_expression	46	0	0.498	0.154	0.105	0.16	0.093	0.014	0.028	not_skewed
GTEX-13QIC	artery-3	allelic_expression	39	0	0.278	0.056	0.07	0.076	0.07	0.011	0.023	not_skewed
GTEX-13QJC	artery-3	allelic_expression	32	0	0.5	0.194	0.131	0.216	0.116	0.02	0.042	not_skewed
GTEX-13U4I	artery-3	allelic_expression	38	0	0.5	0.069	0.102	0.111	0.112	0.018	0.037	not_skewed
GTEX-13VXT	artery-3	allelic_expression	57	0.079	0.5	0.389	0.079	0.38	0.081	0.011	0.021	skewed
GTEX-13W3W	artery-3	allelic_expression	42	0	0.333	0.13	0.106	0.131	0.071	0.011	0.022	not_skewed
GTEX-13X6H	artery-3	allelic_expression	33	0	0.4	0.11	0.09	0.121	0.093	0.016	0.033	not_skewed
GTEX-13X6K	artery-3	allelic_expression	45	0.01	0.4	0.102	0.087	0.114	0.079	0.012	0.024	not_skewed
GTEX-145LS	artery-3	allelic_expression	33	0	0.31	0.071	0.095	0.088	0.075	0.013	0.026	not_skewed
GTEX-146FH	artery-3	allelic_expression	46	0.111	0.5	0.304	0.117	0.3	0.099	0.015	0.029	skewed
GTEX-146FR	artery-3	allelic_expression	39	0	0.389	0.061	0.109	0.095	0.092	0.015	0.03	not_skewed
GTEX-147F3	artery-3	allelic_expression	33	0	0.5	0.085	0.08	0.098	0.091	0.016	0.032	not_skewed
GTEX-14AS3	artery-3	allelic_expression	30	0.038	0.389	0.232	0.08	0.234	0.082	0.015	0.03	not_skewed
GTEX-14BIN	artery-3	allelic_expression	33	0	0.5	0.071	0.164	0.114	0.111	0.019	0.039	not_skewed
GTEX-14BMU	artery-3	allelic_expression	38	0.125	0.5	0.286	0.117	0.297	0.088	0.014	0.029	skewed
GTEX-14DAQ	artery-3	allelic_expression	36	0.015	0.438	0.167	0.1	0.169	0.092	0.015	0.031	not_skewed
GTEX-14JG6	artery-3	allelic_expression	41	0	0.25	0.114	0.104	0.113	0.072	0.011	0.023	not_skewed
GTEX-14PHY	artery-3	allelic_expression	52	0	0.333	0.149	0.094	0.145	0.075	0.01	0.021	not_skewed
GTEX-14PJ5	artery-3	allelic_expression	36	0	0.5	0.263	0.081	0.242	0.1	0.017	0.034	skewed
GTEX-14PK6	artery-3	allelic_expression	38	0.009	0.37	0.185	0.129	0.169	0.089	0.014	0.029	not_skewed
GTEX-14PKU	artery-3	allelic_expression	39	0	0.357	0.056	0.101	0.088	0.082	0.013	0.026	not_skewed
GTEX-15DDE	artery-3	allelic_expression	43	0	0.5	0.128	0.131	0.134	0.11	0.017	0.034	not_skewed
GTEX-15DZA	artery-3	allelic_expression	44	0	0.458	0.16	0.122	0.173	0.102	0.015	0.031	not_skewed
GTEX-15EOM	artery-3	allelic_expression	30	0	0.289	0.142	0.121	0.137	0.078	0.014	0.029	not_skewed
GTEX-15ETS	artery-3	allelic_expression	35	0	0.5	0.148	0.096	0.169	0.109	0.019	0.038	not_skewed
GTEX-15SDE	artery-3	allelic_expression	59	0	0.5	0.056	0.071	0.083	0.088	0.012	0.023	not_skewed
GTEX-15UF6	artery-3	allelic_expression	46	0.02	0.312	0.172	0.106	0.163	0.075	0.011	0.022	not_skewed
GTEX-16MT8	artery-3	allelic_expression	37	0	0.5	0.125	0.094	0.131	0.1	0.016	0.033	not_skewed
GTEX-16NGA	artery-3	allelic_expression	57	0.02	0.5	0.223	0.111	0.236	0.103	0.014	0.027	not_skewed
GTEX-16NPV	artery-3	allelic_expression	27	0	0.25	0.1	0.088	0.11	0.07	0.013	0.028	not_skewed
GTEX-17F98	artery-3	allelic_expression	32	0.026	0.375	0.092	0.109	0.12	0.083	0.015	0.03	not_skewed
GTEX-17F9Y	artery-3	allelic_expression	42	0	0.5	0.1	0.099	0.122	0.123	0.019	0.038	not_skewed
GTEX-18A7A	artery-3	allelic_expression	36	0	0.5	0.081	0.13	0.103	0.102	0.017	0.035	not_skewed
GTEX-18D9A	artery-3	allelic_expression	37	0	0.3	0.056	0.106	0.086	0.08	0.013	0.027	not_skewed
GTEX-1A32A	artery-3	allelic_expression	40	0.056	0.5	0.211	0.104	0.221	0.107	0.017	0.034	not_skewed
GTEX-1A3MW	artery-3	allelic_expression	48	0	0.5	0.066	0.098	0.097	0.105	0.015	0.03	not_skewed
GTEX-1AMFI	artery-3	allelic_expression	44	0	0.375	0.116	0.07	0.132	0.081	0.012	0.025	not_skewed
GTEX-1B932	artery-3	allelic_expression	39	0	0.364	0.114	0.085	0.128	0.081	0.013	0.026	not_skewed
GTEX-1B97J	artery-3	allelic_expression	40	0	0.5	0.091	0.062	0.118	0.098	0.015	0.031	not_skewed
GTEX-1C475	artery-3	allelic_expression	37	0.028	0.5	0.312	0.073	0.307	0.09	0.015	0.03	skewed
GTEX-1CAMS	artery-3	allelic_expression	39	0.1	0.5	0.278	0.086	0.275	0.08	0.013	0.026	skewed
GTEX-1CAV2	artery-3	allelic_expression	43	0.125	0.5	0.403	0.074	0.404	0.071	0.011	0.022	skewed
GTEX-1CB4H	artery-3	allelic_expression	36	0	0.5	0.14	0.095	0.152	0.099	0.017	0.034	not_skewed
GTEX-1EWIQ	artery-3	allelic_expression	44	0.033	0.5	0.204	0.121	0.215	0.097	0.015	0.03	not_skewed
GTEX-1F52S	artery-3	allelic_expression	40	0	0.5	0.097	0.121	0.111	0.098	0.015	0.031	not_skewed
GTEX-1F5PL	artery-3	allelic_expression	43	0	0.5	0.064	0.059	0.086	0.095	0.014	0.029	not_skewed
GTEX-1F7RK	artery-3	allelic_expression	40	0	0.409	0.111	0.115	0.127	0.101	0.016	0.032	not_skewed
GTEX-1F88F	artery-3	allelic_expression	36	0.016	0.357	0.091	0.111	0.112	0.078	0.013	0.026	not_skewed
GTEX-1GF9U	artery-3	allelic_expression	51	0	0.5	0.079	0.105	0.11	0.121	0.017	0.034	not_skewed
GTEX-1GF9X	artery-3	allelic_expression	43	0	0.389	0.083	0.086	0.111	0.1	0.015	0.031	not_skewed
GTEX-1GN1W	artery-3	allelic_expression	45	0	0.5	0.089	0.074	0.101	0.087	0.013	0.026	not_skewed
GTEX-1GZ4H	artery-3	allelic_expression	68	0	0.5	0.1	0.108	0.115	0.083	0.01	0.02	not_skewed
GTEX-1GZHY	artery-3	allelic_expression	43	0.062	0.5	0.348	0.067	0.33	0.098	0.015	0.03	skewed
GTEX-1H1CY	artery-3	allelic_expression	57	0.019	0.5	0.188	0.106	0.189	0.089	0.012	0.024	not_skewed
GTEX-1HBPH	artery-3	allelic_expression	39	0	0.5	0.216	0.147	0.227	0.112	0.018	0.036	not_skewed
GTEX-1HBPM	artery-3	allelic_expression	44	0	0.5	0.1	0.08	0.114	0.083	0.013	0.025	not_skewed
GTEX-1HCU8	artery-3	allelic_expression	55	0.014	0.5	0.237	0.097	0.244	0.106	0.014	0.029	not_skewed
GTEX-1HCUA	artery-3	allelic_expression	59	0	0.5	0.058	0.099	0.097	0.105	0.014	0.027	not_skewed
GTEX-1HFI7	artery-3	allelic_expression	34	0.105	0.446	0.305	0.117	0.286	0.086	0.015	0.03	skewed
GTEX-1HSGN	artery-3	allelic_expression	59	0	0.5	0.118	0.116	0.139	0.108	0.014	0.028	not_skewed
GTEX-1I1CD	artery-3	allelic_expression	46	0	0.5	0.296	0.106	0.301	0.106	0.016	0.032	skewed
GTEX-1I1GT	artery-3	allelic_expression	35	0.045	0.423	0.267	0.102	0.266	0.09	0.015	0.031	skewed
GTEX-1I4MK	artery-3	allelic_expression	65	0.125	0.5	0.317	0.087	0.304	0.081	0.01	0.02	skewed
GTEX-1ICG6	artery-3	allelic_expression	36	0	0.414	0.219	0.115	0.22	0.096	0.016	0.032	not_skewed
GTEX-1IDJI	artery-3	allelic_expression	64	0	0.5	0.19	0.107	0.194	0.099	0.012	0.025	not_skewed
GTEX-1IDJU	artery-3	allelic_expression	44	0	0.5	0.061	0.103	0.095	0.095	0.014	0.029	not_skewed
GTEX-1IE54	artery-3	allelic_expression	43	0	0.5	0.071	0.073	0.088	0.088	0.013	0.027	not_skewed
GTEX-1IKOE	artery-3	allelic_expression	62	0.038	0.5	0.226	0.112	0.231	0.095	0.012	0.024	not_skewed
GTEX-1J8EW	artery-3	allelic_expression	47	0	0.318	0.1	0.086	0.107	0.071	0.01	0.021	not_skewed
GTEX-1J8JJ	artery-3	allelic_expression	32	0	0.5	0.115	0.119	0.131	0.127	0.022	0.046	not_skewed
GTEX-1JMOU	artery-3	allelic_expression	43	0	0.5	0.167	0.109	0.169	0.093	0.014	0.029	not_skewed
GTEX-1JMQL	artery-3	allelic_expression	54	0	0.5	0.186	0.146	0.184	0.103	0.014	0.028	not_skewed
GTEX-1JN1M	artery-3	allelic_expression	44	0.134	0.5	0.306	0.075	0.306	0.067	0.01	0.02	skewed
GTEX-1JN76	artery-3	allelic_expression	33	0.02	0.365	0.194	0.083	0.184	0.077	0.013	0.027	not_skewed
GTEX-1K9T9	artery-3	allelic_expression	36	0	0.375	0.115	0.107	0.122	0.092	0.015	0.031	not_skewed
GTEX-1KANC	artery-3	allelic_expression	56	0	0.423	0.276	0.126	0.244	0.111	0.015	0.03	skewed
GTEX-1LGOU	artery-3	allelic_expression	43	0	0.5	0.079	0.091	0.093	0.092	0.014	0.028	not_skewed
GTEX-1LVAN	artery-3	allelic_expression	31	0.016	0.5	0.111	0.081	0.113	0.099	0.018	0.036	not_skewed
GTEX-1NUQO	artery-3	allelic_expression	41	0	0.5	0.071	0.076	0.098	0.092	0.014	0.029	not_skewed
GTEX-1POEN	artery-3	allelic_expression	49	0	0.375	0.071	0.094	0.109	0.091	0.013	0.026	not_skewed
GTEX-1QCLZ	artery-3	allelic_expression	46	0.003	0.438	0.105	0.139	0.133	0.098	0.015	0.029	not_skewed
GTEX-1QP28	artery-3	allelic_expression	42	0	0.5	0.086	0.116	0.113	0.112	0.017	0.035	not_skewed
GTEX-1QP67	artery-3	allelic_expression	42	0	0.5	0.075	0.091	0.098	0.1	0.015	0.031	not_skewed
GTEX-1QPFJ	artery-3	allelic_expression	48	0.014	0.5	0.213	0.1	0.214	0.093	0.013	0.027	not_skewed
GTEX-1R9JW	artery-3	allelic_expression	38	0	0.4	0.073	0.112	0.1	0.083	0.013	0.027	not_skewed
GTEX-1R9PO	artery-3	allelic_expression	47	0	0.389	0.108	0.118	0.141	0.089	0.013	0.026	not_skewed
GTEX-1RDX4	artery-3	allelic_expression	38	0.023	0.5	0.185	0.156	0.185	0.115	0.019	0.038	not_skewed
GTEX-1S5ZU	artery-3	allelic_expression	39	0	0.4	0.149	0.079	0.154	0.087	0.014	0.028	not_skewed
GTEX-1S82P	artery-3	allelic_expression	47	0	0.5	0.116	0.112	0.149	0.116	0.017	0.034	not_skewed
GTEX-OHPL	artery-3	allelic_expression	40	0.009	0.5	0.139	0.076	0.159	0.1	0.016	0.032	not_skewed
GTEX-OHPN	artery-3	allelic_expression	34	0	0.5	0.128	0.114	0.159	0.098	0.017	0.034	not_skewed
GTEX-P78B	artery-3	allelic_expression	23	0.056	0.5	0.205	0.123	0.226	0.126	0.026	0.054	not_skewed
GTEX-POMQ	artery-3	allelic_expression	46	0	0.5	0.115	0.111	0.116	0.087	0.013	0.026	not_skewed
GTEX-PWCY	artery-3	allelic_expression	30	0	0.433	0.166	0.107	0.181	0.105	0.019	0.039	not_skewed
GTEX-PWN1	artery-3	allelic_expression	36	0.147	0.441	0.303	0.114	0.3	0.077	0.013	0.026	skewed
GTEX-PX3G	artery-3	allelic_expression	35	0	0.5	0.083	0.131	0.12	0.121	0.02	0.041	not_skewed
GTEX-QCQG	artery-3	allelic_expression	43	0	0.497	0.104	0.111	0.116	0.087	0.013	0.027	not_skewed
GTEX-S4P3	artery-3	allelic_expression	32	0	0.498	0.195	0.175	0.203	0.143	0.025	0.052	not_skewed
GTEX-SN8G	artery-3	allelic_expression	31	0.021	0.5	0.083	0.089	0.115	0.12	0.021	0.044	not_skewed
GTEX-T2IS	artery-3	allelic_expression	34	0	0.375	0.069	0.076	0.099	0.105	0.018	0.036	not_skewed
GTEX-TMMY	artery-3	allelic_expression	43	0	0.5	0.173	0.071	0.175	0.092	0.014	0.028	not_skewed
GTEX-UJHI	artery-3	allelic_expression	46	0	0.286	0.109	0.087	0.109	0.073	0.011	0.022	not_skewed
GTEX-VJWN	artery-3	allelic_expression	59	0	0.5	0.064	0.128	0.108	0.116	0.015	0.03	not_skewed
GTEX-WI4N	artery-3	allelic_expression	37	0.026	0.5	0.167	0.097	0.181	0.099	0.016	0.033	not_skewed
GTEX-WRHK	artery-3	allelic_expression	30	0	0.5	0.25	0.126	0.241	0.095	0.017	0.035	skewed
GTEX-WRHU	artery-3	allelic_expression	36	0	0.395	0.128	0.096	0.141	0.095	0.016	0.032	not_skewed
GTEX-WXYG	artery-3	allelic_expression	51	0	0.5	0.1	0.096	0.107	0.093	0.013	0.026	not_skewed
GTEX-WYBS	artery-3	allelic_expression	37	0	0.227	0.074	0.083	0.082	0.059	0.01	0.02	not_skewed
GTEX-XOT4	artery-3	allelic_expression	38	0	0.409	0.181	0.102	0.186	0.087	0.014	0.029	not_skewed
GTEX-XUJ4	artery-3	allelic_expression	32	0.05	0.5	0.209	0.099	0.215	0.105	0.019	0.038	not_skewed
GTEX-XUW1	artery-3	allelic_expression	33	0	0.288	0.107	0.12	0.134	0.078	0.014	0.028	not_skewed
GTEX-XUZC	artery-3	allelic_expression	40	0	0.318	0.051	0.059	0.07	0.073	0.012	0.023	not_skewed
GTEX-XYKS	artery-3	allelic_expression	47	0.019	0.389	0.161	0.122	0.175	0.088	0.013	0.026	not_skewed
GTEX-Y3IK	artery-3	allelic_expression	55	0	0.5	0.109	0.131	0.131	0.111	0.015	0.03	not_skewed
GTEX-Y5LM	artery-3	allelic_expression	28	0.036	0.5	0.245	0.135	0.257	0.119	0.022	0.046	not_skewed
GTEX-Y5V5	artery-3	allelic_expression	21	0.022	0.2	0.081	0.065	0.09	0.057	0.012	0.026	not_skewed
GTEX-YB5K	artery-3	allelic_expression	39	0.02	0.389	0.178	0.075	0.174	0.08	0.013	0.026	not_skewed
GTEX-YBZK	artery-3	allelic_expression	44	0.01	0.5	0.087	0.137	0.123	0.102	0.015	0.031	not_skewed
GTEX-YJ8O	artery-3	allelic_expression	48	0	0.5	0.25	0.14	0.242	0.104	0.015	0.03	skewed
GTEX-ZAK1	artery-3	allelic_expression	35	0.01	0.289	0.111	0.101	0.12	0.074	0.012	0.025	not_skewed
GTEX-ZC5H	artery-3	allelic_expression	39	0	0.357	0.167	0.099	0.162	0.09	0.014	0.029	not_skewed
GTEX-ZF29	artery-3	allelic_expression	42	0	0.5	0.057	0.095	0.095	0.102	0.016	0.032	not_skewed
GTEX-ZF2S	artery-3	allelic_expression	35	0.032	0.357	0.141	0.104	0.154	0.083	0.014	0.028	not_skewed
GTEX-ZF3C	artery-3	allelic_expression	28	0.214	0.5	0.375	0.056	0.38	0.068	0.013	0.026	skewed
GTEX-ZGAY	artery-3	allelic_expression	28	0	0.367	0.105	0.129	0.12	0.096	0.018	0.037	not_skewed
GTEX-ZLV1	artery-3	allelic_expression	34	0	0.286	0.099	0.101	0.112	0.085	0.015	0.03	not_skewed
GTEX-ZLWG	artery-3	allelic_expression	50	0	0.5	0.125	0.137	0.139	0.118	0.017	0.033	not_skewed
GTEX-ZP4G	artery-3	allelic_expression	39	0	0.5	0.1	0.095	0.139	0.117	0.019	0.038	not_skewed
GTEX-ZTPG	artery-3	allelic_expression	33	0	0.5	0.117	0.085	0.122	0.087	0.015	0.031	not_skewed
GTEX-ZV6S	artery-3	allelic_expression	38	0	0.3	0.064	0.119	0.092	0.078	0.013	0.026	not_skewed
GTEX-ZVT2	artery-3	allelic_expression	26	0.05	0.5	0.333	0.121	0.31	0.102	0.02	0.041	skewed
GTEX-ZVT3	artery-3	allelic_expression	36	0	0.333	0.158	0.114	0.159	0.077	0.013	0.026	not_skewed
GTEX-ZYVF	artery-3	allelic_expression	34	0.184	0.5	0.461	0.074	0.446	0.068	0.012	0.024	skewed
GTEX-ZYWO	artery-3	allelic_expression	50	0	0.375	0.056	0.063	0.071	0.061	0.009	0.017	not_skewed
GTEX-ZZPU	artery-3	allelic_expression	35	0.389	0.5	0.475	0.04	0.471	0.031	0.005	0.01	skewed
GTEX-1117F	adipose-2	allelic_expression	52	0	0.5	0.25	0.13	0.238	0.113	0.016	0.031	skewed
GTEX-1122O	adipose-2	allelic_expression	36	0.056	0.498	0.204	0.13	0.211	0.113	0.019	0.038	not_skewed
GTEX-1128S	adipose-2	allelic_expression	27	0.029	0.5	0.167	0.166	0.174	0.112	0.022	0.044	not_skewed
GTEX-113JC	adipose-2	allelic_expression	41	0	0.5	0.19	0.113	0.194	0.111	0.017	0.035	not_skewed
GTEX-11DXX	adipose-2	allelic_expression	43	0	0.494	0.056	0.085	0.078	0.088	0.013	0.027	not_skewed
GTEX-11EM3	adipose-2	allelic_expression	45	0	0.5	0.07	0.093	0.104	0.1	0.015	0.03	not_skewed
GTEX-11I78	adipose-2	allelic_expression	45	0	0.409	0.077	0.111	0.097	0.082	0.012	0.025	not_skewed
GTEX-11P81	adipose-2	allelic_expression	46	0.037	0.5	0.265	0.094	0.254	0.099	0.015	0.029	skewed
GTEX-11VI4	adipose-2	allelic_expression	38	0	0.333	0.141	0.129	0.149	0.085	0.014	0.028	not_skewed
GTEX-11XUK	adipose-2	allelic_expression	43	0	0.318	0.125	0.105	0.133	0.077	0.012	0.024	not_skewed
GTEX-11ZTS	adipose-2	allelic_expression	37	0	0.491	0.071	0.103	0.109	0.111	0.018	0.037	not_skewed
GTEX-1211K	adipose-2	allelic_expression	41	0	0.5	0.091	0.09	0.096	0.09	0.014	0.029	not_skewed
GTEX-12WSG	adipose-2	allelic_expression	38	0	0.5	0.265	0.127	0.263	0.112	0.018	0.037	skewed
GTEX-12WSK	adipose-2	allelic_expression	44	0.033	0.5	0.222	0.162	0.241	0.109	0.016	0.033	not_skewed
GTEX-12ZZX	adipose-2	allelic_expression	43	0	0.25	0.075	0.106	0.107	0.069	0.01	0.021	not_skewed
GTEX-13113	adipose-2	allelic_expression	46	0	0.5	0.143	0.154	0.156	0.105	0.016	0.031	not_skewed
GTEX-1313W	adipose-2	allelic_expression	39	0.056	0.5	0.311	0.113	0.33	0.106	0.017	0.034	skewed
GTEX-131XG	adipose-2	allelic_expression	37	0.005	0.5	0.136	0.106	0.151	0.098	0.016	0.033	not_skewed
GTEX-132AR	adipose-2	allelic_expression	37	0.015	0.5	0.176	0.135	0.193	0.11	0.018	0.037	not_skewed
GTEX-133LE	adipose-2	allelic_expression	31	0	0.5	0.17	0.117	0.2	0.122	0.022	0.045	not_skewed
GTEX-1399S	adipose-2	allelic_expression	42	0	0.34	0.149	0.131	0.144	0.088	0.014	0.028	not_skewed
GTEX-1399U	adipose-2	allelic_expression	37	0	0.438	0.162	0.143	0.169	0.111	0.018	0.037	not_skewed
GTEX-139D8	adipose-2	allelic_expression	43	0.056	0.389	0.227	0.095	0.235	0.07	0.011	0.022	not_skewed
GTEX-13CF3	adipose-2	allelic_expression	31	0.022	0.433	0.25	0.077	0.249	0.101	0.018	0.037	skewed
GTEX-13D11	adipose-2	allelic_expression	43	0.008	0.45	0.143	0.112	0.16	0.1	0.015	0.031	not_skewed
GTEX-13FH7	adipose-2	allelic_expression	38	0	0.375	0.071	0.083	0.094	0.084	0.014	0.028	not_skewed
GTEX-13FTX	adipose-2	allelic_expression	41	0	0.5	0.132	0.179	0.159	0.121	0.019	0.038	not_skewed
GTEX-13JUV	adipose-2	allelic_expression	58	0	0.4	0.218	0.123	0.213	0.093	0.012	0.024	not_skewed
GTEX-13N11	adipose-2	allelic_expression	59	0	0.278	0.068	0.095	0.091	0.071	0.009	0.019	not_skewed
GTEX-13PL6	adipose-2	allelic_expression	32	0	0.25	0.065	0.059	0.076	0.067	0.012	0.024	not_skewed
GTEX-13PL7	adipose-2	allelic_expression	35	0.015	0.5	0.1	0.104	0.122	0.1	0.017	0.034	not_skewed
GTEX-13PVR	adipose-2	allelic_expression	36	0	0.278	0.079	0.094	0.093	0.073	0.012	0.025	not_skewed
GTEX-13QBU	adipose-2	allelic_expression	40	0	0.5	0.085	0.116	0.114	0.103	0.016	0.033	not_skewed
GTEX-13S7M	adipose-2	allelic_expression	38	0	0.357	0.069	0.085	0.097	0.091	0.015	0.03	not_skewed
GTEX-13U4I	adipose-2	allelic_expression	39	0.011	0.5	0.079	0.081	0.108	0.094	0.015	0.03	not_skewed
GTEX-13VXT	adipose-2	allelic_expression	54	0.056	0.5	0.177	0.075	0.189	0.088	0.012	0.024	not_skewed
GTEX-13W3W	adipose-2	allelic_expression	43	0	0.375	0.107	0.115	0.121	0.094	0.014	0.029	not_skewed
GTEX-13X6H	adipose-2	allelic_expression	35	0	0.375	0.071	0.1	0.102	0.097	0.016	0.033	not_skewed
GTEX-13X6K	adipose-2	allelic_expression	48	0	0.375	0.061	0.101	0.082	0.079	0.011	0.023	not_skewed
GTEX-145MI	adipose-2	allelic_expression	42	0.081	0.5	0.21	0.135	0.227	0.094	0.015	0.029	not_skewed
GTEX-146FH	adipose-2	allelic_expression	46	0.214	0.5	0.375	0.112	0.388	0.07	0.01	0.021	skewed
GTEX-146FR	adipose-2	allelic_expression	36	0	0.405	0.175	0.142	0.173	0.099	0.016	0.033	not_skewed
GTEX-14AS3	adipose-2	allelic_expression	33	0	0.389	0.064	0.12	0.1	0.092	0.016	0.032	not_skewed
GTEX-14BIM	adipose-2	allelic_expression	33	0.038	0.5	0.212	0.159	0.221	0.117	0.02	0.041	not_skewed
GTEX-14BIN	adipose-2	allelic_expression	36	0	0.5	0.127	0.148	0.174	0.134	0.022	0.045	not_skewed
GTEX-14BMU	adipose-2	allelic_expression	40	0	0.5	0.077	0.12	0.104	0.094	0.015	0.03	not_skewed
GTEX-14DAQ	adipose-2	allelic_expression	34	0.026	0.389	0.16	0.088	0.156	0.073	0.013	0.026	not_skewed
GTEX-14JG6	adipose-2	allelic_expression	42	0.009	0.5	0.074	0.14	0.122	0.113	0.017	0.035	not_skewed
GTEX-14PHW	adipose-2	allelic_expression	43	0	0.5	0.167	0.11	0.175	0.113	0.017	0.035	not_skewed
GTEX-14PHY	adipose-2	allelic_expression	52	0	0.5	0.214	0.095	0.219	0.09	0.012	0.025	not_skewed
GTEX-14PJ5	adipose-2	allelic_expression	34	0.029	0.5	0.291	0.133	0.288	0.112	0.019	0.039	skewed
GTEX-14PK6	adipose-2	allelic_expression	35	0	0.389	0.106	0.091	0.119	0.099	0.017	0.034	not_skewed
GTEX-14PKU	adipose-2	allelic_expression	31	0	0.333	0.071	0.082	0.092	0.079	0.014	0.029	not_skewed
GTEX-14PN3	adipose-2	allelic_expression	33	0	0.423	0.219	0.117	0.213	0.099	0.017	0.035	not_skewed
GTEX-15CHC	adipose-2	allelic_expression	43	0	0.5	0.3	0.128	0.299	0.111	0.017	0.034	skewed
GTEX-15DCZ	adipose-2	allelic_expression	34	0	0.5	0.1	0.118	0.129	0.126	0.022	0.044	not_skewed
GTEX-15DYW	adipose-2	allelic_expression	39	0.062	0.5	0.3	0.111	0.304	0.099	0.016	0.032	skewed
GTEX-15DZA	adipose-2	allelic_expression	41	0	0.357	0.083	0.094	0.086	0.072	0.011	0.023	not_skewed
GTEX-15EOM	adipose-2	allelic_expression	25	0	0.5	0.119	0.129	0.135	0.109	0.022	0.045	not_skewed
GTEX-15SHU	adipose-2	allelic_expression	31	0	0.4	0.107	0.125	0.117	0.095	0.017	0.035	not_skewed
GTEX-16BQI	adipose-2	allelic_expression	43	0	0.375	0.123	0.1	0.148	0.095	0.014	0.029	not_skewed
GTEX-16NGA	adipose-2	allelic_expression	60	0.125	0.5	0.386	0.083	0.378	0.079	0.01	0.02	skewed
GTEX-16NPV	adipose-2	allelic_expression	32	0	0.357	0.117	0.144	0.134	0.09	0.016	0.032	not_skewed
GTEX-17F98	adipose-2	allelic_expression	28	0	0.342	0.164	0.108	0.153	0.086	0.016	0.033	not_skewed
GTEX-17F9Y	adipose-2	allelic_expression	46	0	0.5	0.063	0.087	0.097	0.108	0.016	0.032	not_skewed
GTEX-17JCI	adipose-2	allelic_expression	31	0	0.346	0.147	0.135	0.148	0.095	0.017	0.035	not_skewed
GTEX-18A7A	adipose-2	allelic_expression	42	0	0.5	0.125	0.074	0.139	0.109	0.017	0.034	not_skewed
GTEX-18D9A	adipose-2	allelic_expression	45	0	0.438	0.125	0.162	0.156	0.116	0.017	0.035	not_skewed
GTEX-1A32A	adipose-2	allelic_expression	44	0	0.389	0.167	0.125	0.177	0.1	0.015	0.03	not_skewed
GTEX-1A3MW	adipose-2	allelic_expression	42	0	0.5	0.164	0.19	0.186	0.138	0.021	0.043	not_skewed
GTEX-1A8FM	adipose-2	allelic_expression	52	0	0.375	0.08	0.094	0.104	0.095	0.013	0.026	not_skewed
GTEX-1AMEY	adipose-2	allelic_expression	37	0	0.389	0.104	0.111	0.114	0.095	0.016	0.032	not_skewed
GTEX-1AMFI	adipose-2	allelic_expression	45	0	0.353	0.211	0.126	0.217	0.085	0.013	0.026	not_skewed
GTEX-1B932	adipose-2	allelic_expression	39	0	0.5	0.071	0.1	0.1	0.101	0.016	0.033	not_skewed
GTEX-1B97J	adipose-2	allelic_expression	42	0.026	0.5	0.175	0.154	0.2	0.111	0.017	0.034	not_skewed
GTEX-1C475	adipose-2	allelic_expression	36	0.1	0.5	0.28	0.129	0.283	0.082	0.014	0.028	skewed
GTEX-1CAMS	adipose-2	allelic_expression	35	0.167	0.5	0.311	0.119	0.322	0.091	0.015	0.031	skewed
GTEX-1CAV2	adipose-2	allelic_expression	46	0.214	0.5	0.441	0.088	0.431	0.071	0.011	0.021	skewed
GTEX-1EWIQ	adipose-2	allelic_expression	46	0	0.5	0.131	0.108	0.144	0.112	0.017	0.033	not_skewed
GTEX-1F52S	adipose-2	allelic_expression	42	0	0.5	0.103	0.091	0.116	0.102	0.016	0.032	not_skewed
GTEX-1F5PL	adipose-2	allelic_expression	41	0	0.5	0.136	0.113	0.143	0.099	0.016	0.031	not_skewed
GTEX-1GF9U	adipose-2	allelic_expression	38	0.225	0.5	0.383	0.104	0.381	0.08	0.013	0.026	skewed
GTEX-1GF9X	adipose-2	allelic_expression	49	0	0.5	0.097	0.133	0.134	0.115	0.016	0.033	not_skewed
GTEX-1GN1W	adipose-2	allelic_expression	43	0	0.5	0.1	0.099	0.118	0.093	0.014	0.029	not_skewed
GTEX-1GZ4H	adipose-2	allelic_expression	68	0	0.5	0.167	0.136	0.178	0.108	0.013	0.026	not_skewed
GTEX-1H1CY	adipose-2	allelic_expression	58	0	0.346	0.11	0.138	0.118	0.095	0.012	0.025	not_skewed
GTEX-1H1DF	adipose-2	allelic_expression	44	0	0.25	0.054	0.11	0.086	0.078	0.012	0.024	not_skewed
GTEX-1H2FU	adipose-2	allelic_expression	42	0	0.357	0.071	0.07	0.082	0.068	0.011	0.021	not_skewed
GTEX-1HBPH	adipose-2	allelic_expression	46	0	0.4	0.162	0.073	0.16	0.08	0.012	0.024	not_skewed
GTEX-1HBPM	adipose-2	allelic_expression	43	0	0.433	0.214	0.121	0.21	0.107	0.016	0.033	not_skewed
GTEX-1HC8U	adipose-2	allelic_expression	71	0	0.409	0.204	0.134	0.212	0.102	0.012	0.024	not_skewed
GTEX-1HCU8	adipose-2	allelic_expression	49	0	0.5	0.167	0.083	0.184	0.104	0.015	0.03	not_skewed
GTEX-1HCUA	adipose-2	allelic_expression	56	0	0.5	0.1	0.126	0.128	0.111	0.015	0.03	not_skewed
GTEX-1HFI7	adipose-2	allelic_expression	39	0	0.5	0.167	0.172	0.181	0.127	0.02	0.041	not_skewed
GTEX-1HSGN	adipose-2	allelic_expression	71	0	0.5	0.225	0.142	0.231	0.125	0.015	0.03	not_skewed
GTEX-1I1CD	adipose-2	allelic_expression	43	0	0.5	0.27	0.251	0.269	0.142	0.022	0.044	skewed
GTEX-1I1GT	adipose-2	allelic_expression	39	0	0.5	0.143	0.097	0.146	0.092	0.015	0.03	not_skewed
GTEX-1I4MK	adipose-2	allelic_expression	58	0	0.5	0.327	0.108	0.313	0.096	0.013	0.025	skewed
GTEX-1ICG6	adipose-2	allelic_expression	38	0	0.5	0.171	0.118	0.178	0.107	0.017	0.035	not_skewed
GTEX-1IDJI	adipose-2	allelic_expression	77	0.009	0.357	0.149	0.107	0.156	0.084	0.01	0.019	not_skewed
GTEX-1IDJU	adipose-2	allelic_expression	48	0	0.5	0.108	0.089	0.13	0.088	0.013	0.025	not_skewed
GTEX-1IE54	adipose-2	allelic_expression	42	0.029	0.5	0.221	0.147	0.216	0.106	0.016	0.033	not_skewed
GTEX-1IKOE	adipose-2	allelic_expression	69	0	0.5	0.162	0.1	0.172	0.103	0.012	0.025	not_skewed
GTEX-1J8EW	adipose-2	allelic_expression	47	0	0.389	0.115	0.118	0.132	0.095	0.014	0.028	not_skewed
GTEX-1JN76	adipose-2	allelic_expression	33	0	0.375	0.174	0.131	0.186	0.095	0.017	0.034	not_skewed
GTEX-1K9T9	adipose-2	allelic_expression	46	0	0.3	0.068	0.08	0.089	0.074	0.011	0.022	not_skewed
GTEX-1KANC	adipose-2	allelic_expression	58	0.006	0.429	0.207	0.112	0.212	0.093	0.012	0.024	not_skewed
GTEX-1LGOU	adipose-2	allelic_expression	48	0	0.5	0.057	0.126	0.092	0.093	0.013	0.027	not_skewed
GTEX-1LH75	adipose-2	allelic_expression	34	0	0.474	0.163	0.154	0.189	0.121	0.021	0.042	not_skewed
GTEX-1LKK1	adipose-2	allelic_expression	49	0	0.5	0.297	0.155	0.286	0.115	0.016	0.033	skewed
GTEX-1LVAM	adipose-2	allelic_expression	47	0	0.357	0.109	0.121	0.118	0.089	0.013	0.026	not_skewed
GTEX-1LVAN	adipose-2	allelic_expression	30	0	0.269	0.069	0.128	0.096	0.079	0.014	0.03	not_skewed
GTEX-1MA7W	adipose-2	allelic_expression	36	0.006	0.375	0.114	0.096	0.13	0.079	0.013	0.027	not_skewed
GTEX-1MCC2	adipose-2	allelic_expression	68	0	0.5	0.222	0.097	0.224	0.105	0.013	0.025	not_skewed
GTEX-1NV5F	adipose-2	allelic_expression	32	0	0.5	0.115	0.131	0.154	0.12	0.021	0.043	not_skewed
GTEX-1PBJI	adipose-2	allelic_expression	35	0.033	0.5	0.184	0.138	0.175	0.105	0.018	0.036	not_skewed
GTEX-1POEN	adipose-2	allelic_expression	40	0	0.329	0.133	0.104	0.136	0.073	0.012	0.023	not_skewed
GTEX-1QEPI	adipose-2	allelic_expression	47	0	0.375	0.077	0.108	0.103	0.09	0.013	0.026	not_skewed
GTEX-1QP28	adipose-2	allelic_expression	58	0	0.5	0.067	0.081	0.107	0.1	0.013	0.026	not_skewed
GTEX-1QP67	adipose-2	allelic_expression	45	0	0.262	0.079	0.11	0.094	0.073	0.011	0.022	not_skewed
GTEX-1QPFJ	adipose-2	allelic_expression	57	0	0.497	0.193	0.083	0.211	0.09	0.012	0.024	not_skewed
GTEX-1R9PO	adipose-2	allelic_expression	41	0	0.375	0.1	0.128	0.119	0.092	0.014	0.029	not_skewed
GTEX-1RDX4	adipose-2	allelic_expression	30	0.03	0.372	0.149	0.125	0.169	0.091	0.017	0.034	not_skewed
GTEX-1RNTQ	adipose-2	allelic_expression	56	0.064	0.5	0.214	0.165	0.242	0.114	0.015	0.03	not_skewed
GTEX-1S82P	adipose-2	allelic_expression	47	0	0.5	0.202	0.179	0.189	0.124	0.018	0.036	not_skewed
GTEX-VJWN	adipose-2	allelic_expression	57	0	0.5	0.073	0.096	0.109	0.119	0.016	0.032	not_skewed
GTEX-WI4N	adipose-2	allelic_expression	33	0	0.5	0.115	0.09	0.118	0.092	0.016	0.033	not_skewed
GTEX-WRHK	adipose-2	allelic_expression	34	0	0.5	0.122	0.125	0.158	0.115	0.02	0.04	not_skewed
GTEX-WXYG	adipose-2	allelic_expression	48	0	0.382	0.092	0.08	0.114	0.086	0.012	0.025	not_skewed
GTEX-WYBS	adipose-2	allelic_expression	34	0	0.278	0.097	0.083	0.098	0.069	0.012	0.024	not_skewed
GTEX-X8HC	adipose-2	allelic_expression	33	0.043	0.5	0.25	0.122	0.25	0.114	0.02	0.04	skewed
GTEX-XOT4	adipose-2	allelic_expression	37	0	0.4	0.15	0.114	0.158	0.098	0.016	0.033	not_skewed
GTEX-XUJ4	adipose-2	allelic_expression	30	0.232	0.5	0.405	0.083	0.408	0.071	0.013	0.027	skewed
GTEX-XUZC	adipose-2	allelic_expression	39	0	0.357	0.065	0.054	0.077	0.074	0.012	0.024	not_skewed
GTEX-XV7Q	adipose-2	allelic_expression	51	0.115	0.5	0.309	0.1	0.31	0.09	0.013	0.025	skewed
GTEX-XYKS	adipose-2	allelic_expression	45	0	0.389	0.159	0.151	0.172	0.102	0.015	0.031	not_skewed
GTEX-Y5LM	adipose-2	allelic_expression	31	0.159	0.5	0.286	0.081	0.284	0.073	0.013	0.027	skewed
GTEX-Y5V5	adipose-2	allelic_expression	26	0	0.5	0.057	0.105	0.092	0.107	0.021	0.043	not_skewed
GTEX-Y8LW	adipose-2	allelic_expression	35	0	0.35	0.107	0.088	0.112	0.08	0.013	0.027	not_skewed
GTEX-ZAJG	adipose-2	allelic_expression	53	0	0.5	0.094	0.111	0.117	0.093	0.013	0.026	not_skewed
GTEX-ZC5H	adipose-2	allelic_expression	43	0	0.5	0.238	0.101	0.242	0.099	0.015	0.03	not_skewed
GTEX-ZE7O	adipose-2	allelic_expression	39	0	0.423	0.091	0.105	0.129	0.109	0.017	0.035	not_skewed
GTEX-ZF29	adipose-2	allelic_expression	44	0.013	0.5	0.116	0.146	0.149	0.116	0.017	0.035	not_skewed
GTEX-ZF2S	adipose-2	allelic_expression	33	0	0.389	0.157	0.158	0.16	0.105	0.018	0.037	not_skewed
GTEX-ZF3C	adipose-2	allelic_expression	29	0.157	0.5	0.423	0.065	0.403	0.078	0.014	0.03	skewed
GTEX-ZGAY	adipose-2	allelic_expression	30	0.056	0.409	0.232	0.115	0.227	0.087	0.016	0.033	not_skewed
GTEX-ZLV1	adipose-2	allelic_expression	27	0	0.389	0.15	0.123	0.165	0.105	0.02	0.042	not_skewed
GTEX-ZLWG	adipose-2	allelic_expression	44	0	0.5	0.078	0.158	0.137	0.134	0.02	0.041	not_skewed
GTEX-ZP4G	adipose-2	allelic_expression	38	0	0.494	0.06	0.092	0.097	0.105	0.017	0.034	not_skewed
GTEX-ZPCL	adipose-2	allelic_expression	39	0.022	0.419	0.198	0.124	0.22	0.103	0.017	0.034	not_skewed
GTEX-ZTPG	adipose-2	allelic_expression	37	0	0.5	0.177	0.129	0.198	0.125	0.021	0.042	not_skewed
GTEX-ZV6S	adipose-2	allelic_expression	41	0	0.286	0.076	0.091	0.101	0.077	0.012	0.024	not_skewed
GTEX-ZVT2	adipose-2	allelic_expression	33	0.05	0.423	0.193	0.145	0.217	0.112	0.019	0.04	not_skewed
GTEX-ZXES	adipose-2	allelic_expression	35	0.056	0.5	0.246	0.111	0.254	0.099	0.017	0.034	not_skewed
GTEX-ZYFG	adipose-2	allelic_expression	40	0.1	0.452	0.273	0.106	0.279	0.084	0.013	0.027	skewed
GTEX-ZYVF	adipose-2	allelic_expression	32	0.278	0.5	0.463	0.059	0.452	0.057	0.01	0.021	skewed
GTEX-ZYWO	adipose-2	allelic_expression	47	0	0.25	0.074	0.088	0.086	0.064	0.009	0.019	not_skewed
GTEX-ZZPU	adipose-2	allelic_expression	41	0.384	0.5	0.472	0.05	0.47	0.032	0.005	0.01	skewed
GTEX-11TTK	brain-11	allelic_expression	40	0	0.5	0.215	0.087	0.213	0.104	0.017	0.033	not_skewed
GTEX-12WSB	brain-11	allelic_expression	27	0.056	0.5	0.203	0.075	0.225	0.095	0.018	0.038	not_skewed
GTEX-12ZZX	brain-11	allelic_expression	36	0	0.5	0.071	0.093	0.108	0.104	0.017	0.035	not_skewed
GTEX-1313W	brain-11	allelic_expression	27	0.035	0.5	0.214	0.169	0.218	0.117	0.022	0.046	not_skewed
GTEX-13JUV	brain-11	allelic_expression	30	0	0.306	0.083	0.091	0.1	0.079	0.014	0.03	not_skewed
GTEX-13O3O	brain-11	allelic_expression	40	0	0.389	0.111	0.101	0.139	0.095	0.015	0.03	not_skewed
GTEX-13QJC	brain-11	allelic_expression	32	0	0.494	0.054	0.075	0.094	0.107	0.019	0.039	not_skewed
GTEX-13S7M	brain-11	allelic_expression	35	0	0.3	0.098	0.093	0.102	0.083	0.014	0.028	not_skewed
GTEX-13X6K	brain-11	allelic_expression	53	0	0.3	0.088	0.07	0.108	0.071	0.01	0.02	not_skewed
GTEX-145LS	brain-11	allelic_expression	31	0	0.278	0.138	0.093	0.144	0.072	0.013	0.026	not_skewed
GTEX-145MI	brain-11	allelic_expression	16	0	0.389	0.199	0.106	0.195	0.097	0.024	0.052	not_skewed
GTEX-14BIN	brain-11	allelic_expression	26	0.013	0.5	0.098	0.108	0.138	0.112	0.022	0.045	not_skewed
GTEX-14LZ3	brain-11	allelic_expression	26	0.244	0.5	0.38	0.074	0.384	0.065	0.013	0.026	skewed
GTEX-15DCD	brain-11	allelic_expression	37	0	0.4	0.184	0.144	0.193	0.104	0.017	0.035	not_skewed
GTEX-15DYW	brain-11	allelic_expression	27	0	0.5	0.203	0.107	0.211	0.111	0.021	0.044	not_skewed
GTEX-17HG3	brain-11	allelic_expression	31	0	0.5	0.258	0.089	0.262	0.1	0.018	0.037	skewed
GTEX-183WM	brain-11	allelic_expression	30	0	0.389	0.071	0.193	0.13	0.123	0.022	0.046	not_skewed
GTEX-1CB4H	brain-11	allelic_expression	32	0.017	0.5	0.1	0.098	0.124	0.103	0.018	0.037	not_skewed
GTEX-1F52S	brain-11	allelic_expression	25	0	0.5	0.083	0.086	0.117	0.132	0.026	0.055	not_skewed
GTEX-1F88F	brain-11	allelic_expression	7	0.022	0.214	0.167	0.046	0.147	0.062	0.024	0.058	not_skewed
GTEX-1H1CY	brain-11	allelic_expression	42	0	0.375	0.082	0.091	0.099	0.09	0.014	0.028	not_skewed
GTEX-1I1CD	brain-11	allelic_expression	40	0	0.5	0.23	0.127	0.238	0.116	0.018	0.037	not_skewed
GTEX-1IKOH	brain-11	allelic_expression	23	0.1	0.5	0.324	0.143	0.325	0.113	0.024	0.049	skewed
GTEX-1LH75	brain-11	allelic_expression	34	0.071	0.45	0.305	0.074	0.307	0.07	0.012	0.024	skewed
GTEX-1OJC4	brain-11	allelic_expression	27	0	0.5	0.092	0.119	0.12	0.128	0.025	0.051	not_skewed
GTEX-1R46S	brain-11	allelic_expression	16	0	0.5	0.261	0.085	0.254	0.118	0.03	0.063	skewed
GTEX-OHPN	brain-11	allelic_expression	15	0	0.227	0.083	0.09	0.104	0.068	0.018	0.038	not_skewed
GTEX-ZE7O	brain-11	allelic_expression	20	0	0.23	0.124	0.103	0.115	0.073	0.016	0.034	not_skewed
GTEX-ZV68	brain-11	allelic_expression	21	0	0.4	0.135	0.154	0.159	0.114	0.025	0.052	not_skewed
GTEX-ZVT3	brain-11	allelic_expression	24	0	0.304	0.112	0.122	0.129	0.094	0.019	0.04	not_skewed
GTEX-ZVZQ	brain-11	allelic_expression	39	0.007	0.5	0.088	0.125	0.122	0.094	0.015	0.031	not_skewed
GTEX-11DXX	nerve	allelic_expression	38	0	0.499	0.095	0.062	0.123	0.108	0.018	0.035	not_skewed
GTEX-11P81	nerve	allelic_expression	40	0.1	0.441	0.298	0.074	0.295	0.078	0.012	0.025	skewed
GTEX-11TTK	nerve	allelic_expression	45	0	0.423	0.15	0.09	0.158	0.1	0.015	0.03	not_skewed
GTEX-11VI4	nerve	allelic_expression	38	0	0.4	0.124	0.144	0.133	0.1	0.016	0.033	not_skewed
GTEX-11XUK	nerve	allelic_expression	49	0.088	0.5	0.271	0.136	0.276	0.102	0.015	0.029	skewed
GTEX-11ZVC	nerve	allelic_expression	44	0	0.5	0.056	0.095	0.101	0.109	0.016	0.033	not_skewed
GTEX-1211K	nerve	allelic_expression	42	0.004	0.333	0.074	0.072	0.088	0.073	0.011	0.023	not_skewed
GTEX-12WS9	nerve	allelic_expression	45	0	0.5	0.204	0.144	0.216	0.119	0.018	0.036	not_skewed
GTEX-12WSB	nerve	allelic_expression	43	0	0.5	0.24	0.099	0.234	0.103	0.016	0.032	not_skewed
GTEX-12WSG	nerve	allelic_expression	36	0	0.5	0.044	0.052	0.071	0.09	0.015	0.03	not_skewed
GTEX-12WSK	nerve	allelic_expression	44	0.05	0.5	0.182	0.126	0.195	0.092	0.014	0.028	not_skewed
GTEX-12ZZX	nerve	allelic_expression	52	0	0.3	0.061	0.112	0.091	0.08	0.011	0.022	not_skewed
GTEX-13113	nerve	allelic_expression	47	0	0.5	0.217	0.078	0.212	0.085	0.012	0.025	not_skewed
GTEX-1313W	nerve	allelic_expression	45	0	0.357	0.132	0.112	0.153	0.088	0.013	0.026	not_skewed
GTEX-131XG	nerve	allelic_expression	37	0	0.5	0.214	0.112	0.192	0.102	0.017	0.034	not_skewed
GTEX-131XW	nerve	allelic_expression	41	0.079	0.5	0.385	0.075	0.368	0.09	0.014	0.028	skewed
GTEX-133LE	nerve	allelic_expression	29	0	0.5	0.115	0.124	0.144	0.103	0.019	0.039	not_skewed
GTEX-1399S	nerve	allelic_expression	50	0	0.5	0.204	0.145	0.202	0.111	0.016	0.032	not_skewed
GTEX-1399U	nerve	allelic_expression	35	0	0.409	0.115	0.107	0.135	0.096	0.016	0.033	not_skewed
GTEX-139T4	nerve	allelic_expression	46	0.008	0.5	0.235	0.112	0.231	0.102	0.015	0.03	not_skewed
GTEX-13D11	nerve	allelic_expression	42	0	0.389	0.1	0.15	0.118	0.099	0.015	0.031	not_skewed
GTEX-13FH7	nerve	allelic_expression	40	0	0.5	0.164	0.097	0.177	0.086	0.014	0.028	not_skewed
GTEX-13FTY	nerve	allelic_expression	41	0	0.5	0.167	0.101	0.191	0.109	0.017	0.035	not_skewed
GTEX-13JUV	nerve	allelic_expression	61	0.01	0.281	0.071	0.088	0.099	0.071	0.009	0.018	not_skewed
GTEX-13N11	nerve	allelic_expression	63	0	0.339	0.1	0.114	0.118	0.088	0.011	0.022	not_skewed
GTEX-13O3O	nerve	allelic_expression	48	0.02	0.5	0.155	0.107	0.159	0.088	0.013	0.026	not_skewed
GTEX-13OVI	nerve	allelic_expression	65	0	0.5	0.083	0.089	0.105	0.095	0.012	0.024	not_skewed
GTEX-13PL7	nerve	allelic_expression	37	0	0.357	0.122	0.108	0.124	0.078	0.013	0.026	not_skewed
GTEX-13PVR	nerve	allelic_expression	41	0	0.5	0.145	0.103	0.146	0.097	0.015	0.031	not_skewed
GTEX-13QBU	nerve	allelic_expression	43	0	0.5	0.085	0.107	0.102	0.089	0.014	0.027	not_skewed
GTEX-13QIC	nerve	allelic_expression	48	0	0.429	0.081	0.142	0.113	0.099	0.014	0.029	not_skewed
GTEX-13S7M	nerve	allelic_expression	45	0	0.357	0.094	0.123	0.111	0.084	0.013	0.025	not_skewed
GTEX-13SLX	nerve	allelic_expression	49	0.056	0.492	0.233	0.085	0.252	0.091	0.013	0.026	not_skewed
GTEX-13VXT	nerve	allelic_expression	54	0.033	0.5	0.203	0.102	0.196	0.092	0.012	0.025	not_skewed
GTEX-13W3W	nerve	allelic_expression	46	0.014	0.389	0.094	0.099	0.119	0.098	0.014	0.029	not_skewed
GTEX-13X6K	nerve	allelic_expression	54	0	0.286	0.055	0.086	0.074	0.069	0.009	0.019	not_skewed
GTEX-146FH	nerve	allelic_expression	38	0	0.5	0.16	0.135	0.186	0.127	0.021	0.042	not_skewed
GTEX-146FR	nerve	allelic_expression	42	0	0.389	0.152	0.098	0.169	0.084	0.013	0.026	not_skewed
GTEX-14A5I	nerve	allelic_expression	48	0.02	0.5	0.206	0.109	0.214	0.108	0.016	0.031	not_skewed
GTEX-14AS3	nerve	allelic_expression	31	0	0.278	0.087	0.07	0.099	0.065	0.012	0.024	not_skewed
GTEX-14BIM	nerve	allelic_expression	40	0	0.5	0.255	0.067	0.262	0.079	0.012	0.025	skewed
GTEX-14BIN	nerve	allelic_expression	38	0	0.5	0.174	0.123	0.195	0.12	0.019	0.039	not_skewed
GTEX-14DAQ	nerve	allelic_expression	45	0.029	0.438	0.214	0.116	0.211	0.089	0.013	0.027	not_skewed
GTEX-14JG6	nerve	allelic_expression	48	0	0.375	0.075	0.085	0.102	0.091	0.013	0.026	not_skewed
GTEX-14LLW	nerve	allelic_expression	44	0	0.5	0.2	0.147	0.2	0.109	0.016	0.033	not_skewed
GTEX-14PHW	nerve	allelic_expression	47	0.054	0.5	0.224	0.084	0.231	0.087	0.013	0.025	not_skewed
GTEX-14PHY	nerve	allelic_expression	48	0.016	0.5	0.141	0.075	0.158	0.098	0.014	0.028	not_skewed
GTEX-14PJ6	nerve	allelic_expression	34	0	0.5	0.066	0.122	0.094	0.097	0.017	0.034	not_skewed
GTEX-14PN3	nerve	allelic_expression	35	0	0.346	0.071	0.109	0.087	0.089	0.015	0.03	not_skewed
GTEX-15CHC	nerve	allelic_expression	43	0.071	0.409	0.207	0.133	0.214	0.084	0.013	0.026	not_skewed
GTEX-15DDE	nerve	allelic_expression	51	0	0.5	0.214	0.14	0.23	0.11	0.015	0.031	not_skewed
GTEX-15DYW	nerve	allelic_expression	42	0.045	0.423	0.293	0.084	0.276	0.082	0.013	0.026	skewed
GTEX-15FZZ	nerve	allelic_expression	47	0	0.5	0.367	0.108	0.343	0.107	0.016	0.031	skewed
GTEX-16BQI	nerve	allelic_expression	51	0.071	0.409	0.269	0.087	0.263	0.078	0.011	0.022	skewed
GTEX-16MT9	nerve	allelic_expression	37	0.083	0.5	0.185	0.09	0.217	0.085	0.014	0.028	not_skewed
GTEX-16NGA	nerve	allelic_expression	69	0.062	0.5	0.286	0.119	0.283	0.101	0.012	0.024	skewed
GTEX-17F98	nerve	allelic_expression	33	0.056	0.405	0.136	0.058	0.15	0.072	0.013	0.026	not_skewed
GTEX-17F9Y	nerve	allelic_expression	39	0	0.494	0.073	0.095	0.099	0.1	0.016	0.032	not_skewed
GTEX-17HG3	nerve	allelic_expression	39	0.024	0.5	0.286	0.131	0.284	0.103	0.016	0.033	skewed
GTEX-17JCI	nerve	allelic_expression	31	0	0.278	0.115	0.092	0.12	0.075	0.013	0.027	not_skewed
GTEX-183WM	nerve	allelic_expression	36	0.115	0.433	0.293	0.131	0.288	0.084	0.014	0.028	skewed
GTEX-18A7A	nerve	allelic_expression	36	0	0.5	0.101	0.096	0.125	0.098	0.016	0.033	not_skewed
GTEX-18D9A	nerve	allelic_expression	45	0	0.375	0.069	0.07	0.085	0.074	0.011	0.022	not_skewed
GTEX-19HZE	nerve	allelic_expression	39	0.026	0.5	0.203	0.066	0.213	0.092	0.015	0.03	not_skewed
GTEX-1A32A	nerve	allelic_expression	44	0	0.441	0.181	0.125	0.187	0.1	0.015	0.03	not_skewed
GTEX-1A3MW	nerve	allelic_expression	46	0	0.382	0.115	0.076	0.125	0.084	0.012	0.025	not_skewed
GTEX-1A8FM	nerve	allelic_expression	50	0	0.5	0.167	0.106	0.175	0.099	0.014	0.028	not_skewed
GTEX-1AMEY	nerve	allelic_expression	39	0	0.25	0.046	0.085	0.067	0.065	0.01	0.021	not_skewed
GTEX-1AMFI	nerve	allelic_expression	44	0	0.5	0.115	0.081	0.138	0.096	0.015	0.029	not_skewed
GTEX-1B932	nerve	allelic_expression	39	0	0.5	0.093	0.131	0.121	0.118	0.019	0.038	not_skewed
GTEX-1B97J	nerve	allelic_expression	43	0	0.5	0.056	0.09	0.088	0.093	0.014	0.029	not_skewed
GTEX-1C475	nerve	allelic_expression	40	0.099	0.5	0.277	0.095	0.275	0.085	0.013	0.027	skewed
GTEX-1CAMS	nerve	allelic_expression	39	0.127	0.5	0.308	0.097	0.297	0.08	0.013	0.026	skewed
GTEX-1CAV2	nerve	allelic_expression	64	0	0.5	0.324	0.101	0.316	0.096	0.012	0.024	skewed
GTEX-1CB4H	nerve	allelic_expression	40	0	0.5	0.09	0.118	0.107	0.113	0.018	0.036	not_skewed
GTEX-1EWIQ	nerve	allelic_expression	43	0.026	0.5	0.25	0.122	0.256	0.1	0.015	0.031	skewed
GTEX-1F7RK	nerve	allelic_expression	30	0	0.357	0.12	0.154	0.129	0.09	0.016	0.034	not_skewed
GTEX-1F88E	nerve	allelic_expression	45	0.045	0.5	0.287	0.079	0.294	0.095	0.014	0.029	skewed
GTEX-1F88F	nerve	allelic_expression	40	0.006	0.357	0.141	0.1	0.142	0.079	0.012	0.025	not_skewed
GTEX-1GF9U	nerve	allelic_expression	45	0	0.5	0.071	0.076	0.113	0.131	0.02	0.039	not_skewed
GTEX-1GF9X	nerve	allelic_expression	40	0.056	0.5	0.199	0.098	0.223	0.098	0.015	0.031	not_skewed
GTEX-1GZ4H	nerve	allelic_expression	70	0	0.5	0.065	0.088	0.092	0.089	0.011	0.021	not_skewed
GTEX-1GZHY	nerve	allelic_expression	48	0.022	0.5	0.255	0.106	0.25	0.101	0.015	0.029	skewed
GTEX-1H1CY	nerve	allelic_expression	60	0	0.4	0.068	0.137	0.109	0.108	0.014	0.028	not_skewed
GTEX-1H1DF	nerve	allelic_expression	42	0	0.346	0.168	0.118	0.176	0.085	0.013	0.027	not_skewed
GTEX-1H2FU	nerve	allelic_expression	46	0	0.417	0.102	0.099	0.114	0.089	0.013	0.026	not_skewed
GTEX-1HBPH	nerve	allelic_expression	42	0	0.3	0.151	0.078	0.146	0.071	0.011	0.022	not_skewed
GTEX-1HBPM	nerve	allelic_expression	39	0.016	0.438	0.133	0.125	0.15	0.099	0.016	0.032	not_skewed
GTEX-1HCU8	nerve	allelic_expression	52	0	0.5	0.117	0.136	0.137	0.132	0.018	0.037	not_skewed
GTEX-1HFI7	nerve	allelic_expression	39	0.014	0.5	0.214	0.125	0.229	0.097	0.015	0.031	not_skewed
GTEX-1HSGN	nerve	allelic_expression	70	0.029	0.5	0.256	0.083	0.24	0.096	0.012	0.023	skewed
GTEX-1I1CD	nerve	allelic_expression	46	0.022	0.5	0.176	0.127	0.198	0.112	0.016	0.033	not_skewed
GTEX-1I1GT	nerve	allelic_expression	33	0	0.438	0.164	0.105	0.191	0.107	0.019	0.038	not_skewed
GTEX-1I4MK	nerve	allelic_expression	56	0.176	0.5	0.361	0.074	0.366	0.075	0.01	0.02	skewed
GTEX-1ICG6	nerve	allelic_expression	44	0.035	0.5	0.201	0.134	0.216	0.103	0.016	0.031	not_skewed
GTEX-1IDJE	nerve	allelic_expression	49	0.04	0.5	0.333	0.099	0.32	0.101	0.014	0.029	skewed
GTEX-1IDJI	nerve	allelic_expression	71	0	0.357	0.151	0.095	0.153	0.076	0.009	0.018	not_skewed
GTEX-1IDJU	nerve	allelic_expression	55	0	0.5	0.133	0.131	0.15	0.095	0.013	0.026	not_skewed
GTEX-1IE54	nerve	allelic_expression	44	0	0.5	0.131	0.099	0.149	0.095	0.014	0.029	not_skewed
GTEX-1J8EW	nerve	allelic_expression	46	0	0.278	0.071	0.087	0.089	0.07	0.01	0.021	not_skewed
GTEX-1J8JJ	nerve	allelic_expression	26	0	0.5	0.135	0.16	0.166	0.135	0.027	0.055	not_skewed
GTEX-1J8QM	nerve	allelic_expression	50	0	0.441	0.144	0.125	0.166	0.1	0.014	0.029	not_skewed
GTEX-1JMOU	nerve	allelic_expression	38	0	0.423	0.185	0.15	0.194	0.108	0.018	0.036	not_skewed
GTEX-1JN1M	nerve	allelic_expression	46	0.13	0.498	0.243	0.102	0.258	0.078	0.012	0.023	not_skewed
GTEX-1JN76	nerve	allelic_expression	31	0.029	0.5	0.175	0.091	0.174	0.096	0.017	0.035	not_skewed
GTEX-1K9T9	nerve	allelic_expression	38	0	0.357	0.108	0.118	0.124	0.085	0.014	0.028	not_skewed
GTEX-1KANC	nerve	allelic_expression	55	0	0.5	0.273	0.131	0.256	0.098	0.013	0.026	skewed
GTEX-1LGOU	nerve	allelic_expression	50	0.012	0.5	0.083	0.069	0.095	0.076	0.011	0.022	not_skewed
GTEX-1LH75	nerve	allelic_expression	32	0.111	0.5	0.356	0.1	0.346	0.078	0.014	0.028	skewed
GTEX-1LVAM	nerve	allelic_expression	51	0	0.326	0.083	0.093	0.098	0.073	0.01	0.02	not_skewed
GTEX-1MA7W	nerve	allelic_expression	44	0	0.389	0.115	0.105	0.132	0.08	0.012	0.024	not_skewed
GTEX-1MCC2	nerve	allelic_expression	66	0	0.5	0.191	0.129	0.201	0.121	0.015	0.03	not_skewed
GTEX-1MCYP	nerve	allelic_expression	48	0	0.375	0.074	0.108	0.104	0.077	0.011	0.022	not_skewed
GTEX-1OJC4	nerve	allelic_expression	40	0	0.214	0.056	0.058	0.066	0.052	0.008	0.017	not_skewed
GTEX-1POEN	nerve	allelic_expression	53	0	0.375	0.109	0.122	0.126	0.098	0.013	0.027	not_skewed
GTEX-1QEPI	nerve	allelic_expression	45	0	0.3	0.068	0.109	0.086	0.08	0.012	0.024	not_skewed
GTEX-1QP28	nerve	allelic_expression	53	0	0.5	0.108	0.12	0.121	0.101	0.014	0.028	not_skewed
GTEX-1QPFJ	nerve	allelic_expression	55	0	0.5	0.167	0.116	0.186	0.101	0.014	0.027	not_skewed
GTEX-1R46S	nerve	allelic_expression	30	0.11	0.5	0.307	0.109	0.319	0.089	0.016	0.033	skewed
GTEX-1R9JW	nerve	allelic_expression	35	0.009	0.389	0.056	0.07	0.1	0.115	0.02	0.04	not_skewed
GTEX-1R9PN	nerve	allelic_expression	40	0	0.375	0.199	0.078	0.197	0.091	0.014	0.029	not_skewed
GTEX-1S82U	nerve	allelic_expression	46	0.015	0.5	0.159	0.15	0.169	0.107	0.016	0.032	not_skewed
GTEX-OHPN	nerve	allelic_expression	29	0	0.3	0.086	0.069	0.104	0.078	0.015	0.03	not_skewed
GTEX-P78B	nerve	allelic_expression	31	0	0.5	0.102	0.094	0.122	0.107	0.019	0.039	not_skewed
GTEX-POMQ	nerve	allelic_expression	59	0	0.5	0.125	0.124	0.141	0.095	0.012	0.025	not_skewed
GTEX-PWCY	nerve	allelic_expression	38	0	0.405	0.204	0.124	0.202	0.099	0.016	0.033	not_skewed
GTEX-PWN1	nerve	allelic_expression	38	0.071	0.472	0.356	0.072	0.347	0.082	0.013	0.027	skewed
GTEX-QCQG	nerve	allelic_expression	38	0	0.5	0.06	0.093	0.088	0.102	0.017	0.034	not_skewed
GTEX-SN8G	nerve	allelic_expression	14	0	0.444	0.086	0.107	0.137	0.137	0.037	0.079	not_skewed
GTEX-T2IS	nerve	allelic_expression	44	0	0.312	0.071	0.071	0.086	0.069	0.01	0.021	not_skewed
GTEX-TML8	nerve	allelic_expression	32	0	0.5	0.26	0.088	0.262	0.103	0.018	0.037	skewed
GTEX-TMMY	nerve	allelic_expression	39	0	0.495	0.08	0.105	0.109	0.106	0.017	0.034	not_skewed
GTEX-WRHU	nerve	allelic_expression	34	0.008	0.278	0.097	0.122	0.111	0.079	0.014	0.028	not_skewed
GTEX-WXYG	nerve	allelic_expression	47	0	0.5	0.083	0.107	0.112	0.101	0.015	0.03	not_skewed
GTEX-WYBS	nerve	allelic_expression	40	0	0.357	0.08	0.09	0.094	0.078	0.012	0.025	not_skewed
GTEX-X638	nerve	allelic_expression	36	0	0.5	0.104	0.115	0.121	0.105	0.017	0.035	not_skewed
GTEX-XMD2	nerve	allelic_expression	43	0	0.324	0.065	0.11	0.096	0.09	0.014	0.028	not_skewed
GTEX-XOT4	nerve	allelic_expression	37	0.071	0.5	0.214	0.083	0.219	0.084	0.014	0.028	not_skewed
GTEX-XUJ4	nerve	allelic_expression	34	0.045	0.438	0.253	0.161	0.259	0.107	0.018	0.037	skewed
GTEX-XUW1	nerve	allelic_expression	36	0	0.357	0.069	0.087	0.097	0.084	0.014	0.028	not_skewed
GTEX-XV7Q	nerve	allelic_expression	56	0.125	0.5	0.362	0.086	0.359	0.08	0.011	0.022	skewed
GTEX-XYKS	nerve	allelic_expression	42	0.005	0.357	0.129	0.109	0.14	0.082	0.013	0.026	not_skewed
GTEX-Y3IK	nerve	allelic_expression	57	0	0.5	0.093	0.098	0.099	0.087	0.012	0.023	not_skewed
GTEX-Y5LM	nerve	allelic_expression	28	0	0.286	0.126	0.13	0.134	0.086	0.016	0.033	not_skewed
GTEX-Y5V5	nerve	allelic_expression	30	0	0.25	0.069	0.076	0.079	0.064	0.012	0.024	not_skewed
GTEX-Y8LW	nerve	allelic_expression	35	0	0.25	0.071	0.065	0.075	0.057	0.01	0.02	not_skewed
GTEX-YB5K	nerve	allelic_expression	37	0.038	0.375	0.167	0.12	0.165	0.085	0.014	0.028	not_skewed
GTEX-YBZK	nerve	allelic_expression	53	0	0.5	0.083	0.113	0.109	0.105	0.014	0.029	not_skewed
GTEX-YJ8O	nerve	allelic_expression	49	0.016	0.5	0.233	0.106	0.212	0.09	0.013	0.026	not_skewed
GTEX-ZC5H	nerve	allelic_expression	43	0	0.457	0.167	0.117	0.177	0.087	0.013	0.027	not_skewed
GTEX-ZF29	nerve	allelic_expression	44	0	0.5	0.068	0.069	0.104	0.111	0.017	0.034	not_skewed
GTEX-ZF2S	nerve	allelic_expression	38	0	0.433	0.2	0.124	0.193	0.093	0.015	0.031	not_skewed
GTEX-ZGAY	nerve	allelic_expression	32	0.056	0.333	0.2	0.096	0.195	0.072	0.013	0.026	not_skewed
GTEX-ZLV1	nerve	allelic_expression	29	0.007	0.25	0.067	0.082	0.084	0.072	0.013	0.027	not_skewed
GTEX-ZLWG	nerve	allelic_expression	44	0	0.5	0.163	0.081	0.181	0.115	0.017	0.035	not_skewed
GTEX-ZP4G	nerve	allelic_expression	46	0	0.5	0.071	0.094	0.116	0.13	0.019	0.039	not_skewed
GTEX-ZPCL	nerve	allelic_expression	37	0	0.464	0.223	0.145	0.217	0.118	0.019	0.04	not_skewed
GTEX-ZTPG	nerve	allelic_expression	34	0	0.5	0.096	0.096	0.113	0.108	0.019	0.038	not_skewed
GTEX-ZV68	nerve	allelic_expression	37	0.179	0.5	0.401	0.075	0.395	0.077	0.013	0.026	skewed
GTEX-ZVT3	nerve	allelic_expression	34	0	0.375	0.047	0.091	0.077	0.085	0.015	0.03	not_skewed
GTEX-ZXES	nerve	allelic_expression	36	0	0.318	0.138	0.131	0.147	0.083	0.014	0.028	not_skewed
GTEX-ZYFG	nerve	allelic_expression	38	0	0.409	0.246	0.131	0.245	0.099	0.016	0.032	not_skewed
GTEX-ZYVF	nerve	allelic_expression	32	0.25	0.5	0.457	0.075	0.443	0.059	0.01	0.021	skewed
GTEX-ZYWO	nerve	allelic_expression	54	0	0.357	0.104	0.082	0.125	0.082	0.011	0.022	not_skewed
GTEX-1122O	spleen	allelic_expression	47	0	0.5	0.095	0.122	0.135	0.126	0.018	0.037	not_skewed
GTEX-11DXX	spleen	allelic_expression	39	0.003	0.499	0.083	0.11	0.117	0.11	0.018	0.036	not_skewed
GTEX-11P81	spleen	allelic_expression	35	0.062	0.5	0.267	0.134	0.284	0.098	0.017	0.034	skewed
GTEX-11VI4	spleen	allelic_expression	31	0	0.429	0.259	0.13	0.257	0.109	0.019	0.04	skewed
GTEX-11XUK	spleen	allelic_expression	41	0	0.5	0.192	0.142	0.194	0.117	0.018	0.037	not_skewed
GTEX-1211K	spleen	allelic_expression	43	0	0.333	0.077	0.122	0.111	0.091	0.014	0.028	not_skewed
GTEX-12WSG	spleen	allelic_expression	32	0.024	0.5	0.217	0.123	0.224	0.107	0.019	0.039	not_skewed
GTEX-12WSJ	spleen	allelic_expression	27	0	0.406	0.2	0.07	0.205	0.102	0.02	0.04	not_skewed
GTEX-12WSK	spleen	allelic_expression	43	0.022	0.5	0.214	0.062	0.212	0.091	0.014	0.028	not_skewed
GTEX-131XG	spleen	allelic_expression	37	0	0.5	0.125	0.138	0.14	0.103	0.017	0.035	not_skewed
GTEX-1399S	spleen	allelic_expression	40	0	0.388	0.122	0.136	0.133	0.099	0.016	0.032	not_skewed
GTEX-13CF3	spleen	allelic_expression	33	0.029	0.375	0.217	0.096	0.225	0.083	0.014	0.029	not_skewed
GTEX-13FH7	spleen	allelic_expression	38	0	0.423	0.191	0.156	0.2	0.106	0.017	0.035	not_skewed
GTEX-13N11	spleen	allelic_expression	45	0	0.357	0.141	0.138	0.163	0.091	0.014	0.027	not_skewed
GTEX-13PL7	spleen	allelic_expression	37	0	0.367	0.167	0.121	0.16	0.094	0.015	0.031	not_skewed
GTEX-13PVR	spleen	allelic_expression	39	0.012	0.382	0.189	0.135	0.194	0.094	0.015	0.031	not_skewed
GTEX-13U4I	spleen	allelic_expression	29	0	0.5	0.085	0.102	0.113	0.117	0.022	0.044	not_skewed
GTEX-13VXT	spleen	allelic_expression	54	0	0.5	0.161	0.166	0.18	0.111	0.015	0.03	not_skewed
GTEX-13X6H	spleen	allelic_expression	34	0	0.404	0.155	0.129	0.163	0.099	0.017	0.035	not_skewed
GTEX-146FR	spleen	allelic_expression	32	0	0.5	0.305	0.069	0.298	0.086	0.015	0.031	skewed
GTEX-147F3	spleen	allelic_expression	29	0	0.386	0.111	0.142	0.138	0.099	0.018	0.038	not_skewed
GTEX-14BMU	spleen	allelic_expression	39	0	0.475	0.125	0.122	0.146	0.112	0.018	0.036	not_skewed
GTEX-14JG6	spleen	allelic_expression	37	0	0.318	0.1	0.121	0.108	0.075	0.012	0.025	not_skewed
GTEX-14PJ5	spleen	allelic_expression	35	0.045	0.5	0.201	0.12	0.227	0.111	0.019	0.038	not_skewed
GTEX-14PJ6	spleen	allelic_expression	25	0	0.489	0.195	0.158	0.205	0.123	0.025	0.051	not_skewed
GTEX-14PK6	spleen	allelic_expression	29	0	0.5	0.214	0.226	0.218	0.143	0.027	0.054	not_skewed
GTEX-14PKU	spleen	allelic_expression	30	0.014	0.357	0.058	0.063	0.088	0.076	0.014	0.028	not_skewed
GTEX-14PN3	spleen	allelic_expression	33	0.118	0.389	0.227	0.083	0.231	0.07	0.012	0.025	not_skewed
GTEX-15CHC	spleen	allelic_expression	38	0	0.5	0.176	0.165	0.169	0.117	0.019	0.039	not_skewed
GTEX-15DYW	spleen	allelic_expression	31	0	0.382	0.151	0.102	0.169	0.103	0.019	0.038	not_skewed
GTEX-15DZA	spleen	allelic_expression	35	0	0.306	0.083	0.099	0.099	0.072	0.012	0.025	not_skewed
GTEX-15ETS	spleen	allelic_expression	31	0.056	0.5	0.259	0.186	0.271	0.119	0.021	0.044	skewed
GTEX-15SB6	spleen	allelic_expression	35	0	0.5	0.147	0.104	0.16	0.117	0.02	0.04	not_skewed
GTEX-15SDE	spleen	allelic_expression	57	0	0.5	0.095	0.121	0.124	0.107	0.014	0.028	not_skewed
GTEX-16MT8	spleen	allelic_expression	35	0	0.5	0.265	0.207	0.273	0.151	0.026	0.052	skewed
GTEX-16MT9	spleen	allelic_expression	28	0.029	0.301	0.12	0.149	0.138	0.083	0.016	0.032	not_skewed
GTEX-17F98	spleen	allelic_expression	24	0	0.5	0.101	0.166	0.135	0.125	0.026	0.053	not_skewed
GTEX-1AMFI	spleen	allelic_expression	43	0	0.5	0.2	0.11	0.209	0.092	0.014	0.028	not_skewed
GTEX-1B97J	spleen	allelic_expression	35	0	0.497	0.125	0.097	0.144	0.099	0.017	0.034	not_skewed
GTEX-1C475	spleen	allelic_expression	33	0.227	0.5	0.396	0.052	0.397	0.057	0.01	0.02	skewed
GTEX-1F5PL	spleen	allelic_expression	34	0.027	0.5	0.1	0.097	0.14	0.121	0.021	0.042	not_skewed
GTEX-1GF9U	spleen	allelic_expression	40	0.167	0.5	0.416	0.113	0.403	0.089	0.014	0.029	skewed
GTEX-1GZ4H	spleen	allelic_expression	63	0	0.5	0.082	0.086	0.113	0.089	0.011	0.022	not_skewed
GTEX-1H2FU	spleen	allelic_expression	36	0.022	0.37	0.151	0.146	0.167	0.091	0.015	0.031	not_skewed
GTEX-1I1GT	spleen	allelic_expression	36	0.004	0.357	0.08	0.112	0.118	0.096	0.016	0.032	not_skewed
GTEX-1IDJE	spleen	allelic_expression	44	0	0.5	0.133	0.171	0.163	0.116	0.018	0.035	not_skewed
GTEX-1IDJU	spleen	allelic_expression	48	0	0.5	0.094	0.103	0.114	0.096	0.014	0.028	not_skewed
GTEX-1J8QM	spleen	allelic_expression	46	0.013	0.44	0.186	0.126	0.2	0.092	0.014	0.027	not_skewed
GTEX-1K9T9	spleen	allelic_expression	38	0	0.429	0.174	0.224	0.169	0.117	0.019	0.038	not_skewed
GTEX-1LNCM	spleen	allelic_expression	35	0.013	0.4	0.154	0.158	0.182	0.113	0.019	0.039	not_skewed
GTEX-1LVAN	spleen	allelic_expression	40	0	0.3	0.085	0.103	0.112	0.086	0.014	0.028	not_skewed
GTEX-1MCC2	spleen	allelic_expression	62	0.026	0.5	0.307	0.098	0.306	0.094	0.012	0.024	skewed
GTEX-1MCYP	spleen	allelic_expression	43	0	0.318	0.083	0.117	0.106	0.079	0.012	0.024	not_skewed
GTEX-1OJC4	spleen	allelic_expression	8	0	0.295	0.097	0.073	0.108	0.095	0.033	0.079	not_skewed
GTEX-1QCLZ	spleen	allelic_expression	35	0	0.417	0.071	0.148	0.109	0.106	0.018	0.036	not_skewed
GTEX-1R9JW	spleen	allelic_expression	37	0	0.278	0.074	0.121	0.102	0.082	0.014	0.027	not_skewed
GTEX-1RNTQ	spleen	allelic_expression	49	0.056	0.5	0.28	0.137	0.294	0.11	0.016	0.032	skewed
GTEX-P78B	spleen	allelic_expression	26	0.014	0.5	0.154	0.233	0.189	0.15	0.029	0.061	not_skewed
GTEX-POMQ	spleen	allelic_expression	54	0	0.5	0.09	0.114	0.126	0.112	0.015	0.031	not_skewed
GTEX-PX3G	spleen	allelic_expression	33	0	0.498	0.129	0.109	0.147	0.108	0.019	0.038	not_skewed
GTEX-QCQG	spleen	allelic_expression	35	0	0.497	0.071	0.128	0.105	0.11	0.019	0.038	not_skewed
GTEX-UJHI	spleen	allelic_expression	47	0	0.238	0.071	0.094	0.089	0.067	0.01	0.02	not_skewed
GTEX-WXYG	spleen	allelic_expression	41	0	0.5	0.071	0.09	0.098	0.103	0.016	0.033	not_skewed
GTEX-XUJ4	spleen	allelic_expression	29	0.115	0.5	0.375	0.07	0.373	0.083	0.015	0.032	skewed
GTEX-XV7Q	spleen	allelic_expression	55	0.033	0.5	0.284	0.105	0.285	0.096	0.013	0.026	skewed
GTEX-Y3IK	spleen	allelic_expression	41	0.014	0.5	0.083	0.111	0.135	0.125	0.02	0.04	not_skewed
GTEX-Y5LM	spleen	allelic_expression	25	0.056	0.441	0.224	0.133	0.22	0.093	0.019	0.039	not_skewed
GTEX-Y5V5	spleen	allelic_expression	28	0	0.3	0.085	0.086	0.104	0.079	0.015	0.031	not_skewed
GTEX-Y8LW	spleen	allelic_expression	32	0	0.312	0.05	0.057	0.07	0.082	0.014	0.03	not_skewed
GTEX-YB5K	spleen	allelic_expression	39	0	0.25	0.064	0.063	0.071	0.063	0.01	0.021	not_skewed
GTEX-ZF29	spleen	allelic_expression	43	0	0.5	0.161	0.131	0.184	0.117	0.018	0.036	not_skewed
GTEX-ZF2S	spleen	allelic_expression	32	0	0.25	0.101	0.088	0.11	0.075	0.013	0.027	not_skewed
GTEX-ZLWG	spleen	allelic_expression	49	0	0.5	0.1	0.106	0.128	0.117	0.017	0.034	not_skewed
GTEX-ZP4G	spleen	allelic_expression	40	0.029	0.5	0.18	0.13	0.194	0.098	0.016	0.031	not_skewed
GTEX-ZPCL	spleen	allelic_expression	39	0.086	0.5	0.256	0.1	0.272	0.089	0.014	0.029	skewed
GTEX-ZV6S	spleen	allelic_expression	35	0.011	0.293	0.146	0.056	0.143	0.066	0.011	0.023	not_skewed
GTEX-ZYFG	spleen	allelic_expression	33	0.028	0.441	0.291	0.13	0.282	0.097	0.017	0.035	skewed
GTEX-ZYWO	spleen	allelic_expression	43	0	0.389	0.148	0.09	0.161	0.088	0.013	0.027	not_skewed
GTEX-ZZPU	spleen	allelic_expression	32	0.367	0.5	0.484	0.044	0.47	0.038	0.007	0.014	skewed
GTEX-1128S	pituitary	allelic_expression	37	0	0.5	0.138	0.106	0.163	0.107	0.018	0.036	not_skewed
GTEX-113JC	pituitary	allelic_expression	39	0	0.5	0.159	0.106	0.182	0.116	0.019	0.038	not_skewed
GTEX-11EMC	pituitary	allelic_expression	31	0	0.286	0.071	0.065	0.08	0.059	0.011	0.022	not_skewed
GTEX-11ZTS	pituitary	allelic_expression	30	0	0.5	0.112	0.113	0.131	0.1	0.018	0.037	not_skewed
GTEX-11ZVC	pituitary	allelic_expression	37	0.033	0.4	0.18	0.087	0.184	0.081	0.013	0.027	not_skewed
GTEX-1269C	pituitary	allelic_expression	31	0	0.441	0.265	0.109	0.246	0.114	0.02	0.042	skewed
GTEX-12WS9	pituitary	allelic_expression	45	0.026	0.5	0.245	0.063	0.247	0.093	0.014	0.028	not_skewed
GTEX-12WSB	pituitary	allelic_expression	38	0	0.5	0.208	0.108	0.224	0.114	0.018	0.037	not_skewed
GTEX-12ZZX	pituitary	allelic_expression	49	0	0.269	0.085	0.123	0.103	0.075	0.011	0.022	not_skewed
GTEX-1313W	pituitary	allelic_expression	40	0	0.3	0.06	0.101	0.087	0.08	0.013	0.026	not_skewed
GTEX-131XW	pituitary	allelic_expression	28	0.071	0.5	0.318	0.129	0.314	0.095	0.018	0.037	skewed
GTEX-139T4	pituitary	allelic_expression	38	0.043	0.5	0.22	0.136	0.236	0.098	0.016	0.032	not_skewed
GTEX-13FTY	pituitary	allelic_expression	44	0	0.5	0.221	0.096	0.227	0.109	0.016	0.033	not_skewed
GTEX-13JUV	pituitary	allelic_expression	62	0	0.321	0.071	0.074	0.09	0.07	0.009	0.018	not_skewed
GTEX-13PLJ	pituitary	allelic_expression	42	0.071	0.5	0.367	0.076	0.366	0.08	0.012	0.025	skewed
GTEX-13QJC	pituitary	allelic_expression	37	0.053	0.5	0.225	0.115	0.237	0.104	0.017	0.035	not_skewed
GTEX-13SLX	pituitary	allelic_expression	47	0.038	0.5	0.277	0.076	0.274	0.092	0.013	0.027	skewed
GTEX-13X6K	pituitary	allelic_expression	47	0	0.318	0.086	0.07	0.088	0.06	0.009	0.018	not_skewed
GTEX-145LS	pituitary	allelic_expression	35	0	0.333	0.064	0.08	0.09	0.082	0.014	0.028	not_skewed
GTEX-14A5I	pituitary	allelic_expression	45	0	0.5	0.095	0.107	0.12	0.094	0.014	0.028	not_skewed
GTEX-14BIM	pituitary	allelic_expression	39	0.05	0.5	0.231	0.129	0.243	0.111	0.018	0.036	not_skewed
GTEX-14BIN	pituitary	allelic_expression	35	0	0.5	0.083	0.073	0.095	0.094	0.016	0.032	not_skewed
GTEX-14DAQ	pituitary	allelic_expression	40	0.033	0.38	0.201	0.091	0.208	0.075	0.012	0.024	not_skewed
GTEX-14LLW	pituitary	allelic_expression	40	0	0.5	0.106	0.138	0.137	0.115	0.018	0.037	not_skewed
GTEX-14LZ3	pituitary	allelic_expression	38	0.045	0.364	0.237	0.094	0.225	0.083	0.014	0.027	not_skewed
GTEX-14PQA	pituitary	allelic_expression	25	0.013	0.214	0.088	0.081	0.088	0.054	0.011	0.022	not_skewed
GTEX-15DCD	pituitary	allelic_expression	43	0	0.5	0.186	0.177	0.171	0.108	0.016	0.033	not_skewed
GTEX-15DDE	pituitary	allelic_expression	46	0	0.5	0.199	0.124	0.206	0.101	0.015	0.03	not_skewed
GTEX-15UF6	pituitary	allelic_expression	41	0	0.278	0.092	0.107	0.105	0.083	0.013	0.026	not_skewed
GTEX-16NPV	pituitary	allelic_expression	28	0.05	0.375	0.217	0.062	0.214	0.086	0.016	0.033	not_skewed
GTEX-17HG3	pituitary	allelic_expression	35	0.038	0.5	0.333	0.087	0.316	0.097	0.016	0.033	skewed
GTEX-1A32A	pituitary	allelic_expression	30	0.026	0.412	0.193	0.105	0.19	0.096	0.018	0.036	not_skewed
GTEX-1A3MW	pituitary	allelic_expression	50	0.026	0.5	0.222	0.084	0.23	0.109	0.015	0.031	not_skewed
GTEX-1A8FM	pituitary	allelic_expression	43	0	0.438	0.182	0.083	0.17	0.087	0.013	0.027	not_skewed
GTEX-1CB4H	pituitary	allelic_expression	38	0	0.5	0.198	0.101	0.216	0.103	0.017	0.034	not_skewed
GTEX-1EWIQ	pituitary	allelic_expression	42	0	0.5	0.308	0.083	0.286	0.122	0.019	0.038	skewed
GTEX-1F52S	pituitary	allelic_expression	43	0	0.5	0.065	0.059	0.088	0.097	0.015	0.03	not_skewed
GTEX-1F7RK	pituitary	allelic_expression	35	0.008	0.3	0.079	0.064	0.097	0.074	0.013	0.025	not_skewed
GTEX-1F88E	pituitary	allelic_expression	47	0	0.434	0.144	0.123	0.164	0.09	0.013	0.026	not_skewed
GTEX-1F88F	pituitary	allelic_expression	41	0	0.417	0.145	0.1	0.156	0.087	0.014	0.027	not_skewed
GTEX-1GZHY	pituitary	allelic_expression	44	0.019	0.5	0.284	0.15	0.293	0.105	0.016	0.032	skewed
GTEX-1HBPH	pituitary	allelic_expression	46	0	0.22	0.079	0.065	0.083	0.058	0.009	0.017	not_skewed
GTEX-1I1CD	pituitary	allelic_expression	38	0.227	0.5	0.414	0.075	0.407	0.069	0.011	0.023	skewed
GTEX-1IKOH	pituitary	allelic_expression	43	0.056	0.5	0.314	0.104	0.318	0.098	0.015	0.03	skewed
GTEX-1J8EW	pituitary	allelic_expression	45	0	0.441	0.162	0.091	0.168	0.082	0.012	0.025	not_skewed
GTEX-1JMOU	pituitary	allelic_expression	33	0	0.357	0.079	0.098	0.107	0.088	0.015	0.031	not_skewed
GTEX-1JMQL	pituitary	allelic_expression	54	0	0.5	0.132	0.124	0.154	0.097	0.013	0.026	not_skewed
GTEX-1JN1M	pituitary	allelic_expression	47	0.033	0.5	0.231	0.118	0.239	0.097	0.014	0.028	not_skewed
GTEX-1LH75	pituitary	allelic_expression	42	0	0.5	0.193	0.078	0.209	0.085	0.013	0.026	not_skewed
GTEX-1LKK1	pituitary	allelic_expression	46	0.056	0.48	0.242	0.094	0.253	0.082	0.012	0.024	not_skewed
GTEX-1NV5F	pituitary	allelic_expression	36	0.015	0.5	0.154	0.111	0.165	0.098	0.016	0.033	not_skewed
GTEX-1OJC4	pituitary	allelic_expression	43	0.002	0.423	0.125	0.12	0.137	0.107	0.016	0.033	not_skewed
GTEX-1PBJI	pituitary	allelic_expression	42	0.125	0.5	0.28	0.08	0.277	0.082	0.013	0.026	skewed
GTEX-1POEN	pituitary	allelic_expression	48	0	0.389	0.068	0.093	0.096	0.086	0.012	0.025	not_skewed
GTEX-1QEPI	pituitary	allelic_expression	41	0	0.357	0.109	0.113	0.131	0.09	0.014	0.028	not_skewed
GTEX-1R46S	pituitary	allelic_expression	28	0	0.5	0.153	0.184	0.196	0.14	0.026	0.054	not_skewed
GTEX-T2IS	pituitary	allelic_expression	31	0	0.375	0.179	0.1	0.176	0.096	0.017	0.035	not_skewed
GTEX-ZAJG	pituitary	allelic_expression	56	0	0.375	0.083	0.112	0.099	0.085	0.011	0.023	not_skewed
GTEX-ZAK1	pituitary	allelic_expression	31	0	0.5	0.071	0.109	0.108	0.114	0.021	0.042	not_skewed
GTEX-ZYY3	pituitary	allelic_expression	34	0.056	0.429	0.312	0.072	0.309	0.074	0.013	0.026	skewed
GTEX-1117F	heart-1	allelic_expression	47	0	0.5	0.132	0.121	0.151	0.106	0.016	0.031	not_skewed
GTEX-1122O	heart-1	allelic_expression	43	0	0.5	0.156	0.125	0.158	0.115	0.018	0.035	not_skewed
GTEX-11DXX	heart-1	allelic_expression	38	0	0.494	0.084	0.065	0.095	0.082	0.013	0.027	not_skewed
GTEX-11EM3	heart-1	allelic_expression	40	0	0.5	0.226	0.109	0.227	0.111	0.018	0.036	not_skewed
GTEX-11EMC	heart-1	allelic_expression	26	0.014	0.5	0.248	0.105	0.231	0.111	0.022	0.045	not_skewed
GTEX-11P81	heart-1	allelic_expression	38	0.024	0.5	0.309	0.139	0.295	0.114	0.018	0.037	skewed
GTEX-11ZTT	heart-1	allelic_expression	51	0	0.316	0.077	0.144	0.106	0.083	0.012	0.023	not_skewed
GTEX-11ZVC	heart-1	allelic_expression	40	0	0.5	0.137	0.156	0.159	0.116	0.018	0.037	not_skewed
GTEX-1211K	heart-1	allelic_expression	43	0	0.5	0.225	0.156	0.222	0.112	0.017	0.035	not_skewed
GTEX-12WS9	heart-1	allelic_expression	46	0.076	0.5	0.229	0.103	0.253	0.099	0.015	0.029	not_skewed
GTEX-12WSG	heart-1	allelic_expression	35	0	0.5	0.1	0.141	0.137	0.121	0.02	0.042	not_skewed
GTEX-12WSK	heart-1	allelic_expression	42	0	0.494	0.111	0.118	0.137	0.113	0.017	0.035	not_skewed
GTEX-12ZZX	heart-1	allelic_expression	42	0	0.375	0.1	0.079	0.121	0.087	0.013	0.027	not_skewed
GTEX-1313W	heart-1	allelic_expression	35	0	0.417	0.2	0.146	0.187	0.102	0.017	0.035	not_skewed
GTEX-131XG	heart-1	allelic_expression	30	0.016	0.5	0.076	0.106	0.106	0.102	0.019	0.038	not_skewed
GTEX-132AR	heart-1	allelic_expression	30	0.033	0.5	0.132	0.079	0.151	0.097	0.018	0.036	not_skewed
GTEX-1399S	heart-1	allelic_expression	42	0	0.375	0.096	0.083	0.105	0.077	0.012	0.024	not_skewed
GTEX-1399U	heart-1	allelic_expression	33	0.012	0.214	0.056	0.069	0.079	0.059	0.01	0.021	not_skewed
GTEX-13CF3	heart-1	allelic_expression	35	0	0.444	0.172	0.198	0.198	0.119	0.02	0.041	not_skewed
GTEX-13D11	heart-1	allelic_expression	46	0.033	0.409	0.229	0.129	0.226	0.103	0.015	0.031	not_skewed
GTEX-13FH7	heart-1	allelic_expression	36	0	0.5	0.158	0.131	0.163	0.104	0.017	0.035	not_skewed
GTEX-13JUV	heart-1	allelic_expression	53	0	0.5	0.114	0.125	0.129	0.1	0.014	0.028	not_skewed
GTEX-13N11	heart-1	allelic_expression	57	0	0.25	0.076	0.087	0.091	0.068	0.009	0.018	not_skewed
GTEX-13O3O	heart-1	allelic_expression	41	0	0.5	0.106	0.149	0.126	0.102	0.016	0.032	not_skewed
GTEX-13OVI	heart-1	allelic_expression	53	0	0.5	0.136	0.129	0.153	0.102	0.014	0.028	not_skewed
GTEX-13PL6	heart-1	allelic_expression	30	0	0.5	0.085	0.121	0.124	0.129	0.023	0.048	not_skewed
GTEX-13PL7	heart-1	allelic_expression	33	0	0.417	0.065	0.079	0.092	0.089	0.016	0.032	not_skewed
GTEX-13PVR	heart-1	allelic_expression	35	0.038	0.5	0.371	0.153	0.349	0.118	0.02	0.041	skewed
GTEX-13QBU	heart-1	allelic_expression	41	0.038	0.497	0.132	0.139	0.166	0.102	0.016	0.032	not_skewed
GTEX-13SLX	heart-1	allelic_expression	49	0.014	0.5	0.214	0.157	0.227	0.13	0.019	0.037	not_skewed
GTEX-13U4I	heart-1	allelic_expression	34	0	0.5	0.137	0.118	0.158	0.108	0.018	0.038	not_skewed
GTEX-13VXT	heart-1	allelic_expression	44	0.071	0.5	0.225	0.119	0.235	0.097	0.015	0.029	not_skewed
GTEX-13W3W	heart-1	allelic_expression	39	0.042	0.5	0.25	0.103	0.25	0.09	0.014	0.029	skewed
GTEX-13X6K	heart-1	allelic_expression	47	0	0.25	0.071	0.097	0.081	0.064	0.009	0.019	not_skewed
GTEX-145LS	heart-1	allelic_expression	37	0	0.5	0.109	0.069	0.128	0.099	0.016	0.033	not_skewed
GTEX-146FH	heart-1	allelic_expression	41	0.022	0.5	0.225	0.124	0.243	0.116	0.018	0.037	not_skewed
GTEX-146FR	heart-1	allelic_expression	37	0.083	0.414	0.298	0.083	0.294	0.072	0.012	0.024	skewed
GTEX-14A5I	heart-1	allelic_expression	39	0	0.5	0.192	0.146	0.175	0.117	0.019	0.038	not_skewed
GTEX-14BIM	heart-1	allelic_expression	29	0	0.357	0.167	0.108	0.176	0.09	0.017	0.034	not_skewed
GTEX-14BIN	heart-1	allelic_expression	32	0.012	0.5	0.192	0.173	0.198	0.128	0.023	0.046	not_skewed
GTEX-14DAQ	heart-1	allelic_expression	34	0.045	0.5	0.342	0.088	0.336	0.098	0.017	0.034	skewed
GTEX-14H4A	heart-1	allelic_expression	36	0.071	0.5	0.348	0.105	0.323	0.102	0.017	0.034	skewed
GTEX-14PHY	heart-1	allelic_expression	50	0.056	0.5	0.269	0.102	0.262	0.098	0.014	0.028	skewed
GTEX-14PJ6	heart-1	allelic_expression	38	0	0.5	0.278	0.062	0.277	0.099	0.016	0.033	skewed
GTEX-14PK6	heart-1	allelic_expression	31	0	0.357	0.065	0.113	0.099	0.096	0.017	0.035	not_skewed
GTEX-14PN3	heart-1	allelic_expression	33	0	0.389	0.115	0.15	0.116	0.093	0.016	0.033	not_skewed
GTEX-14XAO	heart-1	allelic_expression	34	0	0.5	0.118	0.138	0.146	0.127	0.022	0.044	not_skewed
GTEX-15CHC	heart-1	allelic_expression	47	0	0.5	0.188	0.173	0.194	0.121	0.018	0.036	not_skewed
GTEX-15SDE	heart-1	allelic_expression	59	0	0.5	0.098	0.121	0.125	0.112	0.015	0.029	not_skewed
GTEX-15SHU	heart-1	allelic_expression	33	0.011	0.357	0.115	0.121	0.132	0.084	0.015	0.03	not_skewed
GTEX-16MT8	heart-1	allelic_expression	34	0	0.5	0.153	0.121	0.174	0.111	0.019	0.039	not_skewed
GTEX-17F9Y	heart-1	allelic_expression	41	0	0.5	0.086	0.099	0.125	0.111	0.017	0.035	not_skewed
GTEX-17HG3	heart-1	allelic_expression	25	0	0.5	0.269	0.19	0.262	0.132	0.026	0.054	skewed
GTEX-17JCI	heart-1	allelic_expression	29	0.013	0.438	0.091	0.127	0.132	0.107	0.02	0.041	not_skewed
GTEX-183WM	heart-1	allelic_expression	37	0	0.4	0.1	0.107	0.119	0.102	0.017	0.034	not_skewed
GTEX-18A7A	heart-1	allelic_expression	39	0	0.5	0.154	0.115	0.16	0.105	0.017	0.034	not_skewed
GTEX-1A32A	heart-1	allelic_expression	38	0	0.5	0.128	0.126	0.161	0.112	0.018	0.037	not_skewed
GTEX-1A8FM	heart-1	allelic_expression	47	0.029	0.429	0.195	0.144	0.196	0.094	0.014	0.027	not_skewed
GTEX-1B932	heart-1	allelic_expression	31	0.056	0.5	0.243	0.151	0.255	0.114	0.021	0.042	not_skewed
GTEX-1B97J	heart-1	allelic_expression	32	0	0.5	0.067	0.095	0.11	0.114	0.02	0.041	not_skewed
GTEX-1CAMS	heart-1	allelic_expression	30	0	0.5	0.145	0.149	0.169	0.14	0.025	0.052	not_skewed
GTEX-1CB4H	heart-1	allelic_expression	32	0	0.5	0.118	0.205	0.161	0.154	0.027	0.055	not_skewed
GTEX-1EWIQ	heart-1	allelic_expression	37	0.021	0.5	0.111	0.151	0.15	0.11	0.018	0.037	not_skewed
GTEX-1F88F	heart-1	allelic_expression	41	0.029	0.5	0.132	0.101	0.158	0.102	0.016	0.032	not_skewed
GTEX-1GF9U	heart-1	allelic_expression	39	0	0.5	0.154	0.105	0.185	0.129	0.021	0.042	not_skewed
GTEX-1GN1W	heart-1	allelic_expression	47	0	0.5	0.153	0.127	0.152	0.107	0.016	0.031	not_skewed
GTEX-1GZHY	heart-1	allelic_expression	29	0	0.326	0.093	0.065	0.102	0.077	0.014	0.029	not_skewed
GTEX-1H1CY	heart-1	allelic_expression	48	0	0.5	0.199	0.126	0.201	0.117	0.017	0.034	not_skewed
GTEX-1H2FU	heart-1	allelic_expression	39	0	0.3	0.09	0.147	0.126	0.096	0.015	0.031	not_skewed
GTEX-1HBPH	heart-1	allelic_expression	36	0.02	0.3	0.129	0.102	0.136	0.074	0.012	0.025	not_skewed
GTEX-1HBPM	heart-1	allelic_expression	38	0.014	0.438	0.125	0.121	0.135	0.098	0.016	0.032	not_skewed
GTEX-1HC8U	heart-1	allelic_expression	64	0	0.5	0.161	0.155	0.172	0.109	0.014	0.027	not_skewed
GTEX-1HCUA	heart-1	allelic_expression	64	0	0.5	0.111	0.103	0.145	0.117	0.015	0.029	not_skewed
GTEX-1HFI7	heart-1	allelic_expression	30	0	0.417	0.259	0.109	0.252	0.092	0.017	0.034	skewed
GTEX-1HSGN	heart-1	allelic_expression	66	0.019	0.5	0.339	0.103	0.32	0.099	0.012	0.024	skewed
GTEX-1I1CD	heart-1	allelic_expression	39	0	0.5	0.2	0.276	0.209	0.152	0.024	0.049	not_skewed
GTEX-1ICG6	heart-1	allelic_expression	42	0	0.5	0.312	0.117	0.302	0.109	0.017	0.034	skewed
GTEX-1IDJU	heart-1	allelic_expression	53	0	0.5	0.138	0.129	0.151	0.098	0.014	0.027	not_skewed
GTEX-1IKOE	heart-1	allelic_expression	67	0.065	0.5	0.25	0.091	0.249	0.095	0.012	0.023	skewed
GTEX-1IKOH	heart-1	allelic_expression	43	0.042	0.5	0.363	0.093	0.348	0.088	0.013	0.027	skewed
GTEX-1J8EW	heart-1	allelic_expression	42	0	0.441	0.173	0.102	0.17	0.093	0.014	0.029	not_skewed
GTEX-1J8QM	heart-1	allelic_expression	49	0.017	0.476	0.11	0.108	0.125	0.09	0.013	0.026	not_skewed
GTEX-1JMOU	heart-1	allelic_expression	34	0	0.5	0.174	0.164	0.179	0.118	0.02	0.041	not_skewed
GTEX-1JMQL	heart-1	allelic_expression	49	0	0.5	0.156	0.127	0.169	0.106	0.015	0.031	not_skewed
GTEX-1K9T9	heart-1	allelic_expression	48	0	0.389	0.126	0.101	0.133	0.081	0.012	0.023	not_skewed
GTEX-1KANC	heart-1	allelic_expression	53	0.038	0.5	0.241	0.19	0.258	0.121	0.017	0.033	not_skewed
GTEX-1LGOU	heart-1	allelic_expression	49	0	0.5	0.143	0.094	0.148	0.092	0.013	0.026	not_skewed
GTEX-1LH75	heart-1	allelic_expression	35	0.167	0.5	0.357	0.108	0.361	0.081	0.014	0.028	skewed
GTEX-1LVAN	heart-1	allelic_expression	30	0.026	0.5	0.156	0.15	0.177	0.123	0.022	0.046	not_skewed
GTEX-1MCC2	heart-1	allelic_expression	70	0	0.5	0.081	0.1	0.105	0.086	0.01	0.021	not_skewed
GTEX-1POEN	heart-1	allelic_expression	37	0	0.318	0.06	0.09	0.095	0.089	0.015	0.03	not_skewed
GTEX-1QCLZ	heart-1	allelic_expression	41	0	0.324	0.04	0.086	0.074	0.079	0.012	0.025	not_skewed
GTEX-1QEPI	heart-1	allelic_expression	48	0.038	0.5	0.188	0.125	0.195	0.098	0.014	0.028	not_skewed
GTEX-1QPFJ	heart-1	allelic_expression	56	0	0.5	0.068	0.091	0.102	0.112	0.015	0.03	not_skewed
GTEX-1R9JW	heart-1	allelic_expression	38	0	0.375	0.094	0.13	0.114	0.098	0.016	0.032	not_skewed
GTEX-VJWN	heart-1	allelic_expression	50	0	0.5	0.071	0.087	0.097	0.11	0.016	0.031	not_skewed
GTEX-WI4N	heart-1	allelic_expression	38	0.008	0.5	0.174	0.2	0.197	0.128	0.021	0.042	not_skewed
GTEX-WRHU	heart-1	allelic_expression	28	0	0.5	0.102	0.092	0.129	0.105	0.02	0.041	not_skewed
GTEX-WYBS	heart-1	allelic_expression	27	0.005	0.357	0.079	0.062	0.108	0.097	0.019	0.038	not_skewed
GTEX-X8HC	heart-1	allelic_expression	34	0	0.5	0.175	0.156	0.18	0.13	0.022	0.045	not_skewed
GTEX-XOT4	heart-1	allelic_expression	36	0.019	0.333	0.121	0.09	0.139	0.076	0.013	0.026	not_skewed
GTEX-XUJ4	heart-1	allelic_expression	28	0.071	0.5	0.421	0.084	0.398	0.112	0.021	0.043	skewed
GTEX-XV7Q	heart-1	allelic_expression	47	0.002	0.496	0.102	0.095	0.138	0.114	0.017	0.033	not_skewed
GTEX-XYKS	heart-1	allelic_expression	43	0	0.409	0.167	0.122	0.171	0.097	0.015	0.03	not_skewed
GTEX-Y3IK	heart-1	allelic_expression	42	0.016	0.5	0.225	0.111	0.233	0.105	0.016	0.033	not_skewed
GTEX-Y5V5	heart-1	allelic_expression	31	0	0.5	0.088	0.129	0.125	0.111	0.02	0.041	not_skewed
GTEX-YB5K	heart-1	allelic_expression	43	0	0.357	0.125	0.104	0.14	0.091	0.014	0.028	not_skewed
GTEX-YJ8O	heart-1	allelic_expression	35	0	0.367	0.145	0.158	0.154	0.103	0.017	0.035	not_skewed
GTEX-ZAJG	heart-1	allelic_expression	48	0.029	0.5	0.253	0.108	0.249	0.09	0.013	0.026	skewed
GTEX-ZAK1	heart-1	allelic_expression	41	0	0.5	0.286	0.168	0.28	0.127	0.02	0.04	skewed
GTEX-ZE7O	heart-1	allelic_expression	34	0	0.429	0.077	0.076	0.105	0.1	0.017	0.035	not_skewed
GTEX-ZF29	heart-1	allelic_expression	41	0	0.5	0.117	0.074	0.144	0.1	0.016	0.032	not_skewed
GTEX-ZF2S	heart-1	allelic_expression	33	0.019	0.468	0.212	0.098	0.215	0.09	0.016	0.032	not_skewed
GTEX-ZF3C	heart-1	allelic_expression	23	0.125	0.5	0.341	0.064	0.329	0.096	0.02	0.041	skewed
GTEX-ZGAY	heart-1	allelic_expression	32	0.031	0.357	0.132	0.081	0.144	0.069	0.012	0.025	not_skewed
GTEX-ZPCL	heart-1	allelic_expression	43	0	0.5	0.347	0.156	0.326	0.105	0.016	0.032	skewed
GTEX-ZTPG	heart-1	allelic_expression	24	0	0.5	0.084	0.079	0.109	0.118	0.024	0.05	not_skewed
GTEX-ZVT2	heart-1	allelic_expression	35	0	0.5	0.227	0.156	0.227	0.127	0.021	0.044	not_skewed
GTEX-ZVT3	heart-1	allelic_expression	37	0	0.375	0.083	0.129	0.107	0.084	0.014	0.028	not_skewed
GTEX-ZVT4	heart-1	allelic_expression	37	0	0.5	0.065	0.102	0.106	0.11	0.018	0.037	not_skewed
GTEX-ZVZQ	heart-1	allelic_expression	38	0.002	0.5	0.149	0.175	0.161	0.125	0.02	0.041	not_skewed
GTEX-ZYFG	heart-1	allelic_expression	34	0.056	0.5	0.327	0.087	0.333	0.085	0.015	0.03	skewed
GTEX-ZYVF	heart-1	allelic_expression	30	0.125	0.5	0.37	0.096	0.362	0.095	0.017	0.035	skewed
GTEX-ZYWO	heart-1	allelic_expression	48	0	0.294	0.08	0.09	0.092	0.073	0.011	0.021	not_skewed
GTEX-ZZPU	heart-1	allelic_expression	42	0.357	0.5	0.5	0.023	0.48	0.033	0.005	0.01	skewed
GTEX-1117F	artery-2	allelic_expression	58	0.022	0.5	0.238	0.106	0.236	0.093	0.012	0.024	not_skewed
GTEX-1122O	artery-2	allelic_expression	38	0	0.5	0.078	0.114	0.118	0.114	0.018	0.037	not_skewed
GTEX-11DXX	artery-2	allelic_expression	44	0	0.498	0.071	0.087	0.086	0.096	0.014	0.029	not_skewed
GTEX-11EM3	artery-2	allelic_expression	38	0	0.5	0.071	0.093	0.112	0.124	0.02	0.041	not_skewed
GTEX-11I78	artery-2	allelic_expression	46	0	0.329	0.137	0.111	0.149	0.08	0.012	0.024	not_skewed
GTEX-11ZTS	artery-2	allelic_expression	32	0	0.5	0.057	0.085	0.11	0.116	0.021	0.042	not_skewed
GTEX-11ZTT	artery-2	allelic_expression	53	0	0.357	0.081	0.089	0.098	0.075	0.01	0.021	not_skewed
GTEX-12WSK	artery-2	allelic_expression	44	0	0.495	0.122	0.084	0.134	0.097	0.015	0.03	not_skewed
GTEX-12ZZX	artery-2	allelic_expression	48	0	0.312	0.064	0.083	0.08	0.069	0.01	0.02	not_skewed
GTEX-131XG	artery-2	allelic_expression	30	0.011	0.5	0.136	0.128	0.162	0.113	0.021	0.042	not_skewed
GTEX-132AR	artery-2	allelic_expression	36	0	0.333	0.071	0.077	0.088	0.079	0.013	0.027	not_skewed
GTEX-1399S	artery-2	allelic_expression	42	0	0.5	0.062	0.082	0.099	0.098	0.015	0.03	not_skewed
GTEX-1399U	artery-2	allelic_expression	37	0.056	0.433	0.227	0.108	0.237	0.095	0.016	0.032	not_skewed
GTEX-13CF3	artery-2	allelic_expression	33	0	0.357	0.2	0.09	0.202	0.093	0.016	0.033	not_skewed
GTEX-13FH7	artery-2	allelic_expression	37	0.012	0.318	0.109	0.104	0.128	0.086	0.014	0.029	not_skewed
GTEX-13N11	artery-2	allelic_expression	57	0	0.4	0.071	0.109	0.097	0.093	0.012	0.025	not_skewed
GTEX-13PL7	artery-2	allelic_expression	34	0.017	0.333	0.199	0.121	0.199	0.088	0.015	0.031	not_skewed
GTEX-13PVR	artery-2	allelic_expression	36	0	0.278	0.107	0.109	0.108	0.08	0.013	0.027	not_skewed
GTEX-13QBU	artery-2	allelic_expression	41	0	0.5	0.049	0.072	0.083	0.098	0.015	0.031	not_skewed
GTEX-13QJC	artery-2	allelic_expression	28	0.026	0.5	0.207	0.107	0.218	0.1	0.019	0.039	not_skewed
GTEX-13S7M	artery-2	allelic_expression	37	0	0.409	0.195	0.121	0.199	0.082	0.013	0.027	not_skewed
GTEX-13U4I	artery-2	allelic_expression	36	0	0.5	0.15	0.118	0.16	0.097	0.016	0.033	not_skewed
GTEX-13VXT	artery-2	allelic_expression	56	0	0.5	0.246	0.157	0.222	0.12	0.016	0.032	not_skewed
GTEX-13W3W	artery-2	allelic_expression	51	0.01	0.278	0.108	0.122	0.111	0.069	0.01	0.019	not_skewed
GTEX-146FH	artery-2	allelic_expression	48	0.071	0.5	0.249	0.115	0.255	0.1	0.014	0.029	not_skewed
GTEX-14H4A	artery-2	allelic_expression	38	0.071	0.5	0.267	0.105	0.272	0.104	0.017	0.034	skewed
GTEX-14PJ6	artery-2	allelic_expression	37	0.024	0.5	0.201	0.082	0.217	0.113	0.019	0.038	not_skewed
GTEX-14PN3	artery-2	allelic_expression	34	0	0.389	0.164	0.104	0.157	0.082	0.014	0.029	not_skewed
GTEX-14XAO	artery-2	allelic_expression	34	0	0.5	0.082	0.134	0.129	0.139	0.024	0.048	not_skewed
GTEX-15CHC	artery-2	allelic_expression	39	0	0.362	0.167	0.086	0.172	0.077	0.012	0.025	not_skewed
GTEX-15DDE	artery-2	allelic_expression	51	0	0.5	0.102	0.126	0.128	0.101	0.014	0.028	not_skewed
GTEX-15SHU	artery-2	allelic_expression	37	0	0.3	0.184	0.071	0.17	0.072	0.012	0.024	not_skewed
GTEX-17F9Y	artery-2	allelic_expression	34	0	0.5	0.051	0.099	0.097	0.109	0.019	0.038	not_skewed
GTEX-18A7A	artery-2	allelic_expression	41	0	0.5	0.056	0.08	0.092	0.105	0.016	0.033	not_skewed
GTEX-1A32A	artery-2	allelic_expression	38	0.059	0.5	0.342	0.085	0.323	0.104	0.017	0.034	skewed
GTEX-1B932	artery-2	allelic_expression	42	0	0.5	0.239	0.129	0.241	0.121	0.019	0.038	not_skewed
GTEX-1B97J	artery-2	allelic_expression	44	0	0.5	0.103	0.095	0.111	0.087	0.013	0.026	not_skewed
GTEX-1CAMS	artery-2	allelic_expression	37	0.1	0.5	0.4	0.068	0.371	0.107	0.018	0.036	skewed
GTEX-1HBPH	artery-2	allelic_expression	41	0	0.3	0.122	0.121	0.133	0.079	0.012	0.025	not_skewed
GTEX-1HBPM	artery-2	allelic_expression	32	0	0.379	0.218	0.078	0.213	0.093	0.016	0.033	not_skewed
GTEX-1HC8U	artery-2	allelic_expression	80	0	0.463	0.088	0.097	0.112	0.09	0.01	0.02	not_skewed
GTEX-1HCUA	artery-2	allelic_expression	59	0	0.5	0.071	0.083	0.109	0.116	0.015	0.03	not_skewed
GTEX-1HFI7	artery-2	allelic_expression	37	0.108	0.47	0.321	0.125	0.31	0.089	0.015	0.03	skewed
GTEX-1HSGN	artery-2	allelic_expression	72	0	0.5	0.109	0.105	0.137	0.098	0.012	0.023	not_skewed
GTEX-1IDJU	artery-2	allelic_expression	50	0	0.5	0.135	0.153	0.16	0.115	0.016	0.033	not_skewed
GTEX-1IKOE	artery-2	allelic_expression	56	0	0.5	0.179	0.139	0.18	0.099	0.013	0.026	not_skewed
GTEX-1J8QM	artery-2	allelic_expression	51	0	0.5	0.154	0.13	0.165	0.107	0.015	0.03	not_skewed
GTEX-1JN1M	artery-2	allelic_expression	46	0.048	0.5	0.336	0.078	0.323	0.1	0.015	0.03	skewed
GTEX-1K9T9	artery-2	allelic_expression	40	0.019	0.419	0.239	0.086	0.232	0.09	0.014	0.029	not_skewed
GTEX-1LGOU	artery-2	allelic_expression	46	0	0.5	0.179	0.126	0.173	0.102	0.015	0.03	not_skewed
GTEX-1LVAN	artery-2	allelic_expression	32	0.008	0.5	0.087	0.086	0.113	0.114	0.02	0.041	not_skewed
GTEX-1QCLZ	artery-2	allelic_expression	47	0	0.357	0.111	0.106	0.119	0.087	0.013	0.025	not_skewed
GTEX-1QPFJ	artery-2	allelic_expression	47	0.188	0.5	0.357	0.077	0.362	0.074	0.011	0.022	skewed
GTEX-1R46S	artery-2	allelic_expression	28	0.209	0.5	0.357	0.034	0.361	0.07	0.013	0.027	skewed
GTEX-1RDX4	artery-2	allelic_expression	39	0	0.269	0.119	0.09	0.122	0.073	0.012	0.024	not_skewed
GTEX-OHPL	artery-2	allelic_expression	44	0.026	0.5	0.233	0.111	0.23	0.102	0.015	0.031	not_skewed
GTEX-OHPN	artery-2	allelic_expression	27	0	0.286	0.079	0.066	0.092	0.064	0.012	0.025	not_skewed
GTEX-PWCY	artery-2	allelic_expression	34	0.071	0.357	0.256	0.065	0.248	0.064	0.011	0.022	skewed
GTEX-PX3G	artery-2	allelic_expression	37	0	0.5	0.08	0.095	0.116	0.111	0.018	0.037	not_skewed
GTEX-UJHI	artery-2	allelic_expression	44	0.012	0.357	0.159	0.138	0.155	0.099	0.015	0.03	not_skewed
GTEX-UPIC	artery-2	allelic_expression	45	0.382	0.5	0.5	0	0.495	0.022	0.003	0.006	skewed
GTEX-WRHU	artery-2	allelic_expression	33	0	0.357	0.136	0.121	0.157	0.09	0.016	0.032	not_skewed
GTEX-XV7Q	artery-2	allelic_expression	47	0.1	0.5	0.32	0.068	0.326	0.077	0.011	0.023	skewed
GTEX-Y3IK	artery-2	allelic_expression	51	0	0.5	0.066	0.096	0.098	0.103	0.014	0.029	not_skewed
GTEX-YB5K	artery-2	allelic_expression	35	0	0.429	0.077	0.135	0.103	0.103	0.017	0.035	not_skewed
GTEX-YJ8O	artery-2	allelic_expression	43	0	0.288	0.111	0.095	0.115	0.069	0.011	0.021	not_skewed
GTEX-ZF29	artery-2	allelic_expression	38	0	0.5	0.087	0.089	0.11	0.108	0.017	0.035	not_skewed
GTEX-ZF3C	artery-2	allelic_expression	31	0.239	0.5	0.405	0.089	0.413	0.065	0.012	0.024	skewed
GTEX-ZGAY	artery-2	allelic_expression	28	0	0.3	0.065	0.099	0.09	0.079	0.015	0.031	not_skewed
GTEX-ZPCL	artery-2	allelic_expression	40	0.068	0.5	0.296	0.119	0.294	0.099	0.016	0.032	skewed
GTEX-ZVT2	artery-2	allelic_expression	40	0	0.324	0.189	0.099	0.181	0.083	0.013	0.026	not_skewed
GTEX-ZYFG	artery-2	allelic_expression	43	0	0.5	0.308	0.08	0.292	0.103	0.016	0.032	skewed
GTEX-ZYWO	artery-2	allelic_expression	53	0.015	0.389	0.123	0.079	0.127	0.073	0.01	0.02	not_skewed
GTEX-ZZPU	artery-2	allelic_expression	36	0.375	0.5	0.463	0.057	0.459	0.037	0.006	0.013	skewed
GTEX-1117F	adipose-1	allelic_expression	54	0	0.5	0.323	0.103	0.311	0.097	0.013	0.026	skewed
GTEX-1122O	adipose-1	allelic_expression	42	0	0.5	0.159	0.099	0.176	0.102	0.016	0.032	not_skewed
GTEX-1128S	adipose-1	allelic_expression	28	0	0.409	0.122	0.16	0.15	0.12	0.023	0.046	not_skewed
GTEX-11DXX	adipose-1	allelic_expression	44	0.012	0.497	0.142	0.109	0.152	0.102	0.015	0.031	not_skewed
GTEX-11EM3	adipose-1	allelic_expression	40	0.035	0.5	0.148	0.121	0.17	0.102	0.016	0.033	not_skewed
GTEX-11EMC	adipose-1	allelic_expression	30	0.125	0.5	0.293	0.071	0.293	0.086	0.016	0.032	skewed
GTEX-11I78	adipose-1	allelic_expression	44	0	0.278	0.059	0.074	0.07	0.057	0.009	0.017	not_skewed
GTEX-11P81	adipose-1	allelic_expression	46	0.203	0.5	0.352	0.067	0.343	0.062	0.009	0.018	skewed
GTEX-11TTK	adipose-1	allelic_expression	55	0	0.417	0.129	0.111	0.146	0.099	0.013	0.027	not_skewed
GTEX-11UD1	adipose-1	allelic_expression	59	0	0.5	0.202	0.082	0.208	0.097	0.013	0.025	not_skewed
GTEX-11XUK	adipose-1	allelic_expression	43	0	0.417	0.221	0.082	0.225	0.085	0.013	0.026	not_skewed
GTEX-11ZTS	adipose-1	allelic_expression	35	0	0.497	0.1	0.087	0.107	0.09	0.015	0.031	not_skewed
GTEX-11ZTT	adipose-1	allelic_expression	52	0	0.455	0.083	0.099	0.104	0.085	0.012	0.024	not_skewed
GTEX-11ZVC	adipose-1	allelic_expression	46	0.013	0.429	0.102	0.122	0.126	0.095	0.014	0.028	not_skewed
GTEX-1211K	adipose-1	allelic_expression	42	0	0.429	0.094	0.068	0.101	0.071	0.011	0.022	not_skewed
GTEX-1269C	adipose-1	allelic_expression	34	0	0.346	0.144	0.093	0.156	0.073	0.013	0.025	not_skewed
GTEX-12WS9	adipose-1	allelic_expression	42	0.038	0.5	0.152	0.094	0.161	0.097	0.015	0.03	not_skewed
GTEX-12WSB	adipose-1	allelic_expression	42	0	0.5	0.312	0.112	0.308	0.105	0.016	0.033	skewed
GTEX-12ZZX	adipose-1	allelic_expression	53	0	0.278	0.071	0.104	0.085	0.073	0.01	0.02	not_skewed
GTEX-13113	adipose-1	allelic_expression	43	0	0.269	0.056	0.068	0.079	0.068	0.01	0.021	not_skewed
GTEX-1313W	adipose-1	allelic_expression	42	0	0.5	0.252	0.116	0.253	0.096	0.015	0.03	skewed
GTEX-131XW	adipose-1	allelic_expression	42	0.038	0.5	0.371	0.087	0.373	0.079	0.012	0.025	skewed
GTEX-132AR	adipose-1	allelic_expression	37	0.011	0.5	0.167	0.163	0.179	0.104	0.017	0.035	not_skewed
GTEX-133LE	adipose-1	allelic_expression	29	0.056	0.5	0.291	0.077	0.289	0.096	0.018	0.036	skewed
GTEX-1399U	adipose-1	allelic_expression	37	0	0.409	0.079	0.068	0.092	0.078	0.013	0.026	not_skewed
GTEX-139D8	adipose-1	allelic_expression	45	0	0.397	0.136	0.102	0.135	0.099	0.015	0.03	not_skewed
GTEX-139T4	adipose-1	allelic_expression	47	0.056	0.5	0.278	0.098	0.285	0.098	0.014	0.029	skewed
GTEX-13CF3	adipose-1	allelic_expression	34	0	0.429	0.079	0.148	0.108	0.101	0.017	0.035	not_skewed
GTEX-13D11	adipose-1	allelic_expression	40	0	0.5	0.126	0.132	0.126	0.1	0.016	0.032	not_skewed
GTEX-13FH7	adipose-1	allelic_expression	37	0.045	0.423	0.195	0.138	0.202	0.092	0.015	0.031	not_skewed
GTEX-13FTY	adipose-1	allelic_expression	39	0	0.5	0.216	0.134	0.216	0.13	0.021	0.042	not_skewed
GTEX-13JUV	adipose-1	allelic_expression	64	0	0.5	0.238	0.131	0.229	0.112	0.014	0.028	not_skewed
GTEX-13N11	adipose-1	allelic_expression	66	0	0.357	0.082	0.112	0.095	0.074	0.009	0.018	not_skewed
GTEX-13NZ8	adipose-1	allelic_expression	33	0	0.5	0.1	0.093	0.121	0.11	0.019	0.039	not_skewed
GTEX-13OVI	adipose-1	allelic_expression	51	0	0.5	0.074	0.092	0.095	0.089	0.012	0.025	not_skewed
GTEX-13PLJ	adipose-1	allelic_expression	48	0.088	0.5	0.5	0.029	0.472	0.069	0.01	0.02	skewed
GTEX-13PVR	adipose-1	allelic_expression	42	0	0.409	0.126	0.122	0.138	0.096	0.015	0.03	not_skewed
GTEX-13QBU	adipose-1	allelic_expression	44	0	0.5	0.176	0.134	0.199	0.104	0.016	0.032	not_skewed
GTEX-13S7M	adipose-1	allelic_expression	49	0	0.3	0.118	0.117	0.119	0.075	0.011	0.022	not_skewed
GTEX-13SLX	adipose-1	allelic_expression	54	0	0.5	0.216	0.129	0.22	0.113	0.015	0.031	not_skewed
GTEX-13U4I	adipose-1	allelic_expression	38	0	0.5	0.084	0.092	0.123	0.112	0.018	0.037	not_skewed
GTEX-13VXT	adipose-1	allelic_expression	51	0	0.357	0.079	0.094	0.09	0.081	0.011	0.023	not_skewed
GTEX-13W3W	adipose-1	allelic_expression	46	0	0.278	0.065	0.094	0.089	0.069	0.01	0.021	not_skewed
GTEX-13X6K	adipose-1	allelic_expression	41	0	0.313	0.079	0.095	0.089	0.068	0.011	0.022	not_skewed
GTEX-145LS	adipose-1	allelic_expression	40	0.003	0.5	0.21	0.162	0.226	0.14	0.022	0.045	not_skewed
GTEX-145MI	adipose-1	allelic_expression	43	0	0.42	0.1	0.101	0.114	0.089	0.014	0.027	not_skewed
GTEX-146FH	adipose-1	allelic_expression	46	0	0.5	0.299	0.116	0.292	0.104	0.015	0.031	skewed
GTEX-146FR	adipose-1	allelic_expression	38	0	0.333	0.178	0.115	0.184	0.084	0.014	0.027	not_skewed
GTEX-147F3	adipose-1	allelic_expression	32	0	0.367	0.086	0.107	0.108	0.089	0.016	0.032	not_skewed
GTEX-148VI	adipose-1	allelic_expression	47	0	0.5	0.331	0.084	0.315	0.097	0.014	0.029	skewed
GTEX-14AS3	adipose-1	allelic_expression	35	0	0.3	0.109	0.143	0.108	0.085	0.014	0.029	not_skewed
GTEX-14BIN	adipose-1	allelic_expression	37	0.007	0.5	0.071	0.06	0.09	0.095	0.016	0.032	not_skewed
GTEX-14BMU	adipose-1	allelic_expression	38	0.042	0.5	0.213	0.127	0.232	0.116	0.019	0.038	not_skewed
GTEX-14DAQ	adipose-1	allelic_expression	41	0.071	0.5	0.35	0.119	0.359	0.091	0.014	0.029	skewed
GTEX-14H4A	adipose-1	allelic_expression	38	0	0.5	0.255	0.157	0.252	0.125	0.02	0.041	skewed
GTEX-14JG6	adipose-1	allelic_expression	44	0	0.339	0.086	0.082	0.104	0.078	0.012	0.024	not_skewed
GTEX-14LLW	adipose-1	allelic_expression	42	0	0.5	0.219	0.099	0.229	0.095	0.015	0.03	not_skewed
GTEX-14PJ6	adipose-1	allelic_expression	36	0.023	0.5	0.106	0.157	0.154	0.128	0.021	0.043	not_skewed
GTEX-14PK6	adipose-1	allelic_expression	35	0	0.265	0.071	0.097	0.083	0.069	0.012	0.024	not_skewed
GTEX-14PKU	adipose-1	allelic_expression	34	0	0.278	0.049	0.061	0.062	0.062	0.011	0.022	not_skewed
GTEX-14PN3	adipose-1	allelic_expression	35	0	0.25	0.123	0.08	0.114	0.062	0.01	0.021	not_skewed
GTEX-15DCD	adipose-1	allelic_expression	47	0	0.5	0.31	0.102	0.295	0.105	0.015	0.031	skewed
GTEX-15DDE	adipose-1	allelic_expression	49	0	0.5	0.062	0.057	0.083	0.087	0.012	0.025	not_skewed
GTEX-15ETS	adipose-1	allelic_expression	32	0	0.496	0.211	0.119	0.212	0.121	0.021	0.044	not_skewed
GTEX-15SDE	adipose-1	allelic_expression	58	0	0.438	0.126	0.14	0.148	0.111	0.015	0.029	not_skewed
GTEX-16BQI	adipose-1	allelic_expression	50	0.071	0.5	0.271	0.07	0.267	0.081	0.011	0.023	skewed
GTEX-16MT8	adipose-1	allelic_expression	43	0	0.5	0.125	0.104	0.137	0.108	0.017	0.033	not_skewed
GTEX-16NGA	adipose-1	allelic_expression	59	0.125	0.5	0.281	0.08	0.292	0.092	0.012	0.024	skewed
GTEX-17F98	adipose-1	allelic_expression	31	0	0.5	0.176	0.131	0.192	0.106	0.019	0.039	not_skewed
GTEX-17F9Y	adipose-1	allelic_expression	43	0	0.5	0.141	0.138	0.168	0.117	0.018	0.036	not_skewed
GTEX-17HG3	adipose-1	allelic_expression	44	0.026	0.5	0.173	0.143	0.202	0.116	0.017	0.035	not_skewed
GTEX-183WM	adipose-1	allelic_expression	41	0	0.4	0.182	0.089	0.18	0.093	0.015	0.029	not_skewed
GTEX-18A7A	adipose-1	allelic_expression	37	0	0.5	0.067	0.065	0.099	0.097	0.016	0.032	not_skewed
GTEX-18D9A	adipose-1	allelic_expression	45	0	0.5	0.195	0.161	0.195	0.118	0.018	0.036	not_skewed
GTEX-1A32A	adipose-1	allelic_expression	45	0	0.357	0.077	0.1	0.099	0.084	0.013	0.025	not_skewed
GTEX-1A3MW	adipose-1	allelic_expression	42	0.007	0.5	0.225	0.103	0.21	0.105	0.016	0.033	not_skewed
GTEX-1A8FM	adipose-1	allelic_expression	52	0	0.417	0.147	0.138	0.163	0.096	0.013	0.027	not_skewed
GTEX-1AMEY	adipose-1	allelic_expression	33	0	0.389	0.086	0.121	0.112	0.093	0.016	0.033	not_skewed
GTEX-1AMFI	adipose-1	allelic_expression	47	0	0.389	0.056	0.1	0.08	0.084	0.012	0.025	not_skewed
GTEX-1B932	adipose-1	allelic_expression	45	0	0.5	0.071	0.146	0.114	0.102	0.015	0.031	not_skewed
GTEX-1C475	adipose-1	allelic_expression	38	0.071	0.455	0.371	0.06	0.363	0.067	0.011	0.022	skewed
GTEX-1CAMS	adipose-1	allelic_expression	37	0.024	0.5	0.236	0.086	0.233	0.098	0.016	0.033	not_skewed
GTEX-1CB4H	adipose-1	allelic_expression	44	0	0.5	0.167	0.16	0.167	0.11	0.017	0.034	not_skewed
GTEX-1EWIQ	adipose-1	allelic_expression	45	0	0.5	0.248	0.141	0.251	0.111	0.017	0.033	not_skewed
GTEX-1F52S	adipose-1	allelic_expression	42	0	0.5	0.094	0.099	0.109	0.094	0.015	0.029	not_skewed
GTEX-1F6RS	adipose-1	allelic_expression	37	0	0.5	0.054	0.107	0.092	0.095	0.016	0.032	not_skewed
GTEX-1F88E	adipose-1	allelic_expression	39	0.056	0.5	0.333	0.121	0.316	0.093	0.015	0.03	skewed
GTEX-1F88F	adipose-1	allelic_expression	43	0	0.5	0.092	0.121	0.108	0.089	0.014	0.027	not_skewed
GTEX-1GF9X	adipose-1	allelic_expression	43	0.005	0.441	0.083	0.169	0.121	0.108	0.016	0.033	not_skewed
GTEX-1GN1W	adipose-1	allelic_expression	47	0	0.5	0.183	0.214	0.211	0.135	0.02	0.04	not_skewed
GTEX-1GZ4H	adipose-1	allelic_expression	70	0	0.5	0.062	0.069	0.09	0.088	0.01	0.021	not_skewed
GTEX-1H1CY	adipose-1	allelic_expression	54	0	0.375	0.117	0.1	0.123	0.087	0.012	0.024	not_skewed
GTEX-1H1DF	adipose-1	allelic_expression	45	0	0.5	0.172	0.145	0.18	0.121	0.018	0.036	not_skewed
GTEX-1H2FU	adipose-1	allelic_expression	44	0	0.357	0.073	0.129	0.105	0.094	0.014	0.028	not_skewed
GTEX-1HBPH	adipose-1	allelic_expression	44	0	0.375	0.059	0.107	0.093	0.087	0.013	0.026	not_skewed
GTEX-1HBPM	adipose-1	allelic_expression	46	0	0.357	0.046	0.077	0.074	0.076	0.011	0.023	not_skewed
GTEX-1HCU8	adipose-1	allelic_expression	53	0.012	0.5	0.164	0.125	0.194	0.121	0.017	0.033	not_skewed
GTEX-1HCUA	adipose-1	allelic_expression	56	0	0.5	0.145	0.128	0.158	0.095	0.013	0.025	not_skewed
GTEX-1HFI7	adipose-1	allelic_expression	41	0.071	0.5	0.278	0.124	0.281	0.099	0.015	0.031	skewed
GTEX-1HSGN	adipose-1	allelic_expression	74	0	0.5	0.196	0.123	0.199	0.108	0.013	0.025	not_skewed
GTEX-1I1CD	adipose-1	allelic_expression	45	0	0.5	0.2	0.13	0.215	0.118	0.018	0.035	not_skewed
GTEX-1I1GT	adipose-1	allelic_expression	35	0.01	0.273	0.14	0.089	0.136	0.07	0.012	0.024	not_skewed
GTEX-1I4MK	adipose-1	allelic_expression	54	0.191	0.5	0.358	0.09	0.356	0.074	0.01	0.02	skewed
GTEX-1ICG6	adipose-1	allelic_expression	50	0.115	0.441	0.277	0.077	0.274	0.07	0.01	0.02	skewed
GTEX-1IDJU	adipose-1	allelic_expression	52	0	0.5	0.061	0.106	0.091	0.093	0.013	0.026	not_skewed
GTEX-1IE54	adipose-1	allelic_expression	44	0	0.5	0.196	0.168	0.199	0.113	0.017	0.034	not_skewed
GTEX-1J8EW	adipose-1	allelic_expression	48	0	0.389	0.1	0.131	0.125	0.091	0.013	0.026	not_skewed
GTEX-1J8JJ	adipose-1	allelic_expression	37	0	0.5	0.147	0.114	0.168	0.106	0.017	0.035	not_skewed
GTEX-1J8QM	adipose-1	allelic_expression	46	0	0.409	0.114	0.15	0.133	0.098	0.014	0.029	not_skewed
GTEX-1JMQL	adipose-1	allelic_expression	57	0	0.5	0.1	0.146	0.136	0.116	0.015	0.031	not_skewed
GTEX-1JN1M	adipose-1	allelic_expression	47	0	0.5	0.225	0.108	0.235	0.106	0.015	0.031	not_skewed
GTEX-1JN76	adipose-1	allelic_expression	32	0	0.389	0.144	0.102	0.153	0.086	0.015	0.031	not_skewed
GTEX-1K9T9	adipose-1	allelic_expression	38	0.02	0.5	0.128	0.106	0.148	0.093	0.015	0.03	not_skewed
GTEX-1LGOU	adipose-1	allelic_expression	48	0	0.5	0.081	0.115	0.118	0.118	0.017	0.034	not_skewed
GTEX-1LH75	adipose-1	allelic_expression	33	0.19	0.5	0.357	0.077	0.352	0.068	0.012	0.024	skewed
GTEX-1LVAN	adipose-1	allelic_expression	38	0.067	0.4	0.218	0.125	0.224	0.09	0.015	0.03	not_skewed
GTEX-1MA7W	adipose-1	allelic_expression	37	0.007	0.5	0.067	0.094	0.105	0.119	0.02	0.04	not_skewed
GTEX-1MCC2	adipose-1	allelic_expression	56	0.056	0.5	0.333	0.165	0.33	0.116	0.016	0.031	skewed
GTEX-1MCYP	adipose-1	allelic_expression	45	0	0.4	0.115	0.18	0.143	0.107	0.016	0.032	not_skewed
GTEX-1OJC4	adipose-1	allelic_expression	46	0	0.357	0.071	0.096	0.088	0.076	0.011	0.023	not_skewed
GTEX-1PBJI	adipose-1	allelic_expression	42	0.15	0.5	0.376	0.101	0.375	0.089	0.014	0.028	skewed
GTEX-1POEN	adipose-1	allelic_expression	46	0	0.375	0.119	0.113	0.13	0.088	0.013	0.026	not_skewed
GTEX-1QEPI	adipose-1	allelic_expression	53	0	0.5	0.166	0.115	0.173	0.102	0.014	0.028	not_skewed
GTEX-1QP28	adipose-1	allelic_expression	53	0	0.497	0.1	0.168	0.132	0.122	0.017	0.034	not_skewed
GTEX-1QP67	adipose-1	allelic_expression	44	0	0.375	0.063	0.093	0.097	0.086	0.013	0.026	not_skewed
GTEX-1QPFJ	adipose-1	allelic_expression	55	0	0.5	0.231	0.1	0.236	0.107	0.014	0.029	not_skewed
GTEX-1R46S	adipose-1	allelic_expression	28	0.079	0.5	0.367	0.146	0.344	0.107	0.02	0.041	skewed
GTEX-1RDX4	adipose-1	allelic_expression	42	0	0.393	0.189	0.101	0.193	0.084	0.013	0.026	not_skewed
GTEX-1S5ZU	adipose-1	allelic_expression	41	0	0.375	0.136	0.121	0.144	0.094	0.015	0.03	not_skewed
GTEX-1S82P	adipose-1	allelic_expression	44	0	0.5	0.075	0.091	0.1	0.098	0.015	0.03	not_skewed
GTEX-NL3G	adipose-1	allelic_expression	48	0	0.361	0.108	0.176	0.145	0.105	0.015	0.03	not_skewed
GTEX-OHPN	adipose-1	allelic_expression	33	0	0.375	0.114	0.136	0.135	0.1	0.017	0.035	not_skewed
GTEX-P78B	adipose-1	allelic_expression	32	0	0.5	0.074	0.092	0.11	0.115	0.02	0.042	not_skewed
GTEX-POMQ	adipose-1	allelic_expression	64	0	0.5	0.082	0.069	0.106	0.089	0.011	0.022	not_skewed
GTEX-PWCY	adipose-1	allelic_expression	37	0	0.389	0.132	0.075	0.134	0.082	0.014	0.027	not_skewed
GTEX-PWN1	adipose-1	allelic_expression	40	0.135	0.5	0.338	0.117	0.334	0.084	0.013	0.027	skewed
GTEX-PX3G	adipose-1	allelic_expression	44	0	0.5	0.071	0.086	0.108	0.101	0.015	0.031	not_skewed
GTEX-QCQG	adipose-1	allelic_expression	41	0	0.496	0.088	0.097	0.113	0.099	0.016	0.031	not_skewed
GTEX-R45C	adipose-1	allelic_expression	41	0.026	0.409	0.167	0.133	0.176	0.102	0.016	0.032	not_skewed
GTEX-S4P3	adipose-1	allelic_expression	27	0.029	0.5	0.25	0.124	0.271	0.119	0.023	0.047	skewed
GTEX-SN8G	adipose-1	allelic_expression	29	0.033	0.5	0.227	0.168	0.236	0.123	0.023	0.047	not_skewed
GTEX-T2IS	adipose-1	allelic_expression	43	0	0.389	0.086	0.098	0.111	0.099	0.015	0.031	not_skewed
GTEX-TML8	adipose-1	allelic_expression	35	0	0.375	0.167	0.13	0.178	0.099	0.017	0.034	not_skewed
GTEX-TMMY	adipose-1	allelic_expression	26	0	0.5	0.06	0.115	0.115	0.125	0.025	0.051	not_skewed
GTEX-UJHI	adipose-1	allelic_expression	44	0	0.357	0.056	0.082	0.08	0.076	0.011	0.023	not_skewed
GTEX-VJWN	adipose-1	allelic_expression	55	0	0.487	0.083	0.079	0.112	0.104	0.014	0.028	not_skewed
GTEX-WI4N	adipose-1	allelic_expression	39	0	0.5	0.16	0.133	0.17	0.113	0.018	0.037	not_skewed
GTEX-X638	adipose-1	allelic_expression	36	0.006	0.5	0.186	0.153	0.192	0.114	0.019	0.039	not_skewed
GTEX-X8HC	adipose-1	allelic_expression	37	0	0.5	0.078	0.136	0.107	0.101	0.017	0.034	not_skewed
GTEX-XMD2	adipose-1	allelic_expression	43	0	0.357	0.164	0.084	0.166	0.078	0.012	0.024	not_skewed
GTEX-XOT4	adipose-1	allelic_expression	41	0	0.45	0.167	0.107	0.19	0.101	0.016	0.032	not_skewed
GTEX-XUJ4	adipose-1	allelic_expression	33	0.125	0.5	0.33	0.133	0.33	0.091	0.016	0.032	skewed
GTEX-XUW1	adipose-1	allelic_expression	30	0.014	0.389	0.118	0.078	0.134	0.078	0.014	0.029	not_skewed
GTEX-XUZC	adipose-1	allelic_expression	40	0	0.409	0.057	0.057	0.081	0.079	0.013	0.025	not_skewed
GTEX-XV7Q	adipose-1	allelic_expression	55	0	0.5	0.17	0.164	0.191	0.121	0.016	0.033	not_skewed
GTEX-XYKS	adipose-1	allelic_expression	46	0.014	0.357	0.084	0.105	0.109	0.08	0.012	0.024	not_skewed
GTEX-Y3IK	adipose-1	allelic_expression	56	0	0.5	0.151	0.141	0.171	0.12	0.016	0.032	not_skewed
GTEX-Y5V5	adipose-1	allelic_expression	30	0	0.357	0.044	0.061	0.064	0.068	0.012	0.025	not_skewed
GTEX-Y8LW	adipose-1	allelic_expression	37	0	0.346	0.098	0.063	0.105	0.069	0.011	0.023	not_skewed
GTEX-YB5K	adipose-1	allelic_expression	40	0	0.25	0.093	0.076	0.103	0.065	0.01	0.021	not_skewed
GTEX-YJ8O	adipose-1	allelic_expression	49	0.062	0.395	0.25	0.086	0.237	0.087	0.012	0.025	skewed
GTEX-ZAJG	adipose-1	allelic_expression	55	0	0.5	0.227	0.092	0.216	0.09	0.012	0.024	not_skewed
GTEX-ZAK1	adipose-1	allelic_expression	36	0	0.5	0.127	0.118	0.157	0.112	0.019	0.038	not_skewed
GTEX-ZC5H	adipose-1	allelic_expression	40	0	0.333	0.073	0.067	0.096	0.079	0.013	0.025	not_skewed
GTEX-ZE7O	adipose-1	allelic_expression	38	0	0.5	0.192	0.169	0.216	0.118	0.019	0.039	not_skewed
GTEX-ZF29	adipose-1	allelic_expression	47	0	0.495	0.071	0.088	0.108	0.113	0.017	0.033	not_skewed
GTEX-ZF3C	adipose-1	allelic_expression	33	0.167	0.5	0.455	0.071	0.441	0.07	0.012	0.025	skewed
GTEX-ZGAY	adipose-1	allelic_expression	32	0.067	0.452	0.275	0.112	0.254	0.088	0.015	0.032	skewed
GTEX-ZLV1	adipose-1	allelic_expression	30	0.006	0.5	0.125	0.145	0.144	0.114	0.021	0.043	not_skewed
GTEX-ZLWG	adipose-1	allelic_expression	46	0	0.5	0.095	0.094	0.129	0.11	0.016	0.033	not_skewed
GTEX-ZP4G	adipose-1	allelic_expression	41	0	0.498	0.089	0.094	0.118	0.107	0.017	0.034	not_skewed
GTEX-ZPCL	adipose-1	allelic_expression	38	0	0.352	0.159	0.113	0.145	0.081	0.013	0.027	not_skewed
GTEX-ZTPG	adipose-1	allelic_expression	34	0	0.5	0.083	0.077	0.092	0.097	0.017	0.034	not_skewed
GTEX-ZV68	adipose-1	allelic_expression	44	0	0.431	0.167	0.213	0.196	0.126	0.019	0.038	not_skewed
GTEX-ZVT2	adipose-1	allelic_expression	36	0.02	0.333	0.156	0.1	0.163	0.072	0.012	0.024	not_skewed
GTEX-ZVT4	adipose-1	allelic_expression	36	0	0.5	0.167	0.098	0.175	0.096	0.016	0.032	not_skewed
GTEX-ZVZQ	adipose-1	allelic_expression	40	0.136	0.5	0.352	0.126	0.353	0.099	0.016	0.032	skewed
GTEX-ZXES	adipose-1	allelic_expression	35	0	0.283	0.1	0.102	0.11	0.077	0.013	0.027	not_skewed
GTEX-ZYVF	adipose-1	allelic_expression	31	0.338	0.5	0.497	0.053	0.466	0.048	0.009	0.018	skewed
GTEX-ZYWO	adipose-1	allelic_expression	53	0.014	0.395	0.127	0.137	0.15	0.093	0.013	0.026	not_skewed
GTEX-ZYY3	adipose-1	allelic_expression	36	0	0.5	0.308	0.152	0.294	0.125	0.021	0.042	skewed
GTEX-ZZPU	adipose-1	allelic_expression	38	0.375	0.5	0.47	0.052	0.466	0.038	0.006	0.012	skewed
GTEX-1122O	artery-1	allelic_expression	34	0	0.5	0.265	0.092	0.258	0.117	0.02	0.041	skewed
GTEX-1128S	artery-1	allelic_expression	32	0	0.367	0.109	0.118	0.128	0.098	0.017	0.035	not_skewed
GTEX-11DXX	artery-1	allelic_expression	42	0	0.494	0.094	0.087	0.106	0.108	0.017	0.034	not_skewed
GTEX-11EM3	artery-1	allelic_expression	41	0.012	0.5	0.071	0.107	0.102	0.09	0.014	0.029	not_skewed
GTEX-11EMC	artery-1	allelic_expression	29	0	0.357	0.071	0.108	0.108	0.098	0.018	0.037	not_skewed
GTEX-11I78	artery-1	allelic_expression	46	0	0.262	0.067	0.076	0.082	0.066	0.01	0.02	not_skewed
GTEX-11P81	artery-1	allelic_expression	38	0.02	0.417	0.227	0.125	0.219	0.089	0.014	0.029	not_skewed
GTEX-11ZTS	artery-1	allelic_expression	36	0.029	0.5	0.167	0.113	0.191	0.113	0.019	0.038	not_skewed
GTEX-11ZVC	artery-1	allelic_expression	39	0	0.5	0.115	0.121	0.125	0.108	0.017	0.035	not_skewed
GTEX-1211K	artery-1	allelic_expression	39	0	0.395	0.197	0.175	0.183	0.116	0.019	0.038	not_skewed
GTEX-12WSK	artery-1	allelic_expression	43	0	0.5	0.068	0.105	0.108	0.114	0.017	0.035	not_skewed
GTEX-12ZZX	artery-1	allelic_expression	44	0	0.409	0.071	0.076	0.089	0.078	0.012	0.024	not_skewed
GTEX-13113	artery-1	allelic_expression	46	0	0.4	0.159	0.107	0.16	0.088	0.013	0.026	not_skewed
GTEX-1313W	artery-1	allelic_expression	38	0	0.357	0.175	0.141	0.17	0.096	0.016	0.032	not_skewed
GTEX-131XW	artery-1	allelic_expression	32	0.192	0.5	0.437	0.053	0.427	0.075	0.013	0.027	skewed
GTEX-132AR	artery-1	allelic_expression	35	0.005	0.357	0.098	0.121	0.113	0.088	0.015	0.03	not_skewed
GTEX-133LE	artery-1	allelic_expression	30	0	0.485	0.086	0.118	0.115	0.108	0.02	0.04	not_skewed
GTEX-1399U	artery-1	allelic_expression	40	0	0.269	0.044	0.07	0.067	0.062	0.01	0.02	not_skewed
GTEX-139D8	artery-1	allelic_expression	37	0.043	0.438	0.225	0.102	0.229	0.087	0.014	0.029	not_skewed
GTEX-13CF3	artery-1	allelic_expression	36	0	0.375	0.131	0.163	0.144	0.101	0.017	0.034	not_skewed
GTEX-13D11	artery-1	allelic_expression	45	0	0.5	0.173	0.115	0.188	0.101	0.015	0.03	not_skewed
GTEX-13FH7	artery-1	allelic_expression	38	0	0.5	0.086	0.12	0.106	0.105	0.017	0.035	not_skewed
GTEX-13FTX	artery-1	allelic_expression	47	0	0.5	0.087	0.068	0.097	0.086	0.013	0.025	not_skewed
GTEX-13O3O	artery-1	allelic_expression	47	0	0.375	0.066	0.102	0.094	0.084	0.012	0.025	not_skewed
GTEX-13OVI	artery-1	allelic_expression	53	0	0.5	0.065	0.105	0.094	0.088	0.012	0.024	not_skewed
GTEX-13PVR	artery-1	allelic_expression	36	0	0.357	0.079	0.086	0.101	0.088	0.015	0.03	not_skewed
GTEX-13QBU	artery-1	allelic_expression	44	0	0.5	0.084	0.091	0.108	0.098	0.015	0.03	not_skewed
GTEX-13U4I	artery-1	allelic_expression	35	0	0.5	0.071	0.105	0.108	0.107	0.018	0.037	not_skewed
GTEX-13VXT	artery-1	allelic_expression	58	0	0.389	0.193	0.114	0.188	0.088	0.012	0.023	not_skewed
GTEX-13W3W	artery-1	allelic_expression	43	0	0.297	0.071	0.144	0.102	0.088	0.013	0.027	not_skewed
GTEX-13X6H	artery-1	allelic_expression	41	0	0.333	0.132	0.12	0.147	0.087	0.014	0.027	not_skewed
GTEX-13X6K	artery-1	allelic_expression	48	0	0.278	0.059	0.079	0.082	0.065	0.009	0.019	not_skewed
GTEX-146FH	artery-1	allelic_expression	49	0	0.5	0.333	0.075	0.326	0.095	0.014	0.027	skewed
GTEX-146FR	artery-1	allelic_expression	36	0	0.405	0.171	0.115	0.179	0.096	0.016	0.032	not_skewed
GTEX-14A5I	artery-1	allelic_expression	41	0	0.5	0.125	0.129	0.157	0.123	0.019	0.039	not_skewed
GTEX-14AS3	artery-1	allelic_expression	29	0.035	0.278	0.096	0.095	0.12	0.064	0.012	0.025	not_skewed
GTEX-14BIM	artery-1	allelic_expression	33	0.071	0.5	0.252	0.091	0.249	0.1	0.017	0.036	skewed
GTEX-14BMU	artery-1	allelic_expression	40	0	0.5	0.06	0.064	0.079	0.09	0.014	0.029	not_skewed
GTEX-14DAQ	artery-1	allelic_expression	35	0	0.35	0.147	0.098	0.139	0.082	0.014	0.028	not_skewed
GTEX-14PJ6	artery-1	allelic_expression	31	0	0.5	0.112	0.106	0.149	0.118	0.021	0.043	not_skewed
GTEX-14PK6	artery-1	allelic_expression	34	0	0.352	0.109	0.112	0.123	0.088	0.015	0.031	not_skewed
GTEX-15CHC	artery-1	allelic_expression	43	0.056	0.5	0.205	0.097	0.225	0.094	0.014	0.029	not_skewed
GTEX-15DDE	artery-1	allelic_expression	44	0	0.5	0.183	0.139	0.181	0.11	0.017	0.033	not_skewed
GTEX-15DYW	artery-1	allelic_expression	36	0.167	0.5	0.335	0.09	0.334	0.066	0.011	0.022	skewed
GTEX-15DZA	artery-1	allelic_expression	36	0.056	0.5	0.238	0.081	0.245	0.087	0.015	0.03	not_skewed
GTEX-15ETS	artery-1	allelic_expression	31	0.071	0.5	0.278	0.152	0.303	0.116	0.021	0.043	skewed
GTEX-15FZZ	artery-1	allelic_expression	45	0	0.5	0.257	0.086	0.26	0.107	0.016	0.032	skewed
GTEX-15SHU	artery-1	allelic_expression	39	0	0.455	0.119	0.072	0.137	0.08	0.013	0.026	not_skewed
GTEX-15UF6	artery-1	allelic_expression	41	0	0.417	0.14	0.127	0.159	0.094	0.015	0.03	not_skewed
GTEX-17F98	artery-1	allelic_expression	34	0.02	0.5	0.121	0.072	0.128	0.087	0.015	0.03	not_skewed
GTEX-18A7A	artery-1	allelic_expression	37	0	0.5	0.154	0.1	0.151	0.085	0.014	0.028	not_skewed
GTEX-1AMEY	artery-1	allelic_expression	36	0.006	0.5	0.046	0.092	0.086	0.092	0.015	0.031	not_skewed
GTEX-1AMFI	artery-1	allelic_expression	38	0	0.375	0.101	0.156	0.126	0.091	0.015	0.03	not_skewed
GTEX-1B97J	artery-1	allelic_expression	41	0.016	0.5	0.111	0.09	0.131	0.092	0.014	0.029	not_skewed
GTEX-1CAMS	artery-1	allelic_expression	40	0.115	0.5	0.295	0.145	0.299	0.112	0.018	0.036	skewed
GTEX-1EWIQ	artery-1	allelic_expression	32	0.056	0.5	0.222	0.075	0.241	0.105	0.019	0.038	not_skewed
GTEX-1F7RK	artery-1	allelic_expression	35	0	0.35	0.071	0.105	0.097	0.089	0.015	0.031	not_skewed
GTEX-1F88F	artery-1	allelic_expression	35	0	0.393	0.265	0.107	0.25	0.099	0.017	0.034	skewed
GTEX-1GF9U	artery-1	allelic_expression	44	0	0.5	0.066	0.095	0.111	0.126	0.019	0.038	not_skewed
GTEX-1GZ4H	artery-1	allelic_expression	71	0	0.5	0.093	0.099	0.106	0.084	0.01	0.02	not_skewed
GTEX-1GZHY	artery-1	allelic_expression	42	0.079	0.417	0.3	0.095	0.289	0.075	0.012	0.024	skewed
GTEX-1HBPH	artery-1	allelic_expression	43	0	0.409	0.162	0.106	0.174	0.089	0.014	0.027	not_skewed
GTEX-1HBPM	artery-1	allelic_expression	40	0	0.389	0.107	0.092	0.125	0.077	0.012	0.025	not_skewed
GTEX-1HC8U	artery-1	allelic_expression	72	0	0.423	0.068	0.123	0.097	0.097	0.011	0.023	not_skewed
GTEX-1HCU8	artery-1	allelic_expression	53	0	0.5	0.155	0.115	0.181	0.111	0.015	0.031	not_skewed
GTEX-1HCUA	artery-1	allelic_expression	61	0	0.5	0.058	0.071	0.076	0.082	0.01	0.021	not_skewed
GTEX-1HFI7	artery-1	allelic_expression	39	0.125	0.5	0.352	0.07	0.338	0.069	0.011	0.022	skewed
GTEX-1HSGN	artery-1	allelic_expression	58	0	0.5	0.187	0.078	0.205	0.1	0.013	0.026	not_skewed
GTEX-1I1CD	artery-1	allelic_expression	41	0	0.5	0.183	0.113	0.191	0.122	0.019	0.039	not_skewed
GTEX-1I4MK	artery-1	allelic_expression	54	0.056	0.5	0.263	0.086	0.251	0.096	0.013	0.026	skewed
GTEX-1IDJE	artery-1	allelic_expression	44	0.045	0.5	0.309	0.096	0.302	0.092	0.014	0.028	skewed
GTEX-1IDJU	artery-1	allelic_expression	53	0	0.5	0.067	0.083	0.098	0.109	0.015	0.03	not_skewed
GTEX-1IKOE	artery-1	allelic_expression	62	0	0.5	0.193	0.103	0.194	0.098	0.012	0.025	not_skewed
GTEX-1J8JJ	artery-1	allelic_expression	24	0.033	0.5	0.318	0.042	0.314	0.105	0.021	0.044	skewed
GTEX-1J8QM	artery-1	allelic_expression	49	0.071	0.5	0.232	0.091	0.24	0.092	0.013	0.026	not_skewed
GTEX-1JMOU	artery-1	allelic_expression	35	0	0.5	0.269	0.176	0.26	0.117	0.02	0.04	skewed
GTEX-1K9T9	artery-1	allelic_expression	37	0	0.5	0.077	0.092	0.089	0.092	0.015	0.031	not_skewed
GTEX-1KANC	artery-1	allelic_expression	61	0	0.5	0.267	0.078	0.257	0.098	0.013	0.025	skewed
GTEX-1LKK1	artery-1	allelic_expression	42	0	0.43	0.195	0.131	0.208	0.108	0.017	0.034	not_skewed
GTEX-1LNCM	artery-1	allelic_expression	40	0	0.318	0.107	0.084	0.113	0.076	0.012	0.024	not_skewed
GTEX-1LVAN	artery-1	allelic_expression	34	0.065	0.5	0.172	0.08	0.181	0.086	0.015	0.03	not_skewed
GTEX-1MCC2	artery-1	allelic_expression	77	0	0.5	0.1	0.097	0.121	0.099	0.011	0.022	not_skewed
GTEX-1MCYP	artery-1	allelic_expression	50	0	0.5	0.067	0.095	0.088	0.089	0.013	0.025	not_skewed
GTEX-1POEN	artery-1	allelic_expression	45	0	0.357	0.1	0.118	0.127	0.088	0.013	0.027	not_skewed
GTEX-1QPFJ	artery-1	allelic_expression	54	0	0.5	0.167	0.117	0.171	0.1	0.014	0.027	not_skewed
GTEX-1R46S	artery-1	allelic_expression	31	0.056	0.5	0.266	0.143	0.283	0.109	0.02	0.04	skewed
GTEX-1R9JW	artery-1	allelic_expression	35	0	0.433	0.136	0.145	0.153	0.099	0.017	0.034	not_skewed
GTEX-1R9PN	artery-1	allelic_expression	35	0.014	0.357	0.132	0.07	0.145	0.083	0.014	0.028	not_skewed
GTEX-1R9PO	artery-1	allelic_expression	41	0	0.5	0.102	0.131	0.143	0.121	0.019	0.038	not_skewed
GTEX-1RNTQ	artery-1	allelic_expression	62	0.036	0.5	0.139	0.11	0.163	0.095	0.012	0.024	not_skewed
GTEX-OHPL	artery-1	allelic_expression	41	0	0.5	0.187	0.087	0.182	0.081	0.013	0.026	not_skewed
GTEX-P78B	artery-1	allelic_expression	29	0.026	0.5	0.116	0.103	0.148	0.101	0.019	0.039	not_skewed
GTEX-POMQ	artery-1	allelic_expression	64	0	0.497	0.092	0.084	0.102	0.082	0.01	0.02	not_skewed
GTEX-PWCY	artery-1	allelic_expression	37	0	0.389	0.058	0.081	0.084	0.095	0.016	0.032	not_skewed
GTEX-PX3G	artery-1	allelic_expression	38	0	0.5	0.142	0.124	0.153	0.099	0.016	0.032	not_skewed
GTEX-QCQG	artery-1	allelic_expression	45	0	0.498	0.089	0.097	0.105	0.09	0.013	0.027	not_skewed
GTEX-S4P3	artery-1	allelic_expression	23	0	0.5	0.2	0.148	0.225	0.134	0.028	0.058	not_skewed
GTEX-TMMY	artery-1	allelic_expression	38	0	0.49	0.097	0.123	0.117	0.096	0.016	0.032	not_skewed
GTEX-UJHI	artery-1	allelic_expression	41	0	0.278	0.115	0.08	0.113	0.063	0.01	0.02	not_skewed
GTEX-UPIC	artery-1	allelic_expression	44	0.458	0.5	0.5	0	0.496	0.01	0.002	0.003	skewed
GTEX-WRHU	artery-1	allelic_expression	32	0	0.357	0.099	0.09	0.112	0.087	0.015	0.031	not_skewed
GTEX-XUJ4	artery-1	allelic_expression	30	0.025	0.5	0.417	0.061	0.386	0.104	0.019	0.039	skewed
GTEX-XUW1	artery-1	allelic_expression	31	0	0.324	0.057	0.1	0.092	0.086	0.015	0.031	not_skewed
GTEX-XUZC	artery-1	allelic_expression	42	0	0.389	0.119	0.146	0.138	0.096	0.015	0.03	not_skewed
GTEX-XV7Q	artery-1	allelic_expression	53	0	0.496	0.124	0.12	0.14	0.097	0.013	0.027	not_skewed
GTEX-XYKS	artery-1	allelic_expression	48	0	0.357	0.1	0.126	0.115	0.09	0.013	0.026	not_skewed
GTEX-Y3IK	artery-1	allelic_expression	42	0	0.5	0.106	0.11	0.118	0.094	0.014	0.029	not_skewed
GTEX-Y5LM	artery-1	allelic_expression	33	0	0.346	0.125	0.114	0.143	0.08	0.014	0.028	not_skewed
GTEX-Y5V5	artery-1	allelic_expression	34	0.008	0.278	0.059	0.107	0.08	0.063	0.011	0.022	not_skewed
GTEX-Y8LW	artery-1	allelic_expression	38	0.005	0.318	0.08	0.055	0.102	0.077	0.013	0.025	not_skewed
GTEX-YB5K	artery-1	allelic_expression	42	0	0.375	0.072	0.069	0.097	0.079	0.012	0.025	not_skewed
GTEX-YJ8O	artery-1	allelic_expression	42	0.02	0.441	0.26	0.12	0.245	0.106	0.016	0.033	skewed
GTEX-ZAJG	artery-1	allelic_expression	43	0	0.375	0.089	0.084	0.102	0.081	0.012	0.025	not_skewed
GTEX-ZAK1	artery-1	allelic_expression	30	0	0.417	0.162	0.166	0.182	0.108	0.02	0.04	not_skewed
GTEX-ZC5H	artery-1	allelic_expression	38	0.056	0.5	0.211	0.11	0.205	0.091	0.015	0.03	not_skewed
GTEX-ZF29	artery-1	allelic_expression	42	0	0.5	0.087	0.105	0.112	0.097	0.015	0.03	not_skewed
GTEX-ZF2S	artery-1	allelic_expression	35	0	0.433	0.091	0.13	0.102	0.086	0.015	0.03	not_skewed
GTEX-ZF3C	artery-1	allelic_expression	28	0.25	0.5	0.449	0.091	0.44	0.062	0.012	0.024	skewed
GTEX-ZLWG	artery-1	allelic_expression	52	0	0.5	0.074	0.122	0.116	0.117	0.016	0.033	not_skewed
GTEX-ZP4G	artery-1	allelic_expression	44	0	0.5	0.095	0.145	0.129	0.126	0.019	0.038	not_skewed
GTEX-ZTPG	artery-1	allelic_expression	33	0	0.498	0.107	0.121	0.127	0.109	0.019	0.039	not_skewed
GTEX-ZVT2	artery-1	allelic_expression	34	0.111	0.5	0.3	0.091	0.304	0.087	0.015	0.03	skewed
GTEX-ZYFG	artery-1	allelic_expression	41	0	0.5	0.241	0.086	0.25	0.101	0.016	0.032	not_skewed
GTEX-ZYVF	artery-1	allelic_expression	33	0.045	0.5	0.432	0.103	0.402	0.098	0.017	0.035	skewed
GTEX-ZYY3	artery-1	allelic_expression	38	0.042	0.5	0.355	0.101	0.332	0.093	0.015	0.031	skewed
GTEX-ZZPU	artery-1	allelic_expression	44	0.375	0.5	0.5	0.018	0.485	0.028	0.004	0.008	skewed
GTEX-1122O	thyroid	allelic_expression	45	0	0.5	0.203	0.138	0.208	0.115	0.017	0.035	not_skewed
GTEX-1128S	thyroid	allelic_expression	35	0	0.45	0.183	0.12	0.182	0.104	0.018	0.036	not_skewed
GTEX-113JC	thyroid	allelic_expression	43	0.023	0.5	0.184	0.102	0.204	0.106	0.016	0.033	not_skewed
GTEX-11DXX	thyroid	allelic_expression	49	0.009	0.5	0.125	0.088	0.157	0.113	0.016	0.033	not_skewed
GTEX-11EM3	thyroid	allelic_expression	49	0	0.5	0.067	0.084	0.088	0.089	0.013	0.026	not_skewed
GTEX-11EMC	thyroid	allelic_expression	31	0	0.5	0.167	0.136	0.164	0.107	0.019	0.039	not_skewed
GTEX-11I78	thyroid	allelic_expression	54	0	0.3	0.063	0.057	0.082	0.067	0.009	0.018	not_skewed
GTEX-11P81	thyroid	allelic_expression	40	0.065	0.5	0.287	0.108	0.292	0.089	0.014	0.029	skewed
GTEX-11TTK	thyroid	allelic_expression	43	0.023	0.5	0.157	0.091	0.166	0.093	0.014	0.029	not_skewed
GTEX-11VI4	thyroid	allelic_expression	38	0	0.389	0.108	0.11	0.134	0.094	0.015	0.031	not_skewed
GTEX-11XUK	thyroid	allelic_expression	51	0	0.417	0.143	0.124	0.151	0.094	0.013	0.026	not_skewed
GTEX-11ZTS	thyroid	allelic_expression	30	0	0.493	0.171	0.188	0.183	0.125	0.023	0.047	not_skewed
GTEX-11ZTT	thyroid	allelic_expression	52	0	0.5	0.214	0.098	0.216	0.099	0.014	0.028	not_skewed
GTEX-11ZVC	thyroid	allelic_expression	41	0	0.409	0.071	0.083	0.099	0.086	0.013	0.027	not_skewed
GTEX-1211K	thyroid	allelic_expression	40	0	0.367	0.172	0.155	0.169	0.105	0.017	0.034	not_skewed
GTEX-1269C	thyroid	allelic_expression	35	0	0.357	0.079	0.189	0.121	0.11	0.019	0.038	not_skewed
GTEX-12WS9	thyroid	allelic_expression	46	0.1	0.5	0.314	0.12	0.308	0.083	0.012	0.025	skewed
GTEX-12WSB	thyroid	allelic_expression	42	0.045	0.5	0.213	0.103	0.225	0.095	0.015	0.03	not_skewed
GTEX-12WSG	thyroid	allelic_expression	37	0.01	0.5	0.132	0.203	0.187	0.133	0.022	0.044	not_skewed
GTEX-12WSJ	thyroid	allelic_expression	37	0	0.417	0.115	0.095	0.14	0.111	0.018	0.037	not_skewed
GTEX-12WSK	thyroid	allelic_expression	49	0.033	0.496	0.195	0.117	0.204	0.105	0.015	0.03	not_skewed
GTEX-12ZZX	thyroid	allelic_expression	48	0	0.409	0.16	0.095	0.162	0.093	0.013	0.027	not_skewed
GTEX-13113	thyroid	allelic_expression	45	0.028	0.5	0.378	0.099	0.344	0.113	0.017	0.034	skewed
GTEX-1313W	thyroid	allelic_expression	40	0.136	0.5	0.314	0.102	0.318	0.093	0.015	0.03	skewed
GTEX-131XG	thyroid	allelic_expression	42	0.056	0.5	0.25	0.149	0.262	0.117	0.018	0.036	skewed
GTEX-132AR	thyroid	allelic_expression	38	0	0.417	0.113	0.124	0.126	0.105	0.017	0.034	not_skewed
GTEX-133LE	thyroid	allelic_expression	32	0.033	0.498	0.17	0.144	0.192	0.104	0.018	0.038	not_skewed
GTEX-1399U	thyroid	allelic_expression	47	0	0.5	0.147	0.122	0.159	0.098	0.014	0.029	not_skewed
GTEX-13CF3	thyroid	allelic_expression	37	0	0.357	0.065	0.069	0.082	0.07	0.011	0.023	not_skewed
GTEX-13D11	thyroid	allelic_expression	45	0	0.389	0.09	0.074	0.114	0.087	0.013	0.026	not_skewed
GTEX-13FH7	thyroid	allelic_expression	41	0	0.409	0.138	0.091	0.143	0.087	0.014	0.027	not_skewed
GTEX-13FTY	thyroid	allelic_expression	44	0	0.5	0.086	0.121	0.131	0.12	0.018	0.037	not_skewed
GTEX-13N11	thyroid	allelic_expression	59	0.028	0.5	0.22	0.098	0.23	0.09	0.012	0.023	not_skewed
GTEX-13NZ8	thyroid	allelic_expression	27	0	0.5	0.3	0.1	0.295	0.103	0.02	0.041	skewed
GTEX-13O3O	thyroid	allelic_expression	46	0	0.278	0.161	0.107	0.142	0.075	0.011	0.022	not_skewed
GTEX-13OVI	thyroid	allelic_expression	61	0	0.5	0.125	0.109	0.133	0.089	0.011	0.023	not_skewed
GTEX-13PL6	thyroid	allelic_expression	33	0	0.417	0.2	0.162	0.181	0.1	0.017	0.035	not_skewed
GTEX-13PVR	thyroid	allelic_expression	45	0	0.5	0.167	0.138	0.177	0.108	0.016	0.032	not_skewed
GTEX-13QBU	thyroid	allelic_expression	42	0	0.5	0.071	0.108	0.101	0.095	0.015	0.03	not_skewed
GTEX-13QJC	thyroid	allelic_expression	36	0	0.5	0.229	0.169	0.225	0.129	0.021	0.044	not_skewed
GTEX-13U4I	thyroid	allelic_expression	37	0	0.485	0.117	0.141	0.144	0.109	0.018	0.036	not_skewed
GTEX-13VXT	thyroid	allelic_expression	51	0.029	0.5	0.371	0.098	0.337	0.116	0.016	0.033	skewed
GTEX-13X6H	thyroid	allelic_expression	45	0	0.375	0.1	0.112	0.117	0.095	0.014	0.029	not_skewed
GTEX-145MI	thyroid	allelic_expression	45	0.026	0.5	0.174	0.15	0.178	0.103	0.015	0.031	not_skewed
GTEX-146FR	thyroid	allelic_expression	37	0	0.333	0.056	0.072	0.08	0.08	0.013	0.027	not_skewed
GTEX-148VI	thyroid	allelic_expression	46	0	0.5	0.226	0.133	0.234	0.109	0.016	0.032	not_skewed
GTEX-14AS3	thyroid	allelic_expression	33	0	0.357	0.143	0.135	0.141	0.094	0.016	0.033	not_skewed
GTEX-14BIM	thyroid	allelic_expression	40	0	0.5	0.275	0.125	0.27	0.112	0.018	0.036	skewed
GTEX-14BIN	thyroid	allelic_expression	35	0	0.5	0.214	0.084	0.22	0.105	0.018	0.036	not_skewed
GTEX-14BMU	thyroid	allelic_expression	45	0	0.5	0.097	0.082	0.116	0.106	0.016	0.032	not_skewed
GTEX-14DAQ	thyroid	allelic_expression	43	0.045	0.5	0.325	0.113	0.312	0.092	0.014	0.028	skewed
GTEX-14JG6	thyroid	allelic_expression	46	0.009	0.5	0.291	0.13	0.272	0.119	0.018	0.035	skewed
GTEX-14PHW	thyroid	allelic_expression	41	0	0.329	0.148	0.137	0.161	0.087	0.014	0.027	not_skewed
GTEX-14PJ5	thyroid	allelic_expression	38	0	0.5	0.219	0.131	0.237	0.127	0.021	0.042	not_skewed
GTEX-14PJ6	thyroid	allelic_expression	32	0	0.5	0.252	0.151	0.239	0.127	0.022	0.046	skewed
GTEX-14PK6	thyroid	allelic_expression	19	0.024	0.318	0.167	0.119	0.16	0.085	0.02	0.041	not_skewed
GTEX-14PKU	thyroid	allelic_expression	38	0.005	0.278	0.076	0.092	0.084	0.065	0.011	0.021	not_skewed
GTEX-14PKV	thyroid	allelic_expression	27	0	0.367	0.208	0.117	0.2	0.099	0.019	0.039	not_skewed
GTEX-14PN3	thyroid	allelic_expression	37	0.056	0.441	0.204	0.11	0.213	0.098	0.016	0.033	not_skewed
GTEX-14PQA	thyroid	allelic_expression	32	0	0.318	0.073	0.083	0.092	0.075	0.013	0.027	not_skewed
GTEX-14XAO	thyroid	allelic_expression	33	0	0.4	0.082	0.117	0.111	0.097	0.017	0.034	not_skewed
GTEX-15CHC	thyroid	allelic_expression	45	0	0.438	0.176	0.16	0.172	0.107	0.016	0.032	not_skewed
GTEX-15DCZ	thyroid	allelic_expression	29	0	0.496	0.098	0.088	0.113	0.098	0.018	0.037	not_skewed
GTEX-15DDE	thyroid	allelic_expression	52	0.021	0.5	0.248	0.118	0.237	0.105	0.015	0.029	not_skewed
GTEX-15DZA	thyroid	allelic_expression	41	0	0.409	0.104	0.151	0.118	0.097	0.015	0.03	not_skewed
GTEX-15ETS	thyroid	allelic_expression	36	0	0.5	0.094	0.103	0.122	0.12	0.02	0.041	not_skewed
GTEX-15FZZ	thyroid	allelic_expression	48	0.038	0.5	0.279	0.141	0.273	0.115	0.017	0.033	skewed
GTEX-15SB6	thyroid	allelic_expression	44	0.039	0.46	0.275	0.097	0.266	0.087	0.013	0.027	skewed
GTEX-15SHU	thyroid	allelic_expression	36	0	0.357	0.08	0.096	0.106	0.084	0.014	0.028	not_skewed
GTEX-15UF6	thyroid	allelic_expression	41	0	0.5	0.341	0.115	0.327	0.103	0.016	0.033	skewed
GTEX-16BQI	thyroid	allelic_expression	54	0.1	0.5	0.462	0.064	0.439	0.074	0.01	0.02	skewed
GTEX-16MT8	thyroid	allelic_expression	40	0	0.5	0.13	0.152	0.152	0.124	0.02	0.04	not_skewed
GTEX-16NGA	thyroid	allelic_expression	66	0.067	0.5	0.25	0.095	0.26	0.093	0.011	0.023	skewed
GTEX-17F9Y	thyroid	allelic_expression	38	0	0.5	0.082	0.091	0.1	0.096	0.016	0.032	not_skewed
GTEX-17HG3	thyroid	allelic_expression	35	0.014	0.5	0.15	0.118	0.164	0.098	0.017	0.034	not_skewed
GTEX-17JCI	thyroid	allelic_expression	31	0	0.382	0.173	0.096	0.185	0.085	0.015	0.031	not_skewed
GTEX-183WM	thyroid	allelic_expression	35	0	0.5	0.119	0.092	0.138	0.104	0.018	0.036	not_skewed
GTEX-18A7A	thyroid	allelic_expression	37	0.02	0.5	0.176	0.07	0.187	0.089	0.015	0.03	not_skewed
GTEX-18D9A	thyroid	allelic_expression	38	0	0.214	0.057	0.055	0.067	0.051	0.008	0.017	not_skewed
GTEX-19HZE	thyroid	allelic_expression	44	0	0.367	0.06	0.082	0.08	0.073	0.011	0.022	not_skewed
GTEX-1A8FM	thyroid	allelic_expression	52	0	0.357	0.103	0.115	0.1	0.082	0.011	0.023	not_skewed
GTEX-1AMEY	thyroid	allelic_expression	39	0.007	0.375	0.095	0.1	0.112	0.077	0.012	0.025	not_skewed
GTEX-1AMFI	thyroid	allelic_expression	42	0	0.269	0.065	0.091	0.08	0.07	0.011	0.022	not_skewed
GTEX-1B932	thyroid	allelic_expression	42	0	0.5	0.129	0.114	0.145	0.103	0.016	0.032	not_skewed
GTEX-1B97J	thyroid	allelic_expression	43	0.038	0.5	0.222	0.145	0.221	0.113	0.017	0.035	not_skewed
GTEX-1C475	thyroid	allelic_expression	35	0.214	0.5	0.316	0.073	0.321	0.062	0.01	0.021	skewed
GTEX-1CAMS	thyroid	allelic_expression	39	0.071	0.5	0.25	0.074	0.258	0.101	0.016	0.033	skewed
GTEX-1CB4H	thyroid	allelic_expression	42	0	0.5	0.124	0.12	0.14	0.108	0.017	0.034	not_skewed
GTEX-1EWIQ	thyroid	allelic_expression	39	0	0.5	0.1	0.139	0.132	0.11	0.018	0.036	not_skewed
GTEX-1F52S	thyroid	allelic_expression	44	0	0.5	0.05	0.073	0.097	0.117	0.018	0.036	not_skewed
GTEX-1F5PL	thyroid	allelic_expression	43	0	0.5	0.125	0.141	0.14	0.11	0.017	0.034	not_skewed
GTEX-1F88F	thyroid	allelic_expression	43	0	0.5	0.167	0.113	0.177	0.1	0.015	0.031	not_skewed
GTEX-1GF9U	thyroid	allelic_expression	41	0	0.5	0.199	0.156	0.192	0.115	0.018	0.036	not_skewed
GTEX-1GF9X	thyroid	allelic_expression	46	0	0.389	0.167	0.144	0.169	0.104	0.015	0.031	not_skewed
GTEX-1GN1W	thyroid	allelic_expression	44	0.016	0.5	0.232	0.096	0.236	0.097	0.015	0.03	not_skewed
GTEX-1GZ4H	thyroid	allelic_expression	52	0.122	0.5	0.447	0.1	0.419	0.086	0.012	0.024	skewed
GTEX-1GZHY	thyroid	allelic_expression	48	0.222	0.5	0.333	0.064	0.334	0.06	0.009	0.017	skewed
GTEX-1H1CY	thyroid	allelic_expression	60	0.021	0.5	0.167	0.097	0.18	0.106	0.014	0.027	not_skewed
GTEX-1H1DF	thyroid	allelic_expression	40	0	0.273	0.098	0.078	0.105	0.066	0.011	0.021	not_skewed
GTEX-1H2FU	thyroid	allelic_expression	40	0	0.318	0.062	0.078	0.087	0.074	0.012	0.024	not_skewed
GTEX-1HBPH	thyroid	allelic_expression	43	0.033	0.361	0.206	0.097	0.199	0.085	0.013	0.026	not_skewed
GTEX-1HBPM	thyroid	allelic_expression	33	0	0.5	0.167	0.139	0.171	0.11	0.019	0.039	not_skewed
GTEX-1HC8U	thyroid	allelic_expression	78	0	0.5	0.131	0.12	0.139	0.095	0.011	0.021	not_skewed
GTEX-1HCUA	thyroid	allelic_expression	61	0	0.5	0.071	0.074	0.098	0.087	0.011	0.022	not_skewed
GTEX-1HFI7	thyroid	allelic_expression	37	0.048	0.5	0.4	0.091	0.385	0.102	0.017	0.034	skewed
GTEX-1HSGN	thyroid	allelic_expression	64	0.045	0.5	0.417	0.098	0.393	0.103	0.013	0.026	skewed
GTEX-1I1GT	thyroid	allelic_expression	35	0	0.3	0.076	0.154	0.107	0.093	0.016	0.032	not_skewed
GTEX-1ICG6	thyroid	allelic_expression	42	0.048	0.5	0.235	0.108	0.235	0.093	0.014	0.029	not_skewed
GTEX-1IDJU	thyroid	allelic_expression	54	0	0.5	0.076	0.082	0.101	0.098	0.013	0.027	not_skewed
GTEX-1IE54	thyroid	allelic_expression	41	0.036	0.5	0.242	0.095	0.248	0.106	0.017	0.033	not_skewed
GTEX-1IKOE	thyroid	allelic_expression	67	0	0.5	0.108	0.126	0.135	0.111	0.014	0.027	not_skewed
GTEX-1IKOH	thyroid	allelic_expression	44	0.195	0.5	0.426	0.116	0.413	0.084	0.013	0.025	skewed
GTEX-1J8EW	thyroid	allelic_expression	46	0	0.357	0.125	0.147	0.137	0.086	0.013	0.026	not_skewed
GTEX-1J8JJ	thyroid	allelic_expression	34	0.079	0.5	0.335	0.126	0.322	0.111	0.019	0.039	skewed
GTEX-1J8QM	thyroid	allelic_expression	44	0	0.413	0.071	0.091	0.111	0.106	0.016	0.032	not_skewed
GTEX-1JMQL	thyroid	allelic_expression	49	0	0.5	0.125	0.176	0.148	0.118	0.017	0.034	not_skewed
GTEX-1K9T9	thyroid	allelic_expression	43	0	0.5	0.159	0.159	0.17	0.111	0.017	0.034	not_skewed
GTEX-1KANC	thyroid	allelic_expression	64	0	0.389	0.183	0.1	0.178	0.085	0.011	0.021	not_skewed
GTEX-1LGOU	thyroid	allelic_expression	57	0	0.5	0.131	0.093	0.145	0.087	0.011	0.023	not_skewed
GTEX-1LH75	thyroid	allelic_expression	36	0.121	0.5	0.292	0.092	0.296	0.079	0.013	0.027	skewed
GTEX-1LVAM	thyroid	allelic_expression	48	0	0.357	0.062	0.117	0.09	0.083	0.012	0.024	not_skewed
GTEX-1LVAN	thyroid	allelic_expression	31	0.029	0.289	0.155	0.111	0.15	0.074	0.013	0.027	not_skewed
GTEX-1MCC2	thyroid	allelic_expression	82	0	0.5	0.111	0.121	0.143	0.114	0.013	0.025	not_skewed
GTEX-1NUQO	thyroid	allelic_expression	45	0	0.5	0.156	0.137	0.152	0.098	0.015	0.029	not_skewed
GTEX-1NV5F	thyroid	allelic_expression	33	0.01	0.5	0.136	0.179	0.165	0.126	0.022	0.045	not_skewed
GTEX-1OJC4	thyroid	allelic_expression	44	0	0.357	0.108	0.095	0.125	0.071	0.011	0.021	not_skewed
GTEX-1PBJI	thyroid	allelic_expression	35	0.036	0.5	0.196	0.151	0.21	0.114	0.019	0.039	not_skewed
GTEX-1QCLZ	thyroid	allelic_expression	44	0	0.25	0.068	0.104	0.087	0.074	0.011	0.022	not_skewed
GTEX-1QEPI	thyroid	allelic_expression	49	0	0.5	0.188	0.118	0.196	0.107	0.015	0.031	not_skewed
GTEX-1QP28	thyroid	allelic_expression	61	0	0.5	0.14	0.154	0.171	0.12	0.015	0.031	not_skewed
GTEX-1QP67	thyroid	allelic_expression	50	0	0.5	0.167	0.105	0.178	0.098	0.014	0.028	not_skewed
GTEX-1QPFJ	thyroid	allelic_expression	59	0.052	0.5	0.188	0.115	0.195	0.096	0.013	0.025	not_skewed
GTEX-1R46S	thyroid	allelic_expression	31	0.111	0.5	0.278	0.105	0.279	0.101	0.018	0.037	skewed
GTEX-1R9JW	thyroid	allelic_expression	31	0.019	0.357	0.088	0.104	0.122	0.092	0.017	0.034	not_skewed
GTEX-1RDX4	thyroid	allelic_expression	34	0.02	0.433	0.167	0.119	0.181	0.107	0.018	0.037	not_skewed
GTEX-1S5ZU	thyroid	allelic_expression	37	0.038	0.429	0.204	0.107	0.193	0.09	0.015	0.03	not_skewed
GTEX-OHPL	thyroid	allelic_expression	41	0	0.5	0.093	0.121	0.123	0.114	0.018	0.036	not_skewed
GTEX-P78B	thyroid	allelic_expression	31	0.016	0.5	0.214	0.142	0.223	0.102	0.018	0.037	not_skewed
GTEX-PWCY	thyroid	allelic_expression	39	0.026	0.5	0.259	0.136	0.262	0.11	0.018	0.036	skewed
GTEX-PWN1	thyroid	allelic_expression	32	0.058	0.5	0.256	0.122	0.267	0.099	0.018	0.036	skewed
GTEX-PX3G	thyroid	allelic_expression	42	0	0.498	0.075	0.113	0.101	0.105	0.016	0.033	not_skewed
GTEX-S4P3	thyroid	allelic_expression	21	0	0.5	0.245	0.137	0.243	0.127	0.028	0.058	not_skewed
GTEX-SN8G	thyroid	allelic_expression	30	0	0.5	0.26	0.167	0.273	0.133	0.024	0.05	skewed
GTEX-T2IS	thyroid	allelic_expression	42	0	0.357	0.195	0.096	0.188	0.088	0.014	0.027	not_skewed
GTEX-TMMY	thyroid	allelic_expression	41	0	0.5	0.153	0.15	0.176	0.126	0.02	0.04	not_skewed
GTEX-UPIC	thyroid	allelic_expression	37	0.375	0.5	0.5	0.006	0.485	0.033	0.005	0.011	skewed
GTEX-WI4N	thyroid	allelic_expression	28	0	0.5	0.079	0.117	0.109	0.113	0.021	0.044	not_skewed
GTEX-WRHU	thyroid	allelic_expression	34	0.012	0.357	0.089	0.098	0.103	0.073	0.012	0.025	not_skewed
GTEX-WXYG	thyroid	allelic_expression	44	0	0.375	0.115	0.082	0.124	0.084	0.013	0.025	not_skewed
GTEX-WYBS	thyroid	allelic_expression	34	0	0.2	0.08	0.093	0.088	0.056	0.01	0.02	not_skewed
GTEX-X8HC	thyroid	allelic_expression	33	0.019	0.5	0.14	0.104	0.148	0.1	0.017	0.035	not_skewed
GTEX-XOT4	thyroid	allelic_expression	38	0.056	0.385	0.247	0.111	0.245	0.081	0.013	0.026	not_skewed
GTEX-XUJ4	thyroid	allelic_expression	36	0.096	0.5	0.317	0.147	0.301	0.107	0.018	0.036	skewed
GTEX-XUW1	thyroid	allelic_expression	30	0	0.25	0.109	0.12	0.108	0.078	0.014	0.029	not_skewed
GTEX-XUZC	thyroid	allelic_expression	38	0	0.4	0.167	0.097	0.17	0.088	0.014	0.029	not_skewed
GTEX-XV7Q	thyroid	allelic_expression	51	0.026	0.49	0.215	0.112	0.217	0.091	0.013	0.026	not_skewed
GTEX-XYKS	thyroid	allelic_expression	45	0	0.5	0.159	0.128	0.168	0.116	0.017	0.035	not_skewed
GTEX-Y3IK	thyroid	allelic_expression	59	0	0.5	0.083	0.102	0.114	0.108	0.014	0.028	not_skewed
GTEX-Y5LM	thyroid	allelic_expression	32	0.062	0.5	0.237	0.105	0.241	0.1	0.018	0.036	not_skewed
GTEX-Y5V5	thyroid	allelic_expression	33	0.015	0.433	0.102	0.107	0.123	0.101	0.018	0.036	not_skewed
GTEX-YB5K	thyroid	allelic_expression	42	0.007	0.4	0.174	0.133	0.177	0.087	0.013	0.027	not_skewed
GTEX-ZAJG	thyroid	allelic_expression	50	0	0.5	0.179	0.097	0.182	0.097	0.014	0.027	not_skewed
GTEX-ZAK1	thyroid	allelic_expression	39	0	0.5	0.167	0.12	0.181	0.122	0.02	0.04	not_skewed
GTEX-ZC5H	thyroid	allelic_expression	37	0.026	0.386	0.222	0.098	0.221	0.083	0.014	0.028	not_skewed
GTEX-ZE7O	thyroid	allelic_expression	40	0.024	0.5	0.146	0.154	0.181	0.116	0.018	0.037	not_skewed
GTEX-ZF29	thyroid	allelic_expression	44	0	0.5	0.144	0.117	0.158	0.1	0.015	0.03	not_skewed
GTEX-ZF3C	thyroid	allelic_expression	29	0.056	0.5	0.35	0.1	0.339	0.102	0.019	0.039	skewed
GTEX-ZGAY	thyroid	allelic_expression	31	0	0.423	0.102	0.12	0.134	0.1	0.018	0.037	not_skewed
GTEX-ZLV1	thyroid	allelic_expression	35	0	0.5	0.083	0.081	0.102	0.095	0.016	0.033	not_skewed
GTEX-ZLWG	thyroid	allelic_expression	52	0	0.5	0.09	0.117	0.121	0.113	0.016	0.031	not_skewed
GTEX-ZPCL	thyroid	allelic_expression	40	0.071	0.5	0.386	0.102	0.367	0.103	0.016	0.033	skewed
GTEX-ZTPG	thyroid	allelic_expression	31	0	0.5	0.11	0.086	0.117	0.093	0.017	0.034	not_skewed
GTEX-ZV6S	thyroid	allelic_expression	41	0.033	0.5	0.206	0.115	0.217	0.093	0.015	0.029	not_skewed
GTEX-ZVT3	thyroid	allelic_expression	32	0.018	0.5	0.118	0.08	0.129	0.09	0.016	0.032	not_skewed
GTEX-ZVZQ	thyroid	allelic_expression	40	0.013	0.5	0.191	0.136	0.193	0.102	0.016	0.032	not_skewed
GTEX-ZYFG	thyroid	allelic_expression	45	0.024	0.46	0.192	0.122	0.212	0.102	0.015	0.031	not_skewed
GTEX-ZYVF	thyroid	allelic_expression	32	0.167	0.5	0.301	0.102	0.309	0.086	0.015	0.031	skewed
GTEX-ZYY3	thyroid	allelic_expression	37	0.045	0.444	0.314	0.113	0.304	0.089	0.015	0.03	skewed
GTEX-ZZPU	thyroid	allelic_expression	38	0.278	0.5	0.5	0.039	0.477	0.041	0.007	0.013	skewed
GTEX-11UD1	brain-8	allelic_expression	42	0	0.5	0.216	0.111	0.228	0.115	0.018	0.036	not_skewed
GTEX-11ZTS	brain-8	allelic_expression	26	0	0.5	0.093	0.134	0.119	0.125	0.024	0.05	not_skewed
GTEX-11ZVC	brain-8	allelic_expression	23	0	0.3	0.068	0.111	0.086	0.08	0.017	0.035	not_skewed
GTEX-12WSB	brain-8	allelic_expression	35	0.056	0.5	0.188	0.093	0.206	0.1	0.017	0.034	not_skewed
GTEX-12ZZX	brain-8	allelic_expression	42	0.014	0.409	0.178	0.11	0.174	0.081	0.012	0.025	not_skewed
GTEX-1313W	brain-8	allelic_expression	33	0.1	0.5	0.324	0.062	0.317	0.08	0.014	0.028	skewed
GTEX-13FTY	brain-8	allelic_expression	23	0.167	0.5	0.298	0.152	0.308	0.111	0.023	0.048	skewed
GTEX-13JUV	brain-8	allelic_expression	58	0	0.417	0.136	0.14	0.145	0.093	0.012	0.024	not_skewed
GTEX-13NZ8	brain-8	allelic_expression	21	0	0.5	0.08	0.148	0.137	0.127	0.028	0.058	not_skewed
GTEX-13O3O	brain-8	allelic_expression	33	0	0.25	0.071	0.084	0.096	0.067	0.012	0.024	not_skewed
GTEX-13QIC	brain-8	allelic_expression	38	0	0.278	0.081	0.068	0.095	0.065	0.011	0.022	not_skewed
GTEX-13QJC	brain-8	allelic_expression	30	0.007	0.5	0.146	0.196	0.18	0.13	0.024	0.049	not_skewed
GTEX-13S7M	brain-8	allelic_expression	40	0.019	0.357	0.169	0.138	0.167	0.093	0.015	0.03	not_skewed
GTEX-145LS	brain-8	allelic_expression	37	0	0.357	0.071	0.098	0.106	0.097	0.016	0.032	not_skewed
GTEX-14BIM	brain-8	allelic_expression	26	0.035	0.409	0.167	0.173	0.192	0.107	0.021	0.043	not_skewed
GTEX-14LLW	brain-8	allelic_expression	27	0	0.5	0.143	0.152	0.191	0.134	0.026	0.053	not_skewed
GTEX-14LZ3	brain-8	allelic_expression	35	0	0.5	0.305	0.104	0.301	0.115	0.019	0.04	skewed
GTEX-14PQA	brain-8	allelic_expression	32	0	0.4	0.057	0.073	0.084	0.082	0.014	0.029	not_skewed
GTEX-15DCD	brain-8	allelic_expression	37	0	0.5	0.217	0.139	0.25	0.122	0.02	0.041	not_skewed
GTEX-15UF6	brain-8	allelic_expression	40	0	0.318	0.084	0.161	0.117	0.086	0.014	0.027	not_skewed
GTEX-16NPV	brain-8	allelic_expression	12	0.029	0.5	0.192	0.134	0.197	0.127	0.037	0.081	not_skewed
GTEX-17HG3	brain-8	allelic_expression	29	0	0.417	0.254	0.114	0.24	0.11	0.02	0.042	skewed
GTEX-17JCI	brain-8	allelic_expression	25	0.038	0.5	0.167	0.159	0.192	0.124	0.025	0.051	not_skewed
GTEX-183WM	brain-8	allelic_expression	31	0	0.357	0.109	0.098	0.123	0.094	0.017	0.034	not_skewed
GTEX-1A32A	brain-8	allelic_expression	22	0.045	0.324	0.176	0.144	0.175	0.088	0.019	0.039	not_skewed
GTEX-1CAV2	brain-8	allelic_expression	19	0.25	0.5	0.419	0.101	0.426	0.072	0.016	0.035	skewed
GTEX-1EWIQ	brain-8	allelic_expression	24	0.029	0.5	0.167	0.148	0.174	0.122	0.025	0.051	not_skewed
GTEX-1F52S	brain-8	allelic_expression	27	0.005	0.5	0.076	0.092	0.098	0.104	0.02	0.041	not_skewed
GTEX-1GZHY	brain-8	allelic_expression	28	0	0.5	0.264	0.242	0.266	0.158	0.03	0.061	skewed
GTEX-1H1CY	brain-8	allelic_expression	47	0	0.3	0.1	0.115	0.109	0.079	0.012	0.023	not_skewed
GTEX-OHPN	brain-8	allelic_expression	8	0	0.5	0.14	0.191	0.176	0.18	0.064	0.15	not_skewed
GTEX-PWO3	brain-8	allelic_expression	22	0	0.495	0.137	0.101	0.157	0.12	0.026	0.053	not_skewed
GTEX-ZE7O	brain-8	allelic_expression	24	0.056	0.5	0.303	0.211	0.267	0.136	0.028	0.058	skewed
GTEX-ZVZQ	brain-8	allelic_expression	21	0.033	0.5	0.227	0.133	0.213	0.113	0.025	0.052	not_skewed
GTEX-1128S	brain-5	allelic_expression	27	0.033	0.405	0.158	0.106	0.161	0.096	0.019	0.038	not_skewed
GTEX-11EMC	brain-5	allelic_expression	27	0	0.5	0.184	0.136	0.188	0.113	0.022	0.045	not_skewed
GTEX-11TTK	brain-5	allelic_expression	41	0.1	0.5	0.376	0.067	0.368	0.087	0.014	0.027	skewed
GTEX-11ZTS	brain-5	allelic_expression	26	0	0.496	0.1	0.136	0.131	0.118	0.023	0.048	not_skewed
GTEX-11ZVC	brain-5	allelic_expression	35	0	0.357	0.068	0.141	0.11	0.102	0.017	0.035	not_skewed
GTEX-1269C	brain-5	allelic_expression	21	0	0.405	0.208	0.105	0.225	0.095	0.021	0.043	not_skewed
GTEX-12WS9	brain-5	allelic_expression	44	0	0.5	0.278	0.137	0.263	0.122	0.018	0.037	skewed
GTEX-12WSB	brain-5	allelic_expression	35	0.15	0.5	0.338	0.11	0.333	0.091	0.015	0.031	skewed
GTEX-12ZZX	brain-5	allelic_expression	45	0	0.318	0.071	0.1	0.109	0.083	0.012	0.025	not_skewed
GTEX-1313W	brain-5	allelic_expression	34	0.038	0.389	0.158	0.091	0.154	0.076	0.013	0.027	not_skewed
GTEX-13JUV	brain-5	allelic_expression	48	0	0.5	0.092	0.138	0.127	0.118	0.017	0.034	not_skewed
GTEX-13NZ8	brain-5	allelic_expression	23	0	0.37	0.125	0.109	0.151	0.111	0.023	0.048	not_skewed
GTEX-13O3O	brain-5	allelic_expression	42	0	0.357	0.06	0.073	0.086	0.08	0.012	0.025	not_skewed
GTEX-13QIC	brain-5	allelic_expression	41	0.033	0.389	0.131	0.104	0.151	0.083	0.013	0.026	not_skewed
GTEX-13S7M	brain-5	allelic_expression	35	0	0.375	0.136	0.12	0.15	0.09	0.015	0.031	not_skewed
GTEX-13SLX	brain-5	allelic_expression	47	0	0.5	0.171	0.088	0.175	0.098	0.014	0.029	not_skewed
GTEX-13X6K	brain-5	allelic_expression	53	0	0.409	0.082	0.12	0.104	0.09	0.012	0.025	not_skewed
GTEX-145LS	brain-5	allelic_expression	33	0	0.389	0.115	0.092	0.137	0.093	0.016	0.033	not_skewed
GTEX-145MI	brain-5	allelic_expression	35	0	0.382	0.153	0.16	0.16	0.099	0.017	0.034	not_skewed
GTEX-14A5I	brain-5	allelic_expression	34	0	0.5	0.071	0.097	0.118	0.116	0.02	0.04	not_skewed
GTEX-14BIM	brain-5	allelic_expression	37	0.125	0.417	0.306	0.056	0.301	0.06	0.01	0.02	skewed
GTEX-14BIN	brain-5	allelic_expression	32	0.005	0.5	0.081	0.118	0.109	0.108	0.019	0.039	not_skewed
GTEX-14DAQ	brain-5	allelic_expression	37	0	0.357	0.133	0.123	0.158	0.101	0.017	0.034	not_skewed
GTEX-14LLW	brain-5	allelic_expression	34	0	0.5	0.126	0.1	0.147	0.12	0.021	0.042	not_skewed
GTEX-14LZ3	brain-5	allelic_expression	37	0	0.375	0.157	0.126	0.174	0.106	0.017	0.035	not_skewed
GTEX-15DDE	brain-5	allelic_expression	45	0	0.5	0.071	0.108	0.101	0.101	0.015	0.03	not_skewed
GTEX-15DYW	brain-5	allelic_expression	33	0	0.5	0.232	0.1	0.237	0.105	0.018	0.037	not_skewed
GTEX-15SHU	brain-5	allelic_expression	36	0	0.409	0.235	0.16	0.213	0.111	0.018	0.037	not_skewed
GTEX-17HG3	brain-5	allelic_expression	32	0.125	0.458	0.354	0.064	0.335	0.081	0.014	0.029	skewed
GTEX-17JCI	brain-5	allelic_expression	22	0	0.375	0.136	0.107	0.137	0.088	0.019	0.039	not_skewed
GTEX-183WM	brain-5	allelic_expression	33	0.024	0.333	0.189	0.078	0.181	0.073	0.013	0.026	not_skewed
GTEX-19HZE	brain-5	allelic_expression	38	0	0.5	0.146	0.111	0.149	0.104	0.017	0.034	not_skewed
GTEX-1A3MW	brain-5	allelic_expression	27	0	0.357	0.102	0.14	0.135	0.1	0.019	0.039	not_skewed
GTEX-1CB4H	brain-5	allelic_expression	34	0.013	0.5	0.095	0.105	0.124	0.104	0.018	0.036	not_skewed
GTEX-1EWIQ	brain-5	allelic_expression	30	0.023	0.5	0.25	0.164	0.263	0.114	0.021	0.043	skewed
GTEX-1F52S	brain-5	allelic_expression	35	0	0.5	0.065	0.087	0.096	0.104	0.018	0.036	not_skewed
GTEX-1F6RS	brain-5	allelic_expression	29	0	0.342	0.119	0.126	0.133	0.087	0.016	0.033	not_skewed
GTEX-1GZHY	brain-5	allelic_expression	39	0	0.357	0.143	0.119	0.153	0.092	0.015	0.03	not_skewed
GTEX-1H1CY	brain-5	allelic_expression	58	0	0.5	0.228	0.074	0.223	0.099	0.013	0.026	not_skewed
GTEX-1HBPH	brain-5	allelic_expression	33	0	0.266	0.085	0.081	0.102	0.079	0.014	0.028	not_skewed
GTEX-1I1CD	brain-5	allelic_expression	42	0.22	0.5	0.401	0.077	0.397	0.07	0.011	0.022	skewed
GTEX-1IKOH	brain-5	allelic_expression	44	0.214	0.5	0.4	0.083	0.401	0.066	0.01	0.02	skewed
GTEX-1J8EW	brain-5	allelic_expression	34	0	0.409	0.25	0.088	0.241	0.093	0.016	0.032	skewed
GTEX-1JMOU	brain-5	allelic_expression	38	0.091	0.5	0.28	0.143	0.291	0.11	0.018	0.036	skewed
GTEX-1JMQL	brain-5	allelic_expression	42	0.062	0.5	0.229	0.126	0.241	0.108	0.017	0.034	not_skewed
GTEX-1JN1M	brain-5	allelic_expression	41	0	0.5	0.235	0.091	0.253	0.112	0.018	0.035	not_skewed
GTEX-1POEN	brain-5	allelic_expression	44	0	0.409	0.069	0.126	0.104	0.09	0.014	0.027	not_skewed
GTEX-1QEPI	brain-5	allelic_expression	33	0	0.25	0.109	0.111	0.113	0.07	0.012	0.025	not_skewed
GTEX-1R46S	brain-5	allelic_expression	30	0	0.5	0.299	0.156	0.291	0.122	0.022	0.045	skewed
GTEX-1R9PO	brain-5	allelic_expression	44	0	0.389	0.06	0.075	0.087	0.083	0.012	0.025	not_skewed
GTEX-1RDX4	brain-5	allelic_expression	28	0	0.278	0.104	0.067	0.111	0.068	0.013	0.026	not_skewed
GTEX-OHPN	brain-5	allelic_expression	28	0	0.5	0.194	0.099	0.196	0.105	0.02	0.041	not_skewed
GTEX-PWO3	brain-5	allelic_expression	22	0	0.5	0.071	0.122	0.12	0.119	0.025	0.053	not_skewed
GTEX-T2IS	brain-5	allelic_expression	39	0	0.389	0.061	0.108	0.092	0.088	0.014	0.029	not_skewed
GTEX-ZAJG	brain-5	allelic_expression	55	0	0.357	0.073	0.103	0.102	0.08	0.011	0.022	not_skewed
GTEX-ZAK1	brain-5	allelic_expression	29	0.059	0.409	0.142	0.073	0.167	0.075	0.014	0.028	not_skewed
GTEX-ZVT3	brain-5	allelic_expression	31	0	0.278	0.067	0.087	0.081	0.061	0.011	0.022	not_skewed
GTEX-ZYY3	brain-5	allelic_expression	36	0.056	0.5	0.257	0.106	0.265	0.097	0.016	0.033	skewed
GTEX-1122O	lung	allelic_expression	46	0	0.5	0.095	0.175	0.143	0.131	0.019	0.039	not_skewed
GTEX-1128S	lung	allelic_expression	37	0.019	0.389	0.157	0.118	0.168	0.088	0.015	0.029	not_skewed
GTEX-11DXX	lung	allelic_expression	42	0	0.5	0.098	0.095	0.121	0.099	0.015	0.031	not_skewed
GTEX-11EMC	lung	allelic_expression	33	0.071	0.5	0.346	0.104	0.353	0.097	0.017	0.034	skewed
GTEX-11I78	lung	allelic_expression	48	0	0.389	0.065	0.068	0.088	0.07	0.01	0.02	not_skewed
GTEX-11P81	lung	allelic_expression	47	0.056	0.5	0.325	0.146	0.325	0.1	0.015	0.029	skewed
GTEX-11ZTS	lung	allelic_expression	40	0	0.5	0.119	0.148	0.141	0.105	0.017	0.034	not_skewed
GTEX-11ZTT	lung	allelic_expression	58	0	0.357	0.113	0.13	0.126	0.09	0.012	0.024	not_skewed
GTEX-11ZVC	lung	allelic_expression	45	0	0.384	0.19	0.119	0.188	0.099	0.015	0.03	not_skewed
GTEX-1211K	lung	allelic_expression	43	0.012	0.306	0.073	0.084	0.101	0.077	0.012	0.024	not_skewed
GTEX-1269C	lung	allelic_expression	30	0	0.389	0.136	0.112	0.153	0.107	0.019	0.04	not_skewed
GTEX-12WSG	lung	allelic_expression	40	0.008	0.5	0.1	0.149	0.135	0.125	0.02	0.04	not_skewed
GTEX-12WSJ	lung	allelic_expression	38	0	0.318	0.125	0.109	0.117	0.081	0.013	0.027	not_skewed
GTEX-12WSK	lung	allelic_expression	47	0	0.5	0.086	0.111	0.111	0.1	0.015	0.029	not_skewed
GTEX-13113	lung	allelic_expression	54	0	0.37	0.159	0.089	0.159	0.083	0.011	0.023	not_skewed
GTEX-1313W	lung	allelic_expression	37	0.023	0.423	0.167	0.159	0.182	0.115	0.019	0.038	not_skewed
GTEX-131XW	lung	allelic_expression	35	0	0.5	0.12	0.132	0.144	0.133	0.022	0.046	not_skewed
GTEX-133LE	lung	allelic_expression	27	0	0.5	0.119	0.111	0.137	0.107	0.021	0.042	not_skewed
GTEX-1399S	lung	allelic_expression	49	0	0.394	0.143	0.102	0.159	0.085	0.012	0.024	not_skewed
GTEX-1399U	lung	allelic_expression	47	0	0.5	0.056	0.082	0.097	0.116	0.017	0.034	not_skewed
GTEX-13CF3	lung	allelic_expression	37	0	0.5	0.154	0.114	0.165	0.101	0.017	0.034	not_skewed
GTEX-13D11	lung	allelic_expression	47	0	0.375	0.081	0.079	0.1	0.066	0.01	0.019	not_skewed
GTEX-13FH7	lung	allelic_expression	39	0.011	0.389	0.125	0.128	0.147	0.088	0.014	0.029	not_skewed
GTEX-13FTX	lung	allelic_expression	45	0	0.5	0.111	0.118	0.134	0.099	0.015	0.03	not_skewed
GTEX-13FTY	lung	allelic_expression	39	0	0.5	0.167	0.15	0.177	0.134	0.022	0.044	not_skewed
GTEX-13JUV	lung	allelic_expression	56	0.042	0.5	0.25	0.086	0.26	0.101	0.013	0.027	skewed
GTEX-13N11	lung	allelic_expression	50	0.018	0.433	0.16	0.107	0.163	0.095	0.013	0.027	not_skewed
GTEX-13NZ8	lung	allelic_expression	27	0	0.5	0.069	0.104	0.112	0.123	0.024	0.048	not_skewed
GTEX-13O3O	lung	allelic_expression	47	0.021	0.5	0.257	0.11	0.266	0.108	0.016	0.032	skewed
GTEX-13PL7	lung	allelic_expression	38	0	0.423	0.155	0.15	0.168	0.112	0.018	0.037	not_skewed
GTEX-13QBU	lung	allelic_expression	49	0	0.499	0.129	0.103	0.132	0.09	0.013	0.026	not_skewed
GTEX-13QJC	lung	allelic_expression	31	0	0.5	0.094	0.153	0.134	0.13	0.023	0.048	not_skewed
GTEX-13S7M	lung	allelic_expression	41	0	0.5	0.119	0.148	0.147	0.105	0.016	0.033	not_skewed
GTEX-13U4I	lung	allelic_expression	39	0	0.5	0.159	0.139	0.166	0.12	0.019	0.039	not_skewed
GTEX-13VXT	lung	allelic_expression	58	0.016	0.429	0.206	0.143	0.217	0.108	0.014	0.028	not_skewed
GTEX-13W3W	lung	allelic_expression	45	0	0.389	0.071	0.083	0.093	0.086	0.013	0.026	not_skewed
GTEX-13X6K	lung	allelic_expression	46	0	0.357	0.112	0.123	0.132	0.1	0.015	0.03	not_skewed
GTEX-145LS	lung	allelic_expression	39	0	0.389	0.095	0.078	0.114	0.08	0.013	0.026	not_skewed
GTEX-146FH	lung	allelic_expression	49	0.012	0.5	0.215	0.165	0.223	0.12	0.017	0.035	not_skewed
GTEX-147F3	lung	allelic_expression	38	0	0.5	0.125	0.129	0.164	0.124	0.02	0.041	not_skewed
GTEX-148VI	lung	allelic_expression	47	0	0.5	0.121	0.124	0.149	0.114	0.017	0.033	not_skewed
GTEX-14AS3	lung	allelic_expression	33	0.019	0.409	0.139	0.081	0.151	0.079	0.014	0.028	not_skewed
GTEX-14BMU	lung	allelic_expression	47	0	0.5	0.125	0.137	0.15	0.118	0.017	0.035	not_skewed
GTEX-14DAQ	lung	allelic_expression	35	0	0.409	0.269	0.14	0.246	0.103	0.017	0.035	skewed
GTEX-14JG6	lung	allelic_expression	45	0	0.389	0.167	0.138	0.166	0.1	0.015	0.03	not_skewed
GTEX-14LLW	lung	allelic_expression	35	0.033	0.5	0.265	0.228	0.269	0.133	0.022	0.046	skewed
GTEX-14LZ3	lung	allelic_expression	44	0.298	0.5	0.407	0.078	0.405	0.054	0.008	0.016	skewed
GTEX-14PHY	lung	allelic_expression	50	0.071	0.5	0.34	0.116	0.334	0.102	0.014	0.029	skewed
GTEX-14PJ5	lung	allelic_expression	36	0.056	0.5	0.212	0.136	0.218	0.111	0.019	0.038	not_skewed
GTEX-14PK6	lung	allelic_expression	38	0	0.375	0.143	0.176	0.16	0.111	0.018	0.036	not_skewed
GTEX-14PQA	lung	allelic_expression	34	0	0.389	0.123	0.152	0.141	0.11	0.019	0.038	not_skewed
GTEX-14XAO	lung	allelic_expression	36	0	0.5	0.198	0.097	0.2	0.108	0.018	0.036	not_skewed
GTEX-15CHC	lung	allelic_expression	42	0	0.387	0.188	0.146	0.186	0.109	0.017	0.034	not_skewed
GTEX-15DCZ	lung	allelic_expression	31	0	0.5	0.071	0.125	0.112	0.112	0.02	0.041	not_skewed
GTEX-15EOM	lung	allelic_expression	25	0	0.357	0.12	0.13	0.135	0.089	0.018	0.037	not_skewed
GTEX-15FZZ	lung	allelic_expression	46	0.093	0.5	0.25	0.157	0.278	0.124	0.018	0.037	skewed
GTEX-15SB6	lung	allelic_expression	37	0.121	0.414	0.25	0.117	0.249	0.077	0.013	0.026	skewed
GTEX-16MT8	lung	allelic_expression	40	0.01	0.5	0.165	0.174	0.195	0.142	0.022	0.045	not_skewed
GTEX-16NGA	lung	allelic_expression	67	0.132	0.5	0.367	0.093	0.368	0.078	0.009	0.019	skewed
GTEX-17F98	lung	allelic_expression	32	0	0.5	0.079	0.144	0.13	0.118	0.021	0.043	not_skewed
GTEX-17F9Y	lung	allelic_expression	42	0.026	0.5	0.167	0.142	0.167	0.101	0.016	0.031	not_skewed
GTEX-17HG3	lung	allelic_expression	31	0	0.393	0.088	0.1	0.108	0.1	0.018	0.037	not_skewed
GTEX-17JCI	lung	allelic_expression	26	0.021	0.286	0.149	0.099	0.156	0.072	0.014	0.029	not_skewed
GTEX-18A7A	lung	allelic_expression	41	0.028	0.5	0.157	0.1	0.162	0.089	0.014	0.028	not_skewed
GTEX-18D9A	lung	allelic_expression	48	0	0.233	0.069	0.096	0.078	0.063	0.009	0.018	not_skewed
GTEX-1A32A	lung	allelic_expression	38	0.071	0.5	0.328	0.102	0.324	0.081	0.013	0.027	skewed
GTEX-1A8FM	lung	allelic_expression	50	0	0.5	0.121	0.112	0.138	0.101	0.014	0.029	not_skewed
GTEX-1B932	lung	allelic_expression	45	0	0.5	0.214	0.155	0.218	0.125	0.019	0.037	not_skewed
GTEX-1CAV2	lung	allelic_expression	48	0.056	0.5	0.296	0.104	0.275	0.114	0.016	0.033	skewed
GTEX-1EWIQ	lung	allelic_expression	45	0	0.5	0.14	0.115	0.143	0.108	0.016	0.032	not_skewed
GTEX-1F6RS	lung	allelic_expression	36	0	0.324	0.071	0.087	0.098	0.073	0.012	0.025	not_skewed
GTEX-1F7RK	lung	allelic_expression	37	0.007	0.375	0.142	0.157	0.167	0.1	0.017	0.033	not_skewed
GTEX-1F88F	lung	allelic_expression	35	0	0.423	0.151	0.09	0.163	0.091	0.015	0.031	not_skewed
GTEX-1GF9X	lung	allelic_expression	45	0	0.382	0.113	0.106	0.127	0.097	0.014	0.029	not_skewed
GTEX-1GN1W	lung	allelic_expression	46	0	0.5	0.109	0.121	0.119	0.097	0.014	0.029	not_skewed
GTEX-1GZ4H	lung	allelic_expression	69	0	0.5	0.125	0.14	0.143	0.098	0.012	0.024	not_skewed
GTEX-1GZHY	lung	allelic_expression	41	0	0.5	0.283	0.122	0.287	0.093	0.015	0.029	skewed
GTEX-1H1CY	lung	allelic_expression	52	0	0.417	0.098	0.154	0.137	0.112	0.016	0.031	not_skewed
GTEX-1H2FU	lung	allelic_expression	44	0	0.357	0.119	0.126	0.126	0.096	0.014	0.029	not_skewed
GTEX-1HBPH	lung	allelic_expression	42	0	0.357	0.077	0.109	0.114	0.091	0.014	0.028	not_skewed
GTEX-1HBPM	lung	allelic_expression	44	0	0.5	0.157	0.098	0.163	0.103	0.015	0.031	not_skewed
GTEX-1HCUA	lung	allelic_expression	61	0	0.5	0.185	0.125	0.193	0.094	0.012	0.024	not_skewed
GTEX-1I1CD	lung	allelic_expression	40	0.05	0.5	0.299	0.174	0.309	0.127	0.02	0.04	skewed
GTEX-1I4MK	lung	allelic_expression	62	0.125	0.5	0.406	0.061	0.397	0.071	0.009	0.018	skewed
GTEX-1IDJI	lung	allelic_expression	66	0	0.269	0.085	0.086	0.102	0.073	0.009	0.018	not_skewed
GTEX-1IDJU	lung	allelic_expression	56	0.008	0.5	0.151	0.128	0.158	0.104	0.014	0.028	not_skewed
GTEX-1IKOE	lung	allelic_expression	63	0	0.5	0.132	0.132	0.147	0.102	0.013	0.026	not_skewed
GTEX-1J8EW	lung	allelic_expression	42	0	0.293	0.086	0.137	0.117	0.09	0.014	0.028	not_skewed
GTEX-1J8JJ	lung	allelic_expression	28	0.071	0.5	0.214	0.173	0.236	0.119	0.022	0.046	not_skewed
GTEX-1J8QM	lung	allelic_expression	50	0.062	0.5	0.279	0.084	0.28	0.084	0.012	0.024	skewed
GTEX-1JMOU	lung	allelic_expression	38	0	0.25	0.073	0.092	0.094	0.065	0.011	0.021	not_skewed
GTEX-1JMQL	lung	allelic_expression	45	0	0.5	0.103	0.17	0.147	0.118	0.018	0.035	not_skewed
GTEX-1JN76	lung	allelic_expression	34	0.014	0.357	0.214	0.13	0.195	0.086	0.015	0.03	not_skewed
GTEX-1K9T9	lung	allelic_expression	46	0	0.357	0.089	0.094	0.103	0.076	0.011	0.023	not_skewed
GTEX-1LVAN	lung	allelic_expression	29	0	0.438	0.184	0.085	0.199	0.099	0.018	0.038	not_skewed
GTEX-1MCC2	lung	allelic_expression	78	0	0.5	0.157	0.154	0.172	0.114	0.013	0.026	not_skewed
GTEX-1NV5F	lung	allelic_expression	32	0	0.5	0.083	0.097	0.109	0.106	0.019	0.038	not_skewed
GTEX-1OJC4	lung	allelic_expression	38	0	0.286	0.103	0.142	0.116	0.083	0.014	0.027	not_skewed
GTEX-1QEPI	lung	allelic_expression	40	0.019	0.346	0.119	0.118	0.132	0.08	0.013	0.026	not_skewed
GTEX-1RDX4	lung	allelic_expression	42	0.071	0.5	0.286	0.165	0.282	0.109	0.017	0.034	skewed
GTEX-1S82P	lung	allelic_expression	51	0	0.5	0.108	0.126	0.127	0.1	0.014	0.028	not_skewed
GTEX-NL3G	lung	allelic_expression	45	0	0.5	0.155	0.127	0.178	0.114	0.017	0.034	not_skewed
GTEX-OHPL	lung	allelic_expression	43	0	0.498	0.142	0.115	0.154	0.106	0.016	0.033	not_skewed
GTEX-P78B	lung	allelic_expression	31	0	0.5	0.131	0.094	0.15	0.113	0.02	0.041	not_skewed
GTEX-POMQ	lung	allelic_expression	53	0	0.5	0.096	0.088	0.112	0.1	0.014	0.028	not_skewed
GTEX-PX3G	lung	allelic_expression	38	0	0.498	0.106	0.091	0.128	0.103	0.017	0.034	not_skewed
GTEX-QCQG	lung	allelic_expression	42	0	0.498	0.076	0.1	0.093	0.088	0.014	0.028	not_skewed
GTEX-SN8G	lung	allelic_expression	27	0.125	0.5	0.346	0.072	0.358	0.1	0.019	0.04	skewed
GTEX-T2IS	lung	allelic_expression	44	0.003	0.368	0.073	0.114	0.12	0.098	0.015	0.03	not_skewed
GTEX-TML8	lung	allelic_expression	42	0	0.5	0.077	0.108	0.113	0.106	0.016	0.033	not_skewed
GTEX-TMMY	lung	allelic_expression	47	0.083	0.496	0.271	0.093	0.269	0.086	0.012	0.025	skewed
GTEX-UJHI	lung	allelic_expression	50	0	0.5	0.108	0.155	0.134	0.113	0.016	0.032	not_skewed
GTEX-UPIC	lung	allelic_expression	45	0.45	0.5	0.5	0	0.496	0.011	0.002	0.003	skewed
GTEX-VJWN	lung	allelic_expression	58	0	0.489	0.202	0.189	0.189	0.127	0.017	0.033	not_skewed
GTEX-WRHU	lung	allelic_expression	35	0	0.304	0.091	0.108	0.107	0.08	0.013	0.027	not_skewed
GTEX-WYBS	lung	allelic_expression	37	0	0.389	0.107	0.126	0.11	0.092	0.015	0.031	not_skewed
GTEX-XMD2	lung	allelic_expression	39	0.022	0.375	0.147	0.113	0.158	0.089	0.014	0.029	not_skewed
GTEX-XOT4	lung	allelic_expression	39	0	0.5	0.288	0.118	0.276	0.105	0.017	0.034	skewed
GTEX-XUJ4	lung	allelic_expression	34	0.269	0.5	0.417	0.112	0.416	0.068	0.012	0.024	skewed
GTEX-XV7Q	lung	allelic_expression	51	0.071	0.498	0.26	0.074	0.26	0.081	0.011	0.023	skewed
GTEX-XYKS	lung	allelic_expression	41	0	0.5	0.109	0.117	0.135	0.119	0.019	0.037	not_skewed
GTEX-Y3IK	lung	allelic_expression	46	0.015	0.5	0.16	0.175	0.172	0.11	0.016	0.033	not_skewed
GTEX-Y5LM	lung	allelic_expression	29	0.05	0.357	0.214	0.098	0.206	0.087	0.016	0.033	not_skewed
GTEX-Y5V5	lung	allelic_expression	36	0	0.42	0.179	0.152	0.177	0.114	0.019	0.039	not_skewed
GTEX-Y8LW	lung	allelic_expression	31	0	0.283	0.06	0.112	0.084	0.079	0.014	0.029	not_skewed
GTEX-YJ8O	lung	allelic_expression	48	0	0.389	0.126	0.122	0.127	0.091	0.013	0.027	not_skewed
GTEX-ZC5H	lung	allelic_expression	44	0.008	0.357	0.125	0.114	0.134	0.09	0.014	0.027	not_skewed
GTEX-ZE7O	lung	allelic_expression	45	0	0.5	0.256	0.126	0.238	0.116	0.017	0.035	skewed
GTEX-ZF29	lung	allelic_expression	44	0	0.5	0.154	0.12	0.179	0.125	0.019	0.038	not_skewed
GTEX-ZF2S	lung	allelic_expression	39	0	0.292	0.071	0.089	0.089	0.076	0.012	0.025	not_skewed
GTEX-ZF3C	lung	allelic_expression	29	0.024	0.5	0.278	0.129	0.262	0.117	0.022	0.045	skewed
GTEX-ZLV1	lung	allelic_expression	29	0	0.5	0.167	0.112	0.168	0.105	0.02	0.04	not_skewed
GTEX-ZLWG	lung	allelic_expression	49	0	0.5	0.185	0.114	0.187	0.103	0.015	0.03	not_skewed
GTEX-ZPCL	lung	allelic_expression	43	0.007	0.5	0.15	0.147	0.149	0.109	0.017	0.033	not_skewed
GTEX-ZTPG	lung	allelic_expression	37	0	0.5	0.097	0.115	0.12	0.099	0.016	0.033	not_skewed
GTEX-ZVT3	lung	allelic_expression	34	0	0.389	0.065	0.129	0.099	0.086	0.015	0.03	not_skewed
GTEX-ZVZQ	lung	allelic_expression	43	0	0.5	0.184	0.147	0.199	0.125	0.019	0.038	not_skewed
GTEX-ZYFG	lung	allelic_expression	37	0.088	0.5	0.331	0.147	0.323	0.107	0.018	0.036	skewed
GTEX-ZYVF	lung	allelic_expression	35	0.2	0.5	0.426	0.08	0.413	0.066	0.011	0.023	skewed
GTEX-ZYWO	lung	allelic_expression	47	0	0.5	0.224	0.079	0.218	0.09	0.013	0.026	not_skewed
GTEX-ZYY3	lung	allelic_expression	36	0.175	0.433	0.327	0.117	0.322	0.069	0.011	0.023	skewed
GTEX-ZZPU	lung	allelic_expression	38	0.214	0.5	0.5	0.008	0.485	0.048	0.008	0.016	skewed
GTEX-1117F	muscle	allelic_expression	40	0.045	0.5	0.278	0.123	0.282	0.105	0.017	0.034	skewed
GTEX-1122O	muscle	allelic_expression	35	0	0.5	0.148	0.102	0.168	0.118	0.02	0.041	not_skewed
GTEX-1128S	muscle	allelic_expression	21	0.1	0.5	0.391	0.082	0.386	0.093	0.02	0.042	skewed
GTEX-113JC	muscle	allelic_expression	32	0	0.5	0.152	0.139	0.172	0.12	0.021	0.043	not_skewed
GTEX-11DXX	muscle	allelic_expression	38	0	0.492	0.053	0.058	0.078	0.092	0.015	0.03	not_skewed
GTEX-11EM3	muscle	allelic_expression	37	0	0.5	0.125	0.084	0.137	0.127	0.021	0.042	not_skewed
GTEX-11EMC	muscle	allelic_expression	23	0	0.3	0.167	0.136	0.158	0.084	0.018	0.036	not_skewed
GTEX-11I78	muscle	allelic_expression	40	0	0.409	0.08	0.088	0.105	0.094	0.015	0.03	not_skewed
GTEX-11P81	muscle	allelic_expression	32	0.125	0.5	0.331	0.15	0.322	0.104	0.018	0.038	skewed
GTEX-11TTK	muscle	allelic_expression	32	0	0.423	0.071	0.072	0.102	0.102	0.018	0.037	not_skewed
GTEX-11UD1	muscle	allelic_expression	44	0	0.5	0.256	0.147	0.255	0.124	0.019	0.038	skewed
GTEX-11VI4	muscle	allelic_expression	28	0.038	0.431	0.17	0.118	0.189	0.096	0.018	0.037	not_skewed
GTEX-11XUK	muscle	allelic_expression	34	0	0.409	0.16	0.115	0.17	0.097	0.017	0.034	not_skewed
GTEX-11ZTS	muscle	allelic_expression	26	0.033	0.418	0.139	0.1	0.146	0.082	0.016	0.033	not_skewed
GTEX-11ZTT	muscle	allelic_expression	36	0	0.357	0.099	0.125	0.113	0.087	0.015	0.03	not_skewed
GTEX-11ZVC	muscle	allelic_expression	41	0	0.382	0.129	0.089	0.144	0.092	0.014	0.029	not_skewed
GTEX-1211K	muscle	allelic_expression	32	0	0.289	0.063	0.1	0.101	0.089	0.016	0.032	not_skewed
GTEX-1269C	muscle	allelic_expression	25	0	0.292	0.1	0.119	0.115	0.082	0.016	0.034	not_skewed
GTEX-12WS9	muscle	allelic_expression	32	0	0.5	0.19	0.112	0.187	0.108	0.019	0.039	not_skewed
GTEX-12WSB	muscle	allelic_expression	38	0.071	0.5	0.274	0.092	0.264	0.092	0.015	0.03	skewed
GTEX-12WSG	muscle	allelic_expression	27	0.016	0.487	0.167	0.145	0.174	0.111	0.021	0.044	not_skewed
GTEX-12WSJ	muscle	allelic_expression	29	0.024	0.444	0.1	0.103	0.122	0.09	0.017	0.034	not_skewed
GTEX-12ZZX	muscle	allelic_expression	39	0	0.5	0.134	0.114	0.154	0.101	0.016	0.033	not_skewed
GTEX-13113	muscle	allelic_expression	42	0.033	0.417	0.262	0.113	0.245	0.099	0.015	0.031	skewed
GTEX-1313W	muscle	allelic_expression	32	0	0.5	0.161	0.168	0.159	0.119	0.021	0.043	not_skewed
GTEX-131XG	muscle	allelic_expression	25	0.015	0.5	0.125	0.113	0.145	0.102	0.02	0.042	not_skewed
GTEX-131XW	muscle	allelic_expression	32	0.196	0.5	0.467	0.071	0.448	0.07	0.012	0.025	skewed
GTEX-132AR	muscle	allelic_expression	24	0	0.214	0.116	0.082	0.108	0.056	0.011	0.024	not_skewed
GTEX-133LE	muscle	allelic_expression	24	0	0.5	0.081	0.116	0.122	0.118	0.024	0.05	not_skewed
GTEX-1399S	muscle	allelic_expression	33	0.062	0.5	0.259	0.093	0.253	0.101	0.018	0.036	skewed
GTEX-1399U	muscle	allelic_expression	28	0.015	0.324	0.089	0.117	0.111	0.082	0.015	0.032	not_skewed
GTEX-139D8	muscle	allelic_expression	32	0.02	0.5	0.245	0.194	0.233	0.141	0.025	0.051	not_skewed
GTEX-139T4	muscle	allelic_expression	41	0	0.5	0.25	0.168	0.241	0.135	0.021	0.043	skewed
GTEX-13CF3	muscle	allelic_expression	24	0.009	0.389	0.16	0.143	0.165	0.114	0.023	0.048	not_skewed
GTEX-13D11	muscle	allelic_expression	35	0	0.357	0.106	0.117	0.116	0.086	0.015	0.03	not_skewed
GTEX-13FH7	muscle	allelic_expression	27	0	0.269	0.071	0.129	0.098	0.083	0.016	0.033	not_skewed
GTEX-13FTX	muscle	allelic_expression	34	0	0.5	0.088	0.121	0.138	0.145	0.025	0.051	not_skewed
GTEX-13FTY	muscle	allelic_expression	36	0	0.5	0.152	0.131	0.16	0.113	0.019	0.038	not_skewed
GTEX-13JUV	muscle	allelic_expression	42	0	0.375	0.195	0.16	0.194	0.106	0.016	0.033	not_skewed
GTEX-13N11	muscle	allelic_expression	38	0	0.389	0.118	0.088	0.123	0.075	0.012	0.025	not_skewed
GTEX-13NZ8	muscle	allelic_expression	17	0	0.5	0.125	0.135	0.163	0.151	0.037	0.078	not_skewed
GTEX-13O3O	muscle	allelic_expression	41	0	0.5	0.308	0.096	0.287	0.127	0.02	0.04	skewed
GTEX-13OVI	muscle	allelic_expression	46	0	0.5	0.056	0.09	0.092	0.097	0.014	0.029	not_skewed
GTEX-13PL6	muscle	allelic_expression	27	0	0.5	0.182	0.154	0.181	0.12	0.023	0.047	not_skewed
GTEX-13PL7	muscle	allelic_expression	28	0	0.284	0.1	0.1	0.112	0.077	0.015	0.03	not_skewed
GTEX-13PLJ	muscle	allelic_expression	32	0.429	0.5	0.5	0	0.492	0.02	0.003	0.007	skewed
GTEX-13PVR	muscle	allelic_expression	26	0	0.5	0.106	0.128	0.124	0.12	0.024	0.048	not_skewed
GTEX-13QBU	muscle	allelic_expression	35	0	0.5	0.156	0.072	0.147	0.089	0.015	0.031	not_skewed
GTEX-13QIC	muscle	allelic_expression	31	0	0.25	0.06	0.126	0.096	0.08	0.014	0.029	not_skewed
GTEX-13S7M	muscle	allelic_expression	29	0	0.324	0.125	0.109	0.126	0.086	0.016	0.033	not_skewed
GTEX-13SLX	muscle	allelic_expression	36	0.014	0.5	0.096	0.121	0.126	0.107	0.018	0.036	not_skewed
GTEX-13U4I	muscle	allelic_expression	27	0	0.5	0.065	0.096	0.101	0.114	0.022	0.045	not_skewed
GTEX-13VXT	muscle	allelic_expression	38	0	0.413	0.064	0.085	0.092	0.099	0.016	0.032	not_skewed
GTEX-13W3W	muscle	allelic_expression	32	0	0.312	0.089	0.123	0.094	0.079	0.014	0.028	not_skewed
GTEX-13X6H	muscle	allelic_expression	32	0	0.278	0.059	0.084	0.088	0.075	0.013	0.027	not_skewed
GTEX-13X6K	muscle	allelic_expression	40	0	0.273	0.096	0.121	0.115	0.079	0.013	0.025	not_skewed
GTEX-145LS	muscle	allelic_expression	26	0.033	0.375	0.182	0.118	0.181	0.088	0.017	0.035	not_skewed
GTEX-145MI	muscle	allelic_expression	29	0	0.5	0.1	0.134	0.126	0.109	0.02	0.041	not_skewed
GTEX-146FH	muscle	allelic_expression	34	0.033	0.5	0.198	0.14	0.229	0.124	0.021	0.043	not_skewed
GTEX-146FR	muscle	allelic_expression	35	0.029	0.375	0.143	0.081	0.161	0.086	0.014	0.029	not_skewed
GTEX-147F3	muscle	allelic_expression	25	0	0.372	0.16	0.162	0.175	0.109	0.022	0.045	not_skewed
GTEX-14A5I	muscle	allelic_expression	37	0.068	0.5	0.278	0.173	0.276	0.114	0.019	0.038	skewed
GTEX-14AS3	muscle	allelic_expression	20	0.029	0.375	0.118	0.105	0.136	0.092	0.021	0.043	not_skewed
GTEX-14BIM	muscle	allelic_expression	33	0	0.452	0.32	0.117	0.311	0.093	0.016	0.033	skewed
GTEX-14BMU	muscle	allelic_expression	28	0.047	0.5	0.167	0.152	0.179	0.1	0.019	0.039	not_skewed
GTEX-14DAQ	muscle	allelic_expression	26	0.029	0.5	0.189	0.129	0.204	0.109	0.021	0.044	not_skewed
GTEX-14H4A	muscle	allelic_expression	20	0.139	0.5	0.308	0.135	0.314	0.11	0.025	0.051	skewed
GTEX-14JG6	muscle	allelic_expression	31	0	0.357	0.114	0.072	0.125	0.078	0.014	0.029	not_skewed
GTEX-14LLW	muscle	allelic_expression	31	0.045	0.5	0.269	0.181	0.275	0.126	0.023	0.046	skewed
GTEX-14LZ3	muscle	allelic_expression	35	0.167	0.5	0.319	0.114	0.329	0.084	0.014	0.029	skewed
GTEX-14PJ5	muscle	allelic_expression	30	0	0.5	0.12	0.136	0.165	0.138	0.025	0.052	not_skewed
GTEX-14PJ6	muscle	allelic_expression	27	0.032	0.5	0.2	0.088	0.204	0.114	0.022	0.045	not_skewed
GTEX-14PK6	muscle	allelic_expression	28	0	0.409	0.104	0.099	0.125	0.099	0.019	0.038	not_skewed
GTEX-14PQA	muscle	allelic_expression	27	0	0.5	0.143	0.104	0.16	0.1	0.019	0.04	not_skewed
GTEX-14XAO	muscle	allelic_expression	21	0	0.357	0.109	0.099	0.122	0.087	0.019	0.04	not_skewed
GTEX-15CHC	muscle	allelic_expression	29	0	0.4	0.071	0.123	0.122	0.113	0.021	0.043	not_skewed
GTEX-15DCD	muscle	allelic_expression	41	0.024	0.433	0.233	0.124	0.221	0.103	0.016	0.033	not_skewed
GTEX-15DCZ	muscle	allelic_expression	24	0	0.495	0.062	0.126	0.104	0.116	0.024	0.049	not_skewed
GTEX-15DDE	muscle	allelic_expression	36	0	0.5	0.118	0.118	0.135	0.103	0.017	0.035	not_skewed
GTEX-15DZA	muscle	allelic_expression	37	0	0.31	0.071	0.052	0.078	0.069	0.011	0.023	not_skewed
GTEX-15EOM	muscle	allelic_expression	22	0	0.357	0.144	0.089	0.152	0.08	0.017	0.036	not_skewed
GTEX-15ETS	muscle	allelic_expression	26	0	0.5	0.063	0.097	0.091	0.105	0.021	0.043	not_skewed
GTEX-15SB6	muscle	allelic_expression	34	0	0.405	0.149	0.098	0.156	0.098	0.017	0.034	not_skewed
GTEX-15SDE	muscle	allelic_expression	44	0.007	0.262	0.062	0.089	0.082	0.067	0.01	0.02	not_skewed
GTEX-15SHU	muscle	allelic_expression	29	0.038	0.42	0.196	0.083	0.213	0.092	0.017	0.035	not_skewed
GTEX-15UF6	muscle	allelic_expression	39	0	0.375	0.071	0.063	0.089	0.086	0.014	0.028	not_skewed
GTEX-16BQI	muscle	allelic_expression	38	0.071	0.5	0.263	0.061	0.262	0.081	0.013	0.027	skewed
GTEX-16MT8	muscle	allelic_expression	36	0.034	0.5	0.222	0.091	0.224	0.085	0.014	0.029	not_skewed
GTEX-16NGA	muscle	allelic_expression	52	0.029	0.5	0.263	0.106	0.281	0.097	0.013	0.027	skewed
GTEX-16NPV	muscle	allelic_expression	24	0.045	0.5	0.25	0.1	0.256	0.109	0.022	0.046	skewed
GTEX-17F98	muscle	allelic_expression	22	0.125	0.5	0.291	0.123	0.299	0.094	0.02	0.041	skewed
GTEX-17HG3	muscle	allelic_expression	32	0	0.5	0.315	0.144	0.287	0.118	0.021	0.042	skewed
GTEX-17JCI	muscle	allelic_expression	23	0.038	0.444	0.179	0.11	0.196	0.101	0.021	0.044	not_skewed
GTEX-183WM	muscle	allelic_expression	35	0	0.386	0.094	0.098	0.108	0.086	0.015	0.03	not_skewed
GTEX-18A7A	muscle	allelic_expression	30	0.019	0.5	0.171	0.103	0.189	0.103	0.019	0.039	not_skewed
GTEX-18D9A	muscle	allelic_expression	29	0	0.25	0.125	0.066	0.118	0.061	0.011	0.023	not_skewed
GTEX-19HZE	muscle	allelic_expression	32	0	0.409	0.095	0.137	0.112	0.102	0.018	0.037	not_skewed
GTEX-1A32A	muscle	allelic_expression	28	0.018	0.324	0.134	0.125	0.139	0.08	0.015	0.031	not_skewed
GTEX-1A3MW	muscle	allelic_expression	39	0	0.5	0.23	0.092	0.229	0.103	0.017	0.034	not_skewed
GTEX-1A8FM	muscle	allelic_expression	39	0	0.5	0.056	0.091	0.096	0.107	0.017	0.035	not_skewed
GTEX-1AMEY	muscle	allelic_expression	31	0	0.269	0.085	0.125	0.107	0.073	0.013	0.027	not_skewed
GTEX-1AMFI	muscle	allelic_expression	35	0.125	0.5	0.259	0.098	0.256	0.076	0.013	0.026	skewed
GTEX-1B932	muscle	allelic_expression	31	0.042	0.5	0.294	0.109	0.282	0.113	0.02	0.041	skewed
GTEX-1B97J	muscle	allelic_expression	35	0	0.5	0.226	0.094	0.219	0.102	0.017	0.035	not_skewed
GTEX-1C475	muscle	allelic_expression	32	0.036	0.389	0.178	0.08	0.183	0.084	0.015	0.03	not_skewed
GTEX-1CAMS	muscle	allelic_expression	23	0	0.479	0.142	0.173	0.176	0.136	0.028	0.059	not_skewed
GTEX-1CAV2	muscle	allelic_expression	33	0.045	0.5	0.324	0.117	0.313	0.12	0.021	0.043	skewed
GTEX-1CB4H	muscle	allelic_expression	30	0	0.5	0.111	0.122	0.142	0.103	0.019	0.039	not_skewed
GTEX-1EWIQ	muscle	allelic_expression	35	0	0.5	0.2	0.118	0.213	0.118	0.02	0.041	not_skewed
GTEX-1F52S	muscle	allelic_expression	31	0.093	0.5	0.244	0.102	0.24	0.086	0.015	0.031	not_skewed
GTEX-1F5PL	muscle	allelic_expression	42	0	0.5	0.073	0.156	0.128	0.131	0.02	0.041	not_skewed
GTEX-1F7RK	muscle	allelic_expression	26	0.019	0.278	0.071	0.102	0.103	0.08	0.016	0.032	not_skewed
GTEX-1F88E	muscle	allelic_expression	31	0.044	0.429	0.151	0.114	0.187	0.097	0.017	0.036	not_skewed
GTEX-1F88F	muscle	allelic_expression	21	0	0.389	0.184	0.15	0.179	0.119	0.026	0.054	not_skewed
GTEX-1GF9U	muscle	allelic_expression	43	0.071	0.5	0.244	0.122	0.254	0.1	0.015	0.031	not_skewed
GTEX-1GF9X	muscle	allelic_expression	30	0.115	0.5	0.376	0.118	0.364	0.104	0.019	0.039	skewed
GTEX-1GN1W	muscle	allelic_expression	36	0	0.5	0.222	0.125	0.22	0.111	0.018	0.037	not_skewed
GTEX-1GZ4H	muscle	allelic_expression	57	0	0.5	0.183	0.126	0.196	0.111	0.015	0.03	not_skewed
GTEX-1GZHY	muscle	allelic_expression	36	0.033	0.5	0.25	0.107	0.251	0.103	0.017	0.035	skewed
GTEX-1H1CY	muscle	allelic_expression	37	0	0.451	0.05	0.082	0.097	0.101	0.017	0.034	not_skewed
GTEX-1H1DF	muscle	allelic_expression	38	0	0.5	0.156	0.148	0.155	0.113	0.018	0.037	not_skewed
GTEX-1H2FU	muscle	allelic_expression	41	0	0.45	0.269	0.168	0.252	0.113	0.018	0.036	skewed
GTEX-1HBPH	muscle	allelic_expression	26	0	0.35	0.1	0.114	0.114	0.093	0.018	0.038	not_skewed
GTEX-1HBPM	muscle	allelic_expression	36	0	0.318	0.167	0.1	0.165	0.083	0.014	0.028	not_skewed
GTEX-1HC8U	muscle	allelic_expression	54	0.079	0.5	0.348	0.101	0.333	0.085	0.012	0.023	skewed
GTEX-1HCUA	muscle	allelic_expression	47	0	0.5	0.067	0.097	0.098	0.119	0.017	0.035	not_skewed
GTEX-1HFI7	muscle	allelic_expression	26	0.071	0.429	0.303	0.104	0.284	0.097	0.019	0.039	skewed
GTEX-1HSGN	muscle	allelic_expression	49	0.043	0.5	0.378	0.05	0.362	0.086	0.012	0.025	skewed
GTEX-1I1GT	muscle	allelic_expression	19	0.145	0.423	0.278	0.135	0.291	0.084	0.019	0.04	skewed
GTEX-1I4MK	muscle	allelic_expression	49	0.071	0.5	0.375	0.1	0.368	0.09	0.013	0.026	skewed
GTEX-1ICG6	muscle	allelic_expression	34	0	0.5	0.228	0.139	0.221	0.12	0.021	0.042	not_skewed
GTEX-1IDJE	muscle	allelic_expression	37	0.071	0.5	0.3	0.117	0.308	0.101	0.017	0.034	skewed
GTEX-1IDJU	muscle	allelic_expression	37	0	0.5	0.167	0.1	0.164	0.114	0.019	0.038	not_skewed
GTEX-1IE54	muscle	allelic_expression	29	0.015	0.5	0.193	0.089	0.197	0.106	0.02	0.04	not_skewed
GTEX-1IKOH	muscle	allelic_expression	35	0.115	0.5	0.389	0.085	0.375	0.086	0.015	0.03	skewed
GTEX-1J8EW	muscle	allelic_expression	40	0	0.31	0.066	0.085	0.083	0.073	0.011	0.023	not_skewed
GTEX-1J8JJ	muscle	allelic_expression	25	0	0.5	0.278	0.136	0.272	0.116	0.023	0.048	skewed
GTEX-1J8QM	muscle	allelic_expression	44	0	0.433	0.167	0.1	0.163	0.089	0.013	0.027	not_skewed
GTEX-1JMQL	muscle	allelic_expression	44	0	0.5	0.081	0.119	0.103	0.091	0.014	0.028	not_skewed
GTEX-1JN1M	muscle	allelic_expression	37	0.071	0.5	0.31	0.095	0.308	0.093	0.015	0.031	skewed
GTEX-1JN76	muscle	allelic_expression	25	0	0.367	0.086	0.151	0.122	0.107	0.021	0.044	not_skewed
GTEX-1K9T9	muscle	allelic_expression	21	0.007	0.389	0.096	0.057	0.125	0.107	0.023	0.048	not_skewed
GTEX-1KANC	muscle	allelic_expression	42	0	0.25	0.11	0.123	0.112	0.069	0.011	0.022	not_skewed
GTEX-1LGOU	muscle	allelic_expression	32	0	0.5	0.079	0.081	0.123	0.121	0.021	0.043	not_skewed
GTEX-1LH75	muscle	allelic_expression	26	0	0.4	0.2	0.095	0.19	0.093	0.018	0.038	not_skewed
GTEX-1LNCM	muscle	allelic_expression	19	0	0.214	0.1	0.093	0.102	0.068	0.016	0.033	not_skewed
GTEX-1LVAM	muscle	allelic_expression	38	0	0.5	0.111	0.096	0.12	0.098	0.016	0.032	not_skewed
GTEX-1LVAN	muscle	allelic_expression	28	0	0.389	0.197	0.136	0.207	0.096	0.018	0.037	not_skewed
GTEX-1MA7W	muscle	allelic_expression	30	0	0.361	0.177	0.105	0.178	0.095	0.017	0.035	not_skewed
GTEX-1MCC2	muscle	allelic_expression	52	0	0.5	0.091	0.096	0.122	0.093	0.013	0.026	not_skewed
GTEX-1MCYP	muscle	allelic_expression	37	0.014	0.5	0.085	0.068	0.114	0.097	0.016	0.032	not_skewed
GTEX-1NUQO	muscle	allelic_expression	36	0	0.5	0.057	0.111	0.096	0.124	0.021	0.042	not_skewed
GTEX-1PIEJ	muscle	allelic_expression	33	0	0.312	0.161	0.097	0.169	0.082	0.014	0.029	not_skewed
GTEX-1QCLZ	muscle	allelic_expression	30	0	0.382	0.092	0.098	0.108	0.089	0.016	0.033	not_skewed
GTEX-1QEPI	muscle	allelic_expression	45	0	0.482	0.083	0.119	0.101	0.092	0.014	0.028	not_skewed
GTEX-1QP28	muscle	allelic_expression	38	0	0.5	0.168	0.112	0.161	0.099	0.016	0.033	not_skewed
GTEX-1QP67	muscle	allelic_expression	29	0	0.25	0.088	0.108	0.1	0.072	0.013	0.028	not_skewed
GTEX-1QPFJ	muscle	allelic_expression	44	0	0.5	0.227	0.176	0.234	0.124	0.019	0.038	not_skewed
GTEX-1R46S	muscle	allelic_expression	23	0.051	0.5	0.191	0.11	0.219	0.121	0.025	0.052	not_skewed
GTEX-1R9JW	muscle	allelic_expression	27	0	0.364	0.122	0.07	0.131	0.089	0.017	0.035	not_skewed
GTEX-1R9PN	muscle	allelic_expression	36	0	0.5	0.123	0.127	0.154	0.105	0.017	0.035	not_skewed
GTEX-1R9PO	muscle	allelic_expression	42	0	0.372	0.088	0.096	0.106	0.078	0.012	0.024	not_skewed
GTEX-1S82P	muscle	allelic_expression	38	0.071	0.5	0.222	0.112	0.238	0.112	0.018	0.037	not_skewed
GTEX-1S82U	muscle	allelic_expression	38	0.035	0.5	0.167	0.099	0.186	0.097	0.016	0.032	not_skewed
GTEX-OHPL	muscle	allelic_expression	33	0	0.5	0.277	0.101	0.274	0.104	0.018	0.037	skewed
GTEX-OHPN	muscle	allelic_expression	25	0	0.357	0.042	0.078	0.062	0.073	0.015	0.03	not_skewed
GTEX-P78B	muscle	allelic_expression	26	0.022	0.5	0.253	0.153	0.244	0.115	0.022	0.046	skewed
GTEX-POMQ	muscle	allelic_expression	48	0	0.5	0.114	0.141	0.142	0.125	0.018	0.036	not_skewed
GTEX-PWCY	muscle	allelic_expression	29	0	0.227	0.077	0.121	0.101	0.071	0.013	0.027	not_skewed
GTEX-PWN1	muscle	allelic_expression	26	0.062	0.357	0.151	0.074	0.172	0.078	0.015	0.031	not_skewed
GTEX-PX3G	muscle	allelic_expression	22	0	0.5	0.1	0.103	0.128	0.106	0.023	0.047	not_skewed
GTEX-QCQG	muscle	allelic_expression	36	0	0.5	0.156	0.135	0.157	0.099	0.017	0.034	not_skewed
GTEX-S4P3	muscle	allelic_expression	14	0.06	0.5	0.15	0.141	0.176	0.123	0.033	0.071	not_skewed
GTEX-SN8G	muscle	allelic_expression	25	0.014	0.5	0.136	0.121	0.167	0.109	0.022	0.045	not_skewed
GTEX-T2IS	muscle	allelic_expression	38	0	0.5	0.114	0.12	0.131	0.12	0.02	0.04	not_skewed
GTEX-TML8	muscle	allelic_expression	26	0.019	0.346	0.167	0.084	0.161	0.074	0.014	0.03	not_skewed
GTEX-TMMY	muscle	allelic_expression	36	0.071	0.488	0.218	0.082	0.226	0.085	0.014	0.029	not_skewed
GTEX-UJHI	muscle	allelic_expression	31	0	0.357	0.101	0.127	0.121	0.089	0.016	0.033	not_skewed
GTEX-VJWN	muscle	allelic_expression	29	0	0.5	0.125	0.102	0.142	0.102	0.019	0.039	not_skewed
GTEX-WRHK	muscle	allelic_expression	31	0.02	0.5	0.233	0.11	0.24	0.11	0.02	0.04	not_skewed
GTEX-WRHU	muscle	allelic_expression	30	0.038	0.5	0.324	0.086	0.303	0.119	0.022	0.045	skewed
GTEX-WXYG	muscle	allelic_expression	21	0	0.3	0.124	0.095	0.126	0.082	0.018	0.037	not_skewed
GTEX-X638	muscle	allelic_expression	34	0	0.482	0.125	0.1	0.135	0.097	0.017	0.034	not_skewed
GTEX-X8HC	muscle	allelic_expression	34	0	0.5	0.14	0.175	0.165	0.128	0.022	0.045	not_skewed
GTEX-XMD2	muscle	allelic_expression	32	0	0.5	0.171	0.105	0.178	0.102	0.018	0.037	not_skewed
GTEX-XOT4	muscle	allelic_expression	31	0.038	0.5	0.119	0.142	0.147	0.112	0.02	0.041	not_skewed
GTEX-XUJ4	muscle	allelic_expression	21	0.033	0.5	0.261	0.215	0.257	0.137	0.03	0.063	skewed
GTEX-XUW1	muscle	allelic_expression	30	0	0.5	0.13	0.08	0.141	0.093	0.017	0.035	not_skewed
GTEX-XUZC	muscle	allelic_expression	31	0.025	0.5	0.237	0.14	0.225	0.104	0.019	0.038	not_skewed
GTEX-XV7Q	muscle	allelic_expression	45	0.012	0.5	0.167	0.125	0.19	0.123	0.018	0.037	not_skewed
GTEX-XYKS	muscle	allelic_expression	34	0.071	0.5	0.332	0.111	0.317	0.087	0.015	0.03	skewed
GTEX-Y3IK	muscle	allelic_expression	36	0	0.5	0.116	0.088	0.137	0.1	0.017	0.034	not_skewed
GTEX-Y5LM	muscle	allelic_expression	20	0.01	0.227	0.137	0.098	0.141	0.059	0.013	0.028	not_skewed
GTEX-Y5V5	muscle	allelic_expression	30	0	0.5	0.198	0.07	0.196	0.096	0.018	0.036	not_skewed
GTEX-Y8LW	muscle	allelic_expression	31	0.015	0.324	0.125	0.133	0.145	0.082	0.015	0.03	not_skewed
GTEX-YB5K	muscle	allelic_expression	29	0	0.409	0.083	0.14	0.116	0.103	0.019	0.039	not_skewed
GTEX-YBZK	muscle	allelic_expression	45	0.009	0.5	0.183	0.134	0.198	0.106	0.016	0.032	not_skewed
GTEX-YJ8O	muscle	allelic_expression	31	0	0.357	0.167	0.159	0.187	0.107	0.019	0.039	not_skewed
GTEX-ZAJG	muscle	allelic_expression	39	0	0.5	0.203	0.124	0.214	0.105	0.017	0.034	not_skewed
GTEX-ZAK1	muscle	allelic_expression	23	0	0.278	0.115	0.139	0.118	0.087	0.018	0.038	not_skewed
GTEX-ZC5H	muscle	allelic_expression	29	0.019	0.326	0.12	0.123	0.141	0.087	0.016	0.033	not_skewed
GTEX-ZE7O	muscle	allelic_expression	31	0	0.429	0.286	0.122	0.245	0.108	0.019	0.04	skewed
GTEX-ZF29	muscle	allelic_expression	33	0	0.478	0.076	0.089	0.093	0.102	0.018	0.036	not_skewed
GTEX-ZF2S	muscle	allelic_expression	26	0.007	0.391	0.066	0.042	0.09	0.096	0.019	0.039	not_skewed
GTEX-ZF3C	muscle	allelic_expression	21	0.094	0.4	0.227	0.111	0.23	0.077	0.017	0.035	not_skewed
GTEX-ZGAY	muscle	allelic_expression	24	0	0.417	0.25	0.054	0.244	0.085	0.017	0.036	skewed
GTEX-ZLV1	muscle	allelic_expression	29	0	0.3	0.083	0.098	0.107	0.083	0.015	0.032	not_skewed
GTEX-ZLWG	muscle	allelic_expression	30	0.053	0.5	0.275	0.172	0.28	0.122	0.022	0.045	skewed
GTEX-ZP4G	muscle	allelic_expression	36	0	0.482	0.115	0.126	0.126	0.104	0.017	0.035	not_skewed
GTEX-ZPCL	muscle	allelic_expression	29	0.022	0.389	0.167	0.167	0.182	0.103	0.019	0.039	not_skewed
GTEX-ZTPG	muscle	allelic_expression	23	0.02	0.5	0.092	0.125	0.121	0.114	0.024	0.049	not_skewed
GTEX-ZV68	muscle	allelic_expression	28	0	0.5	0.157	0.175	0.166	0.145	0.027	0.056	not_skewed
GTEX-ZV6S	muscle	allelic_expression	34	0	0.5	0.093	0.126	0.115	0.105	0.018	0.037	not_skewed
GTEX-ZVT2	muscle	allelic_expression	23	0.085	0.5	0.206	0.111	0.222	0.108	0.022	0.047	not_skewed
GTEX-ZVT3	muscle	allelic_expression	26	0	0.5	0.17	0.16	0.179	0.131	0.026	0.053	not_skewed
GTEX-ZVT4	muscle	allelic_expression	32	0	0.5	0.092	0.192	0.161	0.142	0.025	0.051	not_skewed
GTEX-ZYFG	muscle	allelic_expression	33	0	0.5	0.314	0.089	0.33	0.098	0.017	0.035	skewed
GTEX-ZYVF	muscle	allelic_expression	28	0.286	0.5	0.459	0.097	0.439	0.065	0.012	0.025	skewed
GTEX-ZYWO	muscle	allelic_expression	43	0	0.5	0.125	0.098	0.142	0.1	0.015	0.031	not_skewed
GTEX-ZYY3	muscle	allelic_expression	30	0.088	0.473	0.343	0.103	0.321	0.091	0.017	0.034	skewed
GTEX-ZZPU	muscle	allelic_expression	31	0.357	0.5	0.491	0.033	0.478	0.034	0.006	0.013	skewed
GTEX-11EMC	brain-4	allelic_expression	23	0	0.4	0.063	0.076	0.088	0.089	0.019	0.039	not_skewed
GTEX-11TTK	brain-4	allelic_expression	42	0.062	0.5	0.262	0.075	0.262	0.103	0.016	0.032	skewed
GTEX-11ZTS	brain-4	allelic_expression	34	0	0.5	0.055	0.078	0.079	0.096	0.017	0.034	not_skewed
GTEX-12WSB	brain-4	allelic_expression	29	0	0.5	0.25	0.126	0.269	0.102	0.019	0.039	skewed
GTEX-12ZZX	brain-4	allelic_expression	46	0	0.214	0.092	0.084	0.09	0.063	0.009	0.019	not_skewed
GTEX-1313W	brain-4	allelic_expression	31	0	0.5	0.219	0.078	0.236	0.095	0.017	0.035	not_skewed
GTEX-131XW	brain-4	allelic_expression	13	0.088	0.5	0.295	0.125	0.293	0.112	0.031	0.068	skewed
GTEX-13FTY	brain-4	allelic_expression	44	0.024	0.5	0.222	0.087	0.219	0.092	0.014	0.028	not_skewed
GTEX-13JUV	brain-4	allelic_expression	45	0	0.306	0.071	0.04	0.08	0.067	0.01	0.02	not_skewed
GTEX-13O3O	brain-4	allelic_expression	45	0.005	0.5	0.125	0.123	0.147	0.099	0.015	0.03	not_skewed
GTEX-13PLJ	brain-4	allelic_expression	36	0.06	0.5	0.474	0.052	0.46	0.073	0.012	0.025	skewed
GTEX-13QIC	brain-4	allelic_expression	41	0	0.429	0.167	0.083	0.175	0.096	0.015	0.03	not_skewed
GTEX-13S7M	brain-4	allelic_expression	39	0	0.357	0.048	0.086	0.077	0.088	0.014	0.028	not_skewed
GTEX-13SLX	brain-4	allelic_expression	51	0	0.5	0.204	0.076	0.207	0.095	0.013	0.027	not_skewed
GTEX-13X6K	brain-4	allelic_expression	51	0	0.346	0.174	0.074	0.172	0.084	0.012	0.024	not_skewed
GTEX-145MI	brain-4	allelic_expression	40	0	0.429	0.135	0.091	0.139	0.094	0.015	0.03	not_skewed
GTEX-14BIM	brain-4	allelic_expression	32	0.2	0.5	0.394	0.077	0.387	0.065	0.011	0.023	skewed
GTEX-14BIN	brain-4	allelic_expression	29	0.014	0.5	0.062	0.133	0.111	0.113	0.021	0.043	not_skewed
GTEX-14DAQ	brain-4	allelic_expression	45	0.045	0.5	0.244	0.115	0.254	0.094	0.014	0.028	not_skewed
GTEX-14LLW	brain-4	allelic_expression	42	0	0.5	0.124	0.102	0.138	0.122	0.019	0.038	not_skewed
GTEX-15DCD	brain-4	allelic_expression	54	0.125	0.5	0.328	0.146	0.326	0.098	0.013	0.027	skewed
GTEX-15DDE	brain-4	allelic_expression	40	0	0.5	0.1	0.096	0.126	0.106	0.017	0.034	not_skewed
GTEX-15DYW	brain-4	allelic_expression	28	0.125	0.45	0.243	0.084	0.246	0.068	0.013	0.026	not_skewed
GTEX-16NPV	brain-4	allelic_expression	24	0	0.5	0.118	0.165	0.156	0.134	0.027	0.056	not_skewed
GTEX-17HG3	brain-4	allelic_expression	32	0.071	0.5	0.337	0.08	0.335	0.092	0.016	0.033	skewed
GTEX-17JCI	brain-4	allelic_expression	25	0.017	0.31	0.144	0.112	0.163	0.08	0.016	0.033	not_skewed
GTEX-183WM	brain-4	allelic_expression	36	0	0.5	0.094	0.111	0.115	0.094	0.016	0.032	not_skewed
GTEX-19HZE	brain-4	allelic_expression	38	0	0.366	0.168	0.11	0.174	0.089	0.014	0.029	not_skewed
GTEX-1CAV2	brain-4	allelic_expression	33	0.056	0.5	0.346	0.134	0.339	0.112	0.02	0.04	skewed
GTEX-1EWIQ	brain-4	allelic_expression	18	0.1	0.5	0.228	0.128	0.245	0.12	0.028	0.06	not_skewed
GTEX-1F52S	brain-4	allelic_expression	42	0	0.5	0.146	0.174	0.169	0.128	0.02	0.04	not_skewed
GTEX-1F7RK	brain-4	allelic_expression	31	0	0.25	0.106	0.094	0.108	0.065	0.012	0.024	not_skewed
GTEX-1GZHY	brain-4	allelic_expression	37	0.033	0.357	0.18	0.119	0.167	0.08	0.013	0.027	not_skewed
GTEX-1H1CY	brain-4	allelic_expression	61	0	0.417	0.096	0.106	0.115	0.075	0.01	0.019	not_skewed
GTEX-1H2FU	brain-4	allelic_expression	39	0	0.395	0.062	0.146	0.108	0.104	0.017	0.034	not_skewed
GTEX-1HBPH	brain-4	allelic_expression	38	0.056	0.5	0.184	0.078	0.191	0.085	0.014	0.028	not_skewed
GTEX-1IKOH	brain-4	allelic_expression	39	0.25	0.5	0.381	0.069	0.387	0.068	0.011	0.022	skewed
GTEX-1J8EW	brain-4	allelic_expression	46	0	0.5	0.136	0.106	0.128	0.09	0.013	0.027	not_skewed
GTEX-1JMOU	brain-4	allelic_expression	32	0.214	0.5	0.336	0.093	0.336	0.069	0.012	0.025	skewed
GTEX-1LKK1	brain-4	allelic_expression	25	0.042	0.5	0.214	0.147	0.229	0.11	0.022	0.045	not_skewed
GTEX-1R9PO	brain-4	allelic_expression	48	0	0.357	0.069	0.061	0.095	0.087	0.013	0.025	not_skewed
GTEX-OHPN	brain-4	allelic_expression	26	0	0.389	0.122	0.122	0.137	0.093	0.018	0.037	not_skewed
GTEX-T2IS	brain-4	allelic_expression	44	0	0.389	0.136	0.103	0.156	0.089	0.013	0.027	not_skewed
GTEX-ZE7O	brain-4	allelic_expression	36	0	0.227	0.102	0.103	0.103	0.072	0.012	0.024	not_skewed
GTEX-ZVT3	brain-4	allelic_expression	27	0	0.278	0.111	0.07	0.109	0.065	0.013	0.026	not_skewed
GTEX-ZVZQ	brain-4	allelic_expression	38	0	0.5	0.133	0.087	0.145	0.104	0.017	0.034	not_skewed
GTEX-1122O	small intestine	allelic_expression	37	0.071	0.5	0.307	0.125	0.314	0.114	0.019	0.038	skewed
GTEX-11DXX	small intestine	allelic_expression	41	0	0.491	0.071	0.069	0.094	0.094	0.015	0.03	not_skewed
GTEX-11I78	small intestine	allelic_expression	46	0	0.375	0.083	0.084	0.104	0.084	0.012	0.025	not_skewed
GTEX-11VI4	small intestine	allelic_expression	37	0.038	0.5	0.158	0.112	0.19	0.114	0.019	0.038	not_skewed
GTEX-11XUK	small intestine	allelic_expression	51	0	0.441	0.136	0.132	0.149	0.107	0.015	0.03	not_skewed
GTEX-12WSK	small intestine	allelic_expression	45	0	0.496	0.119	0.108	0.125	0.093	0.014	0.028	not_skewed
GTEX-13113	small intestine	allelic_expression	41	0	0.286	0.17	0.108	0.162	0.073	0.011	0.023	not_skewed
GTEX-131XG	small intestine	allelic_expression	40	0.062	0.5	0.313	0.137	0.309	0.108	0.017	0.034	skewed
GTEX-133LE	small intestine	allelic_expression	28	0	0.499	0.101	0.098	0.122	0.111	0.021	0.043	not_skewed
GTEX-1399S	small intestine	allelic_expression	49	0	0.4	0.083	0.117	0.113	0.097	0.014	0.028	not_skewed
GTEX-1399U	small intestine	allelic_expression	44	0	0.5	0.146	0.123	0.16	0.101	0.015	0.031	not_skewed
GTEX-13CF3	small intestine	allelic_expression	28	0.056	0.5	0.244	0.178	0.262	0.124	0.023	0.048	not_skewed
GTEX-13D11	small intestine	allelic_expression	36	0.167	0.5	0.343	0.102	0.348	0.087	0.015	0.03	skewed
GTEX-13FH7	small intestine	allelic_expression	38	0.014	0.379	0.072	0.089	0.103	0.087	0.014	0.029	not_skewed
GTEX-13OVI	small intestine	allelic_expression	53	0	0.5	0.089	0.09	0.109	0.095	0.013	0.026	not_skewed
GTEX-13PL7	small intestine	allelic_expression	32	0	0.417	0.14	0.125	0.152	0.114	0.02	0.041	not_skewed
GTEX-13QBU	small intestine	allelic_expression	46	0	0.5	0.13	0.112	0.145	0.093	0.014	0.028	not_skewed
GTEX-13W3W	small intestine	allelic_expression	40	0	0.278	0.05	0.1	0.078	0.074	0.012	0.024	not_skewed
GTEX-13X6H	small intestine	allelic_expression	42	0	0.417	0.282	0.124	0.267	0.097	0.015	0.03	skewed
GTEX-14BMU	small intestine	allelic_expression	40	0	0.5	0.1	0.15	0.132	0.112	0.018	0.036	not_skewed
GTEX-14PJ6	small intestine	allelic_expression	30	0	0.5	0.208	0.125	0.219	0.123	0.022	0.046	not_skewed
GTEX-14PK6	small intestine	allelic_expression	30	0	0.5	0.1	0.13	0.115	0.102	0.019	0.038	not_skewed
GTEX-14PKU	small intestine	allelic_expression	32	0	0.18	0.062	0.055	0.072	0.047	0.008	0.017	not_skewed
GTEX-14PKV	small intestine	allelic_expression	28	0	0.375	0.06	0.09	0.084	0.084	0.016	0.033	not_skewed
GTEX-14PN3	small intestine	allelic_expression	34	0	0.375	0.083	0.126	0.106	0.095	0.016	0.033	not_skewed
GTEX-14XAO	small intestine	allelic_expression	35	0	0.5	0.056	0.125	0.112	0.124	0.021	0.043	not_skewed
GTEX-15DZA	small intestine	allelic_expression	36	0	0.333	0.085	0.125	0.111	0.095	0.016	0.032	not_skewed
GTEX-16A39	small intestine	allelic_expression	34	0.059	0.5	0.193	0.082	0.195	0.082	0.014	0.029	not_skewed
GTEX-16NGA	small intestine	allelic_expression	59	0.167	0.5	0.409	0.107	0.39	0.08	0.01	0.021	skewed
GTEX-1AMFI	small intestine	allelic_expression	35	0	0.5	0.282	0.165	0.258	0.12	0.02	0.041	skewed
GTEX-1C475	small intestine	allelic_expression	37	0.136	0.5	0.3	0.072	0.294	0.071	0.012	0.024	skewed
GTEX-1CAMS	small intestine	allelic_expression	36	0	0.5	0.276	0.131	0.272	0.114	0.019	0.039	skewed
GTEX-1HCUA	small intestine	allelic_expression	61	0	0.5	0.067	0.106	0.1	0.107	0.014	0.027	not_skewed
GTEX-1HSGN	small intestine	allelic_expression	64	0	0.5	0.136	0.116	0.173	0.102	0.013	0.025	not_skewed
GTEX-1I1GT	small intestine	allelic_expression	32	0.008	0.318	0.122	0.113	0.138	0.09	0.016	0.032	not_skewed
GTEX-1IKOE	small intestine	allelic_expression	66	0.033	0.5	0.312	0.111	0.308	0.099	0.012	0.024	skewed
GTEX-1J8QM	small intestine	allelic_expression	53	0	0.375	0.124	0.106	0.132	0.081	0.011	0.022	not_skewed
GTEX-1JN76	small intestine	allelic_expression	37	0.01	0.423	0.118	0.091	0.144	0.096	0.016	0.032	not_skewed
GTEX-1K9T9	small intestine	allelic_expression	42	0	0.423	0.159	0.139	0.164	0.095	0.015	0.03	not_skewed
GTEX-1LGOU	small intestine	allelic_expression	56	0.006	0.5	0.092	0.134	0.124	0.113	0.015	0.03	not_skewed
GTEX-1LH75	small intestine	allelic_expression	37	0.184	0.5	0.338	0.067	0.331	0.073	0.012	0.024	skewed
GTEX-1PIEJ	small intestine	allelic_expression	38	0	0.5	0.178	0.094	0.182	0.095	0.015	0.031	not_skewed
GTEX-1QCLZ	small intestine	allelic_expression	49	0.007	0.333	0.127	0.122	0.137	0.077	0.011	0.022	not_skewed
GTEX-1QP28	small intestine	allelic_expression	57	0.009	0.5	0.115	0.118	0.134	0.094	0.013	0.025	not_skewed
GTEX-1QPFJ	small intestine	allelic_expression	57	0	0.5	0.083	0.158	0.122	0.124	0.016	0.033	not_skewed
GTEX-1R9JW	small intestine	allelic_expression	39	0	0.333	0.062	0.065	0.075	0.066	0.011	0.021	not_skewed
GTEX-1S82Z	small intestine	allelic_expression	34	0.071	0.5	0.197	0.113	0.203	0.091	0.016	0.032	not_skewed
GTEX-WRHK	small intestine	allelic_expression	30	0	0.5	0.116	0.15	0.153	0.117	0.021	0.044	not_skewed
GTEX-XUZC	small intestine	allelic_expression	39	0	0.357	0.083	0.095	0.113	0.092	0.015	0.03	not_skewed
GTEX-Y3IK	small intestine	allelic_expression	51	0	0.5	0.1	0.095	0.124	0.104	0.015	0.029	not_skewed
GTEX-Y5LM	small intestine	allelic_expression	30	0.115	0.5	0.259	0.121	0.266	0.087	0.016	0.032	skewed
GTEX-Y5V5	small intestine	allelic_expression	25	0	0.278	0.06	0.115	0.084	0.076	0.015	0.031	not_skewed
GTEX-ZC5H	small intestine	allelic_expression	42	0	0.357	0.171	0.1	0.167	0.082	0.013	0.026	not_skewed
GTEX-ZF29	small intestine	allelic_expression	43	0	0.498	0.091	0.099	0.105	0.087	0.013	0.027	not_skewed
GTEX-ZF2S	small intestine	allelic_expression	36	0	0.409	0.096	0.075	0.111	0.082	0.014	0.028	not_skewed
GTEX-ZLV1	small intestine	allelic_expression	33	0	0.324	0.1	0.088	0.112	0.075	0.013	0.027	not_skewed
GTEX-ZLWG	small intestine	allelic_expression	51	0.007	0.5	0.086	0.143	0.121	0.106	0.015	0.03	not_skewed
GTEX-ZP4G	small intestine	allelic_expression	46	0	0.5	0.089	0.135	0.124	0.114	0.017	0.034	not_skewed
GTEX-ZPCL	small intestine	allelic_expression	32	0.033	0.5	0.389	0.128	0.373	0.102	0.018	0.037	skewed
GTEX-ZTPG	small intestine	allelic_expression	32	0	0.498	0.093	0.145	0.127	0.119	0.021	0.043	not_skewed
GTEX-ZVT2	small intestine	allelic_expression	35	0.029	0.5	0.273	0.143	0.276	0.124	0.021	0.043	skewed
GTEX-ZXES	small intestine	allelic_expression	35	0	0.269	0.136	0.113	0.133	0.078	0.013	0.027	not_skewed
GTEX-ZYFG	small intestine	allelic_expression	35	0	0.5	0.1	0.127	0.136	0.113	0.019	0.039	not_skewed
GTEX-ZYWO	small intestine	allelic_expression	49	0	0.5	0.25	0.155	0.247	0.118	0.017	0.034	skewed
GTEX-11EMC	brain-9	allelic_expression	14	0.083	0.5	0.196	0.16	0.222	0.124	0.033	0.071	not_skewed
GTEX-11TTK	brain-9	allelic_expression	34	0.1	0.5	0.235	0.099	0.248	0.095	0.016	0.033	not_skewed
GTEX-11ZTS	brain-9	allelic_expression	24	0.021	0.492	0.071	0.121	0.12	0.111	0.023	0.047	not_skewed
GTEX-12ZZX	brain-9	allelic_expression	45	0	0.5	0.083	0.123	0.113	0.09	0.013	0.027	not_skewed
GTEX-1313W	brain-9	allelic_expression	38	0	0.5	0.229	0.09	0.231	0.104	0.017	0.034	not_skewed
GTEX-131XW	brain-9	allelic_expression	14	0.125	0.5	0.253	0.154	0.289	0.121	0.032	0.07	skewed
GTEX-13NZ8	brain-9	allelic_expression	16	0	0.5	0.112	0.108	0.15	0.147	0.037	0.078	not_skewed
GTEX-13O3O	brain-9	allelic_expression	35	0	0.375	0.132	0.114	0.146	0.084	0.014	0.029	not_skewed
GTEX-13QIC	brain-9	allelic_expression	43	0	0.333	0.048	0.048	0.065	0.06	0.009	0.018	not_skewed
GTEX-13QJC	brain-9	allelic_expression	31	0	0.5	0.071	0.074	0.099	0.093	0.017	0.034	not_skewed
GTEX-13SLX	brain-9	allelic_expression	51	0.045	0.5	0.231	0.072	0.24	0.087	0.012	0.024	not_skewed
GTEX-13X6K	brain-9	allelic_expression	51	0.016	0.278	0.059	0.063	0.086	0.063	0.009	0.018	not_skewed
GTEX-145LS	brain-9	allelic_expression	42	0.017	0.5	0.136	0.114	0.154	0.106	0.016	0.033	not_skewed
GTEX-145MI	brain-9	allelic_expression	32	0.029	0.333	0.215	0.086	0.211	0.079	0.014	0.029	not_skewed
GTEX-14LLW	brain-9	allelic_expression	37	0.038	0.5	0.25	0.13	0.259	0.113	0.019	0.038	skewed
GTEX-14LZ3	brain-9	allelic_expression	42	0.071	0.447	0.259	0.141	0.263	0.088	0.014	0.027	skewed
GTEX-14PQA	brain-9	allelic_expression	32	0	0.409	0.099	0.108	0.111	0.093	0.017	0.034	not_skewed
GTEX-15DCD	brain-9	allelic_expression	42	0.071	0.5	0.267	0.105	0.258	0.099	0.015	0.031	skewed
GTEX-16NPV	brain-9	allelic_expression	30	0.029	0.286	0.141	0.081	0.148	0.065	0.012	0.024	not_skewed
GTEX-17HG3	brain-9	allelic_expression	28	0.062	0.362	0.207	0.121	0.208	0.081	0.015	0.032	not_skewed
GTEX-183WM	brain-9	allelic_expression	32	0	0.346	0.071	0.079	0.095	0.075	0.013	0.027	not_skewed
GTEX-1CB4H	brain-9	allelic_expression	30	0	0.5	0.182	0.113	0.185	0.118	0.021	0.044	not_skewed
GTEX-1EWIQ	brain-9	allelic_expression	27	0.147	0.5	0.262	0.087	0.276	0.077	0.015	0.03	skewed
GTEX-1F52S	brain-9	allelic_expression	25	0	0.5	0.081	0.102	0.123	0.115	0.023	0.048	not_skewed
GTEX-1F88E	brain-9	allelic_expression	44	0	0.458	0.228	0.122	0.23	0.104	0.016	0.032	not_skewed
GTEX-1GZHY	brain-9	allelic_expression	37	0	0.5	0.25	0.102	0.243	0.107	0.018	0.036	skewed
GTEX-1H1CY	brain-9	allelic_expression	51	0	0.25	0.088	0.097	0.103	0.069	0.01	0.019	not_skewed
GTEX-1HBPH	brain-9	allelic_expression	40	0	0.25	0.062	0.098	0.082	0.071	0.011	0.023	not_skewed
GTEX-1I1CD	brain-9	allelic_expression	39	0.045	0.5	0.257	0.096	0.263	0.109	0.017	0.035	skewed
GTEX-1IKOH	brain-9	allelic_expression	42	0.045	0.5	0.328	0.105	0.327	0.105	0.016	0.033	skewed
GTEX-OHPN	brain-9	allelic_expression	17	0	0.278	0.083	0.069	0.102	0.078	0.019	0.04	not_skewed
GTEX-PWO3	brain-9	allelic_expression	30	0	0.5	0.087	0.06	0.119	0.105	0.019	0.039	not_skewed
GTEX-ZVT3	brain-9	allelic_expression	33	0	0.389	0.074	0.084	0.114	0.095	0.017	0.034	not_skewed
GTEX-ZVZQ	brain-9	allelic_expression	33	0	0.5	0.088	0.078	0.105	0.092	0.016	0.033	not_skewed
GTEX-11EMC	brain-12	allelic_expression	25	0.019	0.4	0.111	0.129	0.137	0.102	0.02	0.042	not_skewed
GTEX-11ZTS	brain-12	allelic_expression	27	0	0.5	0.1	0.131	0.111	0.106	0.02	0.042	not_skewed
GTEX-11ZVC	brain-12	allelic_expression	30	0	0.25	0.07	0.08	0.091	0.071	0.013	0.026	not_skewed
GTEX-131XW	brain-12	allelic_expression	30	0.038	0.5	0.282	0.066	0.29	0.085	0.016	0.032	skewed
GTEX-139T4	brain-12	allelic_expression	38	0.071	0.5	0.296	0.148	0.305	0.109	0.018	0.036	skewed
GTEX-13FTY	brain-12	allelic_expression	25	0.031	0.5	0.187	0.088	0.205	0.114	0.023	0.047	not_skewed
GTEX-13JUV	brain-12	allelic_expression	53	0	0.386	0.115	0.089	0.137	0.099	0.014	0.027	not_skewed
GTEX-13PL6	brain-12	allelic_expression	23	0	0.346	0.088	0.117	0.113	0.093	0.019	0.04	not_skewed
GTEX-13PLJ	brain-12	allelic_expression	38	0.368	0.5	0.5	0	0.495	0.022	0.004	0.007	skewed
GTEX-13QJC	brain-12	allelic_expression	36	0	0.5	0.054	0.1	0.086	0.094	0.016	0.032	not_skewed
GTEX-13S7M	brain-12	allelic_expression	38	0	0.25	0.087	0.092	0.101	0.068	0.011	0.022	not_skewed
GTEX-13SLX	brain-12	allelic_expression	50	0	0.5	0.18	0.17	0.185	0.107	0.015	0.03	not_skewed
GTEX-14BIM	brain-12	allelic_expression	36	0	0.5	0.267	0.115	0.256	0.102	0.017	0.035	skewed
GTEX-14BIN	brain-12	allelic_expression	32	0	0.5	0.067	0.084	0.106	0.117	0.021	0.042	not_skewed
GTEX-15DCD	brain-12	allelic_expression	49	0	0.5	0.286	0.097	0.27	0.118	0.017	0.034	skewed
GTEX-15DDE	brain-12	allelic_expression	31	0	0.5	0.151	0.14	0.172	0.129	0.023	0.047	not_skewed
GTEX-15DYW	brain-12	allelic_expression	31	0.033	0.375	0.2	0.135	0.203	0.092	0.016	0.034	not_skewed
GTEX-16NPV	brain-12	allelic_expression	19	0.037	0.5	0.167	0.153	0.205	0.13	0.03	0.063	not_skewed
GTEX-1A32A	brain-12	allelic_expression	31	0	0.5	0.2	0.093	0.212	0.098	0.018	0.036	not_skewed
GTEX-1CAV2	brain-12	allelic_expression	36	0.167	0.5	0.359	0.105	0.362	0.086	0.014	0.029	skewed
GTEX-1CB4H	brain-12	allelic_expression	28	0.052	0.5	0.245	0.085	0.246	0.096	0.018	0.037	not_skewed
GTEX-1EWIQ	brain-12	allelic_expression	30	0	0.5	0.141	0.124	0.177	0.139	0.025	0.052	not_skewed
GTEX-1F52S	brain-12	allelic_expression	29	0.01	0.5	0.158	0.133	0.171	0.112	0.021	0.042	not_skewed
GTEX-1F88F	brain-12	allelic_expression	31	0	0.367	0.152	0.107	0.152	0.092	0.017	0.034	not_skewed
GTEX-1GZHY	brain-12	allelic_expression	46	0	0.5	0.242	0.074	0.251	0.082	0.012	0.024	not_skewed
GTEX-1H1DF	brain-12	allelic_expression	23	0.024	0.331	0.131	0.121	0.139	0.085	0.018	0.037	not_skewed
GTEX-1H2FU	brain-12	allelic_expression	43	0	0.409	0.081	0.078	0.101	0.09	0.014	0.028	not_skewed
GTEX-1HBPH	brain-12	allelic_expression	30	0	0.4	0.086	0.118	0.11	0.096	0.017	0.036	not_skewed
GTEX-1HBPM	brain-12	allelic_expression	28	0	0.433	0.059	0.093	0.09	0.096	0.018	0.037	not_skewed
GTEX-1I1CD	brain-12	allelic_expression	35	0.045	0.5	0.227	0.112	0.245	0.103	0.017	0.035	not_skewed
GTEX-1J8EW	brain-12	allelic_expression	31	0	0.357	0.056	0.098	0.097	0.092	0.017	0.034	not_skewed
GTEX-1J8JJ	brain-12	allelic_expression	22	0.071	0.5	0.332	0.138	0.33	0.113	0.024	0.05	skewed
GTEX-1JN1M	brain-12	allelic_expression	41	0.071	0.5	0.274	0.087	0.277	0.086	0.013	0.027	skewed
GTEX-1OJC4	brain-12	allelic_expression	30	0.007	0.5	0.059	0.092	0.118	0.13	0.024	0.048	not_skewed
GTEX-1R46S	brain-12	allelic_expression	28	0.1	0.5	0.275	0.133	0.274	0.117	0.022	0.045	skewed
GTEX-OHPN	brain-12	allelic_expression	32	0	0.389	0.106	0.098	0.127	0.101	0.018	0.036	not_skewed
GTEX-PWO3	brain-12	allelic_expression	13	0.018	0.5	0.18	0.105	0.165	0.12	0.033	0.073	not_skewed
GTEX-ZVZQ	brain-12	allelic_expression	38	0	0.5	0.049	0.07	0.075	0.092	0.015	0.03	not_skewed
GTEX-1117F	uterus	allelic_expression	51	0.062	0.5	0.34	0.123	0.343	0.105	0.015	0.03	skewed
GTEX-113JC	uterus	allelic_expression	41	0.029	0.5	0.143	0.121	0.163	0.108	0.017	0.034	not_skewed
GTEX-11DXX	uterus	allelic_expression	46	0	0.498	0.054	0.079	0.086	0.107	0.016	0.032	not_skewed
GTEX-11EM3	uterus	allelic_expression	49	0	0.5	0.095	0.105	0.114	0.097	0.014	0.028	not_skewed
GTEX-11EMC	uterus	allelic_expression	29	0.071	0.5	0.25	0.104	0.267	0.087	0.016	0.033	skewed
GTEX-11I78	uterus	allelic_expression	52	0	0.389	0.065	0.087	0.089	0.085	0.012	0.024	not_skewed
GTEX-11P81	uterus	allelic_expression	44	0.214	0.5	0.355	0.07	0.36	0.068	0.01	0.021	skewed
GTEX-11ZTS	uterus	allelic_expression	36	0	0.5	0.115	0.154	0.148	0.121	0.02	0.041	not_skewed
GTEX-11ZTT	uterus	allelic_expression	56	0	0.417	0.074	0.085	0.093	0.081	0.011	0.022	not_skewed
GTEX-12WSG	uterus	allelic_expression	42	0	0.5	0.173	0.144	0.19	0.114	0.018	0.036	not_skewed
GTEX-12WSK	uterus	allelic_expression	44	0	0.498	0.167	0.12	0.169	0.106	0.016	0.032	not_skewed
GTEX-12ZZX	uterus	allelic_expression	45	0	0.5	0.26	0.119	0.268	0.107	0.016	0.032	skewed
GTEX-1313W	uterus	allelic_expression	43	0.038	0.382	0.194	0.128	0.202	0.087	0.013	0.027	not_skewed
GTEX-131XG	uterus	allelic_expression	42	0	0.5	0.064	0.06	0.085	0.087	0.013	0.027	not_skewed
GTEX-132AR	uterus	allelic_expression	36	0	0.5	0.16	0.09	0.169	0.092	0.015	0.031	not_skewed
GTEX-1399S	uterus	allelic_expression	52	0.056	0.468	0.25	0.115	0.272	0.089	0.012	0.025	skewed
GTEX-1399U	uterus	allelic_expression	43	0.042	0.389	0.167	0.123	0.172	0.084	0.013	0.026	not_skewed
GTEX-139D8	uterus	allelic_expression	39	0.045	0.5	0.214	0.079	0.237	0.101	0.016	0.033	not_skewed
GTEX-13D11	uterus	allelic_expression	51	0.033	0.5	0.278	0.102	0.282	0.099	0.014	0.028	skewed
GTEX-13FTX	uterus	allelic_expression	41	0	0.5	0.054	0.085	0.094	0.1	0.016	0.032	not_skewed
GTEX-13N11	uterus	allelic_expression	65	0	0.375	0.123	0.113	0.14	0.092	0.011	0.023	not_skewed
GTEX-13OVI	uterus	allelic_expression	61	0	0.5	0.107	0.111	0.125	0.103	0.013	0.026	not_skewed
GTEX-13PL7	uterus	allelic_expression	37	0	0.403	0.071	0.087	0.093	0.085	0.014	0.028	not_skewed
GTEX-13QBU	uterus	allelic_expression	42	0.017	0.5	0.152	0.093	0.16	0.089	0.014	0.028	not_skewed
GTEX-13S7M	uterus	allelic_expression	35	0	0.241	0.111	0.093	0.101	0.064	0.011	0.022	not_skewed
GTEX-13U4I	uterus	allelic_expression	36	0	0.5	0.058	0.145	0.098	0.102	0.017	0.034	not_skewed
GTEX-13VXT	uterus	allelic_expression	56	0.071	0.441	0.23	0.102	0.227	0.087	0.012	0.023	not_skewed
GTEX-13W3W	uterus	allelic_expression	46	0	0.278	0.062	0.087	0.076	0.069	0.01	0.021	not_skewed
GTEX-145LS	uterus	allelic_expression	34	0	0.417	0.104	0.087	0.11	0.09	0.015	0.031	not_skewed
GTEX-14AS3	uterus	allelic_expression	31	0.008	0.375	0.076	0.09	0.105	0.084	0.015	0.031	not_skewed
GTEX-14BIM	uterus	allelic_expression	41	0	0.5	0.194	0.117	0.213	0.118	0.018	0.037	not_skewed
GTEX-14BIN	uterus	allelic_expression	35	0.008	0.5	0.132	0.126	0.166	0.126	0.021	0.043	not_skewed
GTEX-14BMU	uterus	allelic_expression	42	0	0.5	0.078	0.097	0.091	0.092	0.014	0.029	not_skewed
GTEX-14JG6	uterus	allelic_expression	46	0.01	0.5	0.181	0.157	0.166	0.103	0.015	0.031	not_skewed
GTEX-14PHW	uterus	allelic_expression	43	0.038	0.4	0.158	0.131	0.184	0.1	0.015	0.031	not_skewed
GTEX-14PJ6	uterus	allelic_expression	41	0	0.5	0.138	0.111	0.164	0.122	0.019	0.038	not_skewed
GTEX-14PKV	uterus	allelic_expression	33	0.013	0.324	0.088	0.075	0.11	0.083	0.014	0.029	not_skewed
GTEX-15CHC	uterus	allelic_expression	38	0	0.423	0.306	0.089	0.276	0.107	0.017	0.035	skewed
GTEX-15DCZ	uterus	allelic_expression	30	0	0.5	0.059	0.085	0.095	0.103	0.019	0.038	not_skewed
GTEX-15DZA	uterus	allelic_expression	42	0.002	0.409	0.089	0.065	0.11	0.082	0.013	0.026	not_skewed
GTEX-15ETS	uterus	allelic_expression	31	0	0.5	0.114	0.135	0.137	0.131	0.024	0.048	not_skewed
GTEX-15FZZ	uterus	allelic_expression	48	0.045	0.5	0.327	0.09	0.318	0.099	0.014	0.029	skewed
GTEX-16A39	uterus	allelic_expression	35	0	0.496	0.07	0.082	0.083	0.093	0.016	0.032	not_skewed
GTEX-16NGA	uterus	allelic_expression	62	0.071	0.5	0.276	0.08	0.283	0.088	0.011	0.022	skewed
GTEX-1A32A	uterus	allelic_expression	40	0.071	0.5	0.259	0.085	0.251	0.088	0.014	0.028	skewed
GTEX-1A8FM	uterus	allelic_expression	46	0	0.357	0.09	0.117	0.096	0.09	0.013	0.027	not_skewed
GTEX-1AMEY	uterus	allelic_expression	45	0	0.389	0.07	0.086	0.09	0.078	0.012	0.023	not_skewed
GTEX-1B932	uterus	allelic_expression	39	0	0.25	0.074	0.116	0.103	0.081	0.013	0.026	not_skewed
GTEX-1B97J	uterus	allelic_expression	37	0	0.5	0.199	0.156	0.196	0.12	0.02	0.04	not_skewed
GTEX-1C475	uterus	allelic_expression	42	0.125	0.5	0.295	0.071	0.301	0.081	0.013	0.025	skewed
GTEX-1CAMS	uterus	allelic_expression	33	0.033	0.5	0.289	0.152	0.293	0.114	0.02	0.041	skewed
GTEX-1CAV2	uterus	allelic_expression	39	0.184	0.5	0.389	0.082	0.401	0.074	0.012	0.024	skewed
GTEX-1CB4H	uterus	allelic_expression	37	0	0.5	0.125	0.162	0.157	0.128	0.021	0.043	not_skewed
GTEX-1F6RS	uterus	allelic_expression	39	0	0.5	0.115	0.17	0.145	0.126	0.02	0.041	not_skewed
GTEX-1GF9U	uterus	allelic_expression	43	0	0.5	0.275	0.109	0.287	0.109	0.017	0.033	skewed
GTEX-1GN1W	uterus	allelic_expression	54	0	0.5	0.132	0.081	0.134	0.092	0.013	0.025	not_skewed
GTEX-1GZ4H	uterus	allelic_expression	71	0	0.5	0.167	0.101	0.163	0.092	0.011	0.022	not_skewed
GTEX-1GZHY	uterus	allelic_expression	38	0.132	0.5	0.3	0.09	0.294	0.084	0.014	0.028	skewed
GTEX-1H1CY	uterus	allelic_expression	54	0	0.354	0.088	0.081	0.105	0.074	0.01	0.02	not_skewed
GTEX-1HBPH	uterus	allelic_expression	43	0	0.346	0.147	0.115	0.161	0.083	0.013	0.026	not_skewed
GTEX-1HCUA	uterus	allelic_expression	62	0	0.5	0.155	0.11	0.169	0.098	0.012	0.025	not_skewed
GTEX-1HSGN	uterus	allelic_expression	67	0.007	0.5	0.345	0.079	0.328	0.089	0.011	0.022	skewed
GTEX-1I4MK	uterus	allelic_expression	60	0.071	0.5	0.284	0.091	0.284	0.081	0.011	0.021	skewed
GTEX-1ICG6	uterus	allelic_expression	46	0	0.5	0.206	0.145	0.211	0.113	0.017	0.034	not_skewed
GTEX-1IDJI	uterus	allelic_expression	74	0	0.423	0.14	0.084	0.143	0.09	0.01	0.021	not_skewed
GTEX-1IKOE	uterus	allelic_expression	61	0.045	0.5	0.3	0.121	0.296	0.097	0.012	0.025	skewed
GTEX-1J8QM	uterus	allelic_expression	47	0	0.273	0.068	0.067	0.092	0.07	0.01	0.021	not_skewed
GTEX-1JN76	uterus	allelic_expression	36	0	0.4	0.06	0.155	0.106	0.098	0.016	0.033	not_skewed
GTEX-1K9T9	uterus	allelic_expression	48	0	0.5	0.066	0.108	0.093	0.097	0.014	0.028	not_skewed
GTEX-1KANC	uterus	allelic_expression	63	0	0.5	0.297	0.084	0.289	0.098	0.012	0.025	skewed
GTEX-1LGOU	uterus	allelic_expression	53	0	0.5	0.15	0.084	0.166	0.101	0.014	0.028	not_skewed
GTEX-1LH75	uterus	allelic_expression	34	0.227	0.5	0.407	0.075	0.396	0.062	0.011	0.022	skewed
GTEX-1MA7W	uterus	allelic_expression	46	0	0.384	0.195	0.114	0.195	0.083	0.012	0.025	not_skewed
GTEX-1MCYP	uterus	allelic_expression	48	0	0.357	0.103	0.092	0.112	0.077	0.011	0.022	not_skewed
GTEX-1NV5F	uterus	allelic_expression	30	0.033	0.5	0.196	0.124	0.208	0.114	0.021	0.043	not_skewed
GTEX-1PBJI	uterus	allelic_expression	39	0.125	0.5	0.278	0.09	0.291	0.09	0.014	0.029	skewed
GTEX-1PIEJ	uterus	allelic_expression	36	0	0.286	0.1	0.081	0.113	0.068	0.011	0.023	not_skewed
GTEX-1QP28	uterus	allelic_expression	55	0	0.5	0.087	0.073	0.112	0.101	0.014	0.027	not_skewed
GTEX-1QPFJ	uterus	allelic_expression	56	0	0.5	0.1	0.11	0.123	0.104	0.014	0.028	not_skewed
GTEX-1R9JW	uterus	allelic_expression	39	0	0.417	0.052	0.086	0.077	0.081	0.013	0.026	not_skewed
GTEX-1R9PN	uterus	allelic_expression	39	0.077	0.5	0.21	0.095	0.233	0.099	0.016	0.032	not_skewed
GTEX-1RDX4	uterus	allelic_expression	39	0.019	0.417	0.19	0.104	0.193	0.083	0.013	0.027	not_skewed
GTEX-1S82U	uterus	allelic_expression	43	0.033	0.5	0.167	0.104	0.179	0.102	0.016	0.031	not_skewed
GTEX-OHPL	uterus	allelic_expression	42	0.029	0.5	0.207	0.068	0.205	0.095	0.015	0.03	not_skewed
GTEX-OHPN	uterus	allelic_expression	32	0	0.3	0.07	0.09	0.096	0.077	0.014	0.028	not_skewed
GTEX-P78B	uterus	allelic_expression	29	0.062	0.5	0.231	0.077	0.233	0.087	0.016	0.033	not_skewed
GTEX-POMQ	uterus	allelic_expression	66	0	0.5	0.109	0.098	0.123	0.086	0.011	0.021	not_skewed
GTEX-PWCY	uterus	allelic_expression	37	0	0.371	0.182	0.174	0.175	0.095	0.016	0.032	not_skewed
GTEX-PWN1	uterus	allelic_expression	41	0.038	0.5	0.254	0.126	0.255	0.1	0.016	0.032	skewed
GTEX-PX3G	uterus	allelic_expression	42	0	0.5	0.188	0.053	0.208	0.081	0.013	0.025	not_skewed
GTEX-QCQG	uterus	allelic_expression	38	0	0.5	0.065	0.104	0.096	0.095	0.015	0.031	not_skewed
GTEX-T2IS	uterus	allelic_expression	46	0.069	0.413	0.275	0.113	0.266	0.091	0.013	0.027	skewed
GTEX-TMMY	uterus	allelic_expression	39	0	0.5	0.173	0.101	0.188	0.094	0.015	0.03	not_skewed
GTEX-UPIC	uterus	allelic_expression	46	0.467	0.5	0.5	0	0.498	0.006	0.001	0.002	skewed
GTEX-WI4N	uterus	allelic_expression	32	0	0.5	0.063	0.108	0.096	0.114	0.02	0.041	not_skewed
GTEX-WXYG	uterus	allelic_expression	50	0	0.433	0.122	0.111	0.136	0.098	0.014	0.028	not_skewed
GTEX-XUJ4	uterus	allelic_expression	32	0	0.5	0.277	0.124	0.283	0.112	0.02	0.041	skewed
GTEX-XUW1	uterus	allelic_expression	35	0	0.312	0.1	0.114	0.113	0.082	0.014	0.028	not_skewed
GTEX-XUZC	uterus	allelic_expression	39	0.031	0.417	0.136	0.099	0.152	0.08	0.013	0.026	not_skewed
GTEX-XV7Q	uterus	allelic_expression	51	0.136	0.5	0.313	0.059	0.317	0.067	0.009	0.019	skewed
GTEX-XYKS	uterus	allelic_expression	50	0	0.31	0.073	0.099	0.101	0.084	0.012	0.024	not_skewed
GTEX-Y3IK	uterus	allelic_expression	56	0	0.5	0.1	0.138	0.128	0.11	0.015	0.03	not_skewed
GTEX-YJ8O	uterus	allelic_expression	57	0.008	0.5	0.182	0.117	0.186	0.089	0.012	0.024	not_skewed
GTEX-ZAJG	uterus	allelic_expression	42	0	0.357	0.15	0.119	0.144	0.093	0.014	0.029	not_skewed
GTEX-ZAK1	uterus	allelic_expression	25	0	0.5	0.188	0.176	0.181	0.125	0.025	0.051	not_skewed
GTEX-ZLWG	uterus	allelic_expression	52	0.06	0.5	0.186	0.102	0.204	0.096	0.013	0.027	not_skewed
GTEX-ZP4G	uterus	allelic_expression	47	0	0.498	0.064	0.09	0.097	0.102	0.015	0.03	not_skewed
GTEX-ZTPG	uterus	allelic_expression	39	0	0.5	0.091	0.127	0.121	0.114	0.018	0.037	not_skewed
GTEX-ZV6S	uterus	allelic_expression	40	0	0.227	0.082	0.082	0.088	0.062	0.01	0.02	not_skewed
GTEX-ZVT2	uterus	allelic_expression	43	0	0.5	0.184	0.112	0.182	0.104	0.016	0.032	not_skewed
GTEX-ZXES	uterus	allelic_expression	41	0	0.333	0.071	0.084	0.095	0.085	0.013	0.027	not_skewed
GTEX-ZYVF	uterus	allelic_expression	34	0.3	0.5	0.463	0.059	0.45	0.052	0.009	0.018	skewed
GTEX-ZYWO	uterus	allelic_expression	48	0.011	0.37	0.116	0.081	0.127	0.074	0.011	0.022	not_skewed
GTEX-11TTK	brain-1	allelic_expression	36	0	0.5	0.248	0.087	0.243	0.094	0.016	0.032	not_skewed
GTEX-11ZVC	brain-1	allelic_expression	26	0	0.5	0.125	0.106	0.15	0.114	0.022	0.046	not_skewed
GTEX-1269C	brain-1	allelic_expression	4	0.056	0.214	0.138	0.154	0.137	0.09	0.045	0.143	not_skewed
GTEX-12WS9	brain-1	allelic_expression	35	0.014	0.5	0.127	0.124	0.14	0.11	0.019	0.038	not_skewed
GTEX-1313W	brain-1	allelic_expression	35	0	0.5	0.208	0.139	0.189	0.113	0.019	0.039	not_skewed
GTEX-13O3O	brain-1	allelic_expression	39	0	0.382	0.155	0.107	0.177	0.095	0.015	0.031	not_skewed
GTEX-13QIC	brain-1	allelic_expression	31	0	0.278	0.045	0.113	0.082	0.081	0.015	0.03	not_skewed
GTEX-13SLX	brain-1	allelic_expression	43	0	0.5	0.185	0.137	0.186	0.104	0.016	0.032	not_skewed
GTEX-13X6K	brain-1	allelic_expression	51	0	0.438	0.1	0.101	0.116	0.088	0.012	0.025	not_skewed
GTEX-145LS	brain-1	allelic_expression	32	0	0.357	0.075	0.078	0.092	0.075	0.013	0.027	not_skewed
GTEX-145MI	brain-1	allelic_expression	36	0	0.389	0.167	0.112	0.163	0.1	0.017	0.034	not_skewed
GTEX-14BIM	brain-1	allelic_expression	26	0.045	0.5	0.25	0.09	0.249	0.093	0.018	0.038	skewed
GTEX-14DAQ	brain-1	allelic_expression	28	0.071	0.423	0.258	0.136	0.255	0.091	0.017	0.035	skewed
GTEX-14PQA	brain-1	allelic_expression	27	0	0.31	0.081	0.111	0.111	0.088	0.017	0.035	not_skewed
GTEX-15DCD	brain-1	allelic_expression	43	0.071	0.433	0.278	0.107	0.288	0.083	0.013	0.026	skewed
GTEX-15DDE	brain-1	allelic_expression	35	0	0.5	0.289	0.214	0.267	0.138	0.023	0.047	skewed
GTEX-15DYW	brain-1	allelic_expression	30	0.071	0.5	0.364	0.123	0.343	0.096	0.018	0.036	skewed
GTEX-15SHU	brain-1	allelic_expression	24	0.181	0.441	0.284	0.077	0.286	0.064	0.013	0.027	skewed
GTEX-17HG3	brain-1	allelic_expression	26	0.038	0.5	0.317	0.113	0.307	0.097	0.019	0.039	skewed
GTEX-183WM	brain-1	allelic_expression	18	0	0.286	0.071	0.135	0.107	0.092	0.022	0.046	not_skewed
GTEX-1F7RK	brain-1	allelic_expression	24	0.026	0.375	0.069	0.098	0.114	0.106	0.022	0.045	not_skewed
GTEX-1H1CY	brain-1	allelic_expression	29	0	0.41	0.167	0.157	0.184	0.112	0.021	0.043	not_skewed
GTEX-1H2FU	brain-1	allelic_expression	26	0	0.214	0.059	0.086	0.084	0.067	0.013	0.027	not_skewed
GTEX-1HBPH	brain-1	allelic_expression	32	0	0.389	0.05	0.136	0.101	0.118	0.021	0.043	not_skewed
GTEX-1HBPM	brain-1	allelic_expression	19	0.031	0.269	0.179	0.055	0.167	0.055	0.013	0.027	not_skewed
GTEX-1J8EW	brain-1	allelic_expression	28	0	0.224	0.071	0.076	0.084	0.061	0.012	0.024	not_skewed
GTEX-OHPN	brain-1	allelic_expression	24	0	0.375	0.082	0.16	0.134	0.106	0.022	0.045	not_skewed
GTEX-ZAK1	brain-1	allelic_expression	32	0	0.4	0.107	0.102	0.126	0.096	0.017	0.035	not_skewed
GTEX-ZVZQ	brain-1	allelic_expression	33	0	0.5	0.124	0.162	0.154	0.113	0.02	0.04	not_skewed
GTEX-11TTK	brain-10	allelic_expression	36	0.056	0.5	0.25	0.118	0.246	0.102	0.017	0.034	skewed
GTEX-12WS9	brain-10	allelic_expression	48	0	0.5	0.068	0.086	0.093	0.092	0.013	0.027	not_skewed
GTEX-12WSB	brain-10	allelic_expression	25	0	0.5	0.11	0.137	0.147	0.124	0.025	0.051	not_skewed
GTEX-12ZZX	brain-10	allelic_expression	38	0	0.333	0.058	0.112	0.088	0.086	0.014	0.028	not_skewed
GTEX-1313W	brain-10	allelic_expression	34	0	0.375	0.154	0.086	0.162	0.08	0.014	0.028	not_skewed
GTEX-131XW	brain-10	allelic_expression	13	0.1	0.5	0.352	0.103	0.36	0.12	0.033	0.073	skewed
GTEX-13JUV	brain-10	allelic_expression	47	0	0.367	0.081	0.075	0.102	0.08	0.012	0.024	not_skewed
GTEX-13O3O	brain-10	allelic_expression	44	0	0.346	0.074	0.085	0.106	0.084	0.013	0.025	not_skewed
GTEX-13PL6	brain-10	allelic_expression	20	0	0.385	0.1	0.076	0.11	0.091	0.02	0.043	not_skewed
GTEX-13QJC	brain-10	allelic_expression	30	0	0.495	0.093	0.08	0.105	0.1	0.018	0.037	not_skewed
GTEX-13S7M	brain-10	allelic_expression	36	0	0.218	0.058	0.076	0.066	0.053	0.009	0.018	not_skewed
GTEX-13SLX	brain-10	allelic_expression	57	0.038	0.5	0.192	0.09	0.195	0.087	0.012	0.023	not_skewed
GTEX-13X6K	brain-10	allelic_expression	52	0	0.25	0.1	0.094	0.103	0.063	0.009	0.018	not_skewed
GTEX-145LS	brain-10	allelic_expression	32	0.017	0.392	0.213	0.144	0.2	0.1	0.018	0.036	not_skewed
GTEX-145MI	brain-10	allelic_expression	31	0.071	0.4	0.285	0.129	0.285	0.082	0.015	0.03	skewed
GTEX-14BIM	brain-10	allelic_expression	39	0.022	0.5	0.212	0.06	0.211	0.081	0.013	0.026	not_skewed
GTEX-14BIN	brain-10	allelic_expression	31	0.016	0.5	0.11	0.118	0.135	0.108	0.019	0.04	not_skewed
GTEX-14LZ3	brain-10	allelic_expression	38	0.029	0.5	0.352	0.09	0.351	0.085	0.014	0.028	skewed
GTEX-14PHW	brain-10	allelic_expression	20	0.188	0.5	0.323	0.165	0.323	0.098	0.022	0.046	skewed
GTEX-14PQA	brain-10	allelic_expression	26	0.021	0.318	0.1	0.111	0.126	0.086	0.017	0.035	not_skewed
GTEX-15DCD	brain-10	allelic_expression	44	0	0.389	0.181	0.109	0.184	0.092	0.014	0.028	not_skewed
GTEX-15DYW	brain-10	allelic_expression	33	0.056	0.5	0.275	0.102	0.26	0.095	0.017	0.034	skewed
GTEX-17HG3	brain-10	allelic_expression	26	0.125	0.364	0.278	0.107	0.268	0.071	0.014	0.029	skewed
GTEX-17JCI	brain-10	allelic_expression	19	0	0.375	0.071	0.09	0.104	0.096	0.022	0.046	not_skewed
GTEX-183WM	brain-10	allelic_expression	34	0	0.5	0.082	0.076	0.094	0.093	0.016	0.032	not_skewed
GTEX-1CB4H	brain-10	allelic_expression	27	0	0.5	0.227	0.165	0.239	0.122	0.024	0.048	not_skewed
GTEX-1EWIQ	brain-10	allelic_expression	17	0.022	0.5	0.109	0.159	0.154	0.129	0.031	0.067	not_skewed
GTEX-1F7RK	brain-10	allelic_expression	28	0.157	0.382	0.26	0.129	0.263	0.072	0.014	0.028	skewed
GTEX-1F88E	brain-10	allelic_expression	26	0	0.409	0.101	0.096	0.136	0.112	0.022	0.045	not_skewed
GTEX-1GZHY	brain-10	allelic_expression	36	0.1	0.5	0.234	0.099	0.248	0.088	0.015	0.03	not_skewed
GTEX-1H1CY	brain-10	allelic_expression	53	0	0.433	0.095	0.083	0.115	0.101	0.014	0.028	not_skewed
GTEX-1HBPH	brain-10	allelic_expression	34	0	0.375	0.056	0.089	0.084	0.087	0.015	0.031	not_skewed
GTEX-1HBPM	brain-10	allelic_expression	22	0.022	0.5	0.202	0.174	0.238	0.136	0.029	0.06	not_skewed
GTEX-1I1CD	brain-10	allelic_expression	42	0.045	0.5	0.287	0.076	0.275	0.095	0.015	0.029	skewed
GTEX-1IKOH	brain-10	allelic_expression	32	0.056	0.5	0.322	0.193	0.304	0.135	0.024	0.049	skewed
GTEX-1LH75	brain-10	allelic_expression	32	0	0.5	0.324	0.072	0.322	0.091	0.016	0.033	skewed
GTEX-1OJC4	brain-10	allelic_expression	44	0	0.278	0.056	0.084	0.08	0.076	0.011	0.023	not_skewed
GTEX-1R46S	brain-10	allelic_expression	21	0.022	0.5	0.191	0.14	0.213	0.124	0.027	0.056	not_skewed
GTEX-OHPN	brain-10	allelic_expression	29	0.017	0.5	0.1	0.116	0.139	0.102	0.019	0.039	not_skewed
GTEX-PWO3	brain-10	allelic_expression	23	0.017	0.5	0.167	0.088	0.185	0.12	0.025	0.052	not_skewed
GTEX-T2IS	brain-10	allelic_expression	42	0	0.318	0.07	0.071	0.083	0.071	0.011	0.022	not_skewed
GTEX-ZE7O	brain-10	allelic_expression	25	0	0.333	0.1	0.135	0.119	0.087	0.017	0.036	not_skewed
GTEX-ZV68	brain-10	allelic_expression	20	0	0.375	0.166	0.144	0.153	0.094	0.021	0.044	not_skewed
GTEX-ZVT3	brain-10	allelic_expression	27	0	0.421	0.124	0.123	0.145	0.102	0.02	0.04	not_skewed
GTEX-ZVZQ	brain-10	allelic_expression	31	0.038	0.5	0.153	0.089	0.167	0.094	0.017	0.035	not_skewed
GTEX-1122O	colon-2	allelic_expression	38	0	0.5	0.095	0.104	0.118	0.108	0.018	0.036	not_skewed
GTEX-1128S	colon-2	allelic_expression	30	0.039	0.5	0.19	0.166	0.201	0.113	0.021	0.042	not_skewed
GTEX-11DXX	colon-2	allelic_expression	37	0.086	0.497	0.25	0.126	0.26	0.092	0.015	0.031	skewed
GTEX-11EM3	colon-2	allelic_expression	41	0.009	0.5	0.182	0.171	0.22	0.127	0.02	0.04	not_skewed
GTEX-11I78	colon-2	allelic_expression	43	0	0.357	0.111	0.127	0.117	0.092	0.014	0.028	not_skewed
GTEX-11P81	colon-2	allelic_expression	44	0.033	0.462	0.299	0.117	0.288	0.094	0.014	0.029	skewed
GTEX-11TTK	colon-2	allelic_expression	45	0	0.413	0.19	0.123	0.184	0.097	0.015	0.029	not_skewed
GTEX-11VI4	colon-2	allelic_expression	37	0	0.3	0.1	0.082	0.106	0.074	0.012	0.025	not_skewed
GTEX-11ZVC	colon-2	allelic_expression	45	0	0.375	0.084	0.073	0.101	0.075	0.011	0.023	not_skewed
GTEX-1211K	colon-2	allelic_expression	33	0	0.5	0.406	0.124	0.374	0.13	0.023	0.046	skewed
GTEX-12WSJ	colon-2	allelic_expression	37	0	0.367	0.183	0.156	0.173	0.093	0.015	0.031	not_skewed
GTEX-131XG	colon-2	allelic_expression	42	0.075	0.5	0.404	0.186	0.377	0.117	0.018	0.036	skewed
GTEX-132AR	colon-2	allelic_expression	28	0.037	0.5	0.212	0.119	0.197	0.101	0.019	0.039	not_skewed
GTEX-133LE	colon-2	allelic_expression	26	0	0.5	0.103	0.103	0.121	0.108	0.021	0.044	not_skewed
GTEX-1399S	colon-2	allelic_expression	42	0	0.5	0.208	0.145	0.214	0.12	0.018	0.037	not_skewed
GTEX-1399U	colon-2	allelic_expression	32	0	0.357	0.129	0.108	0.149	0.086	0.015	0.031	not_skewed
GTEX-13CF3	colon-2	allelic_expression	35	0.029	0.409	0.167	0.145	0.181	0.096	0.016	0.033	not_skewed
GTEX-13D11	colon-2	allelic_expression	39	0	0.5	0.14	0.088	0.159	0.108	0.017	0.035	not_skewed
GTEX-13FH7	colon-2	allelic_expression	37	0.005	0.333	0.071	0.078	0.083	0.071	0.012	0.024	not_skewed
GTEX-13O3O	colon-2	allelic_expression	42	0	0.395	0.185	0.125	0.204	0.089	0.014	0.028	not_skewed
GTEX-13OVI	colon-2	allelic_expression	57	0	0.5	0.091	0.14	0.121	0.106	0.014	0.028	not_skewed
GTEX-13PL7	colon-2	allelic_expression	36	0	0.5	0.129	0.134	0.14	0.108	0.018	0.036	not_skewed
GTEX-13PVR	colon-2	allelic_expression	37	0	0.386	0.25	0.2	0.199	0.12	0.02	0.04	skewed
GTEX-13QBU	colon-2	allelic_expression	39	0	0.499	0.079	0.124	0.112	0.105	0.017	0.034	not_skewed
GTEX-13U4I	colon-2	allelic_expression	31	0	0.5	0.06	0.07	0.068	0.092	0.017	0.034	not_skewed
GTEX-13VXT	colon-2	allelic_expression	54	0	0.333	0.167	0.139	0.171	0.09	0.012	0.024	not_skewed
GTEX-13W3W	colon-2	allelic_expression	44	0.007	0.389	0.125	0.115	0.139	0.088	0.013	0.027	not_skewed
GTEX-13X6H	colon-2	allelic_expression	38	0	0.5	0.209	0.153	0.217	0.121	0.02	0.04	not_skewed
GTEX-145LS	colon-2	allelic_expression	40	0	0.318	0.063	0.068	0.075	0.071	0.011	0.023	not_skewed
GTEX-147F3	colon-2	allelic_expression	29	0	0.438	0.25	0.157	0.221	0.118	0.022	0.045	skewed
GTEX-14AS3	colon-2	allelic_expression	32	0	0.315	0.1	0.085	0.119	0.079	0.014	0.028	not_skewed
GTEX-14BIN	colon-2	allelic_expression	30	0	0.5	0.047	0.086	0.087	0.107	0.02	0.04	not_skewed
GTEX-14DAQ	colon-2	allelic_expression	38	0.038	0.5	0.286	0.099	0.275	0.094	0.015	0.031	skewed
GTEX-14H4A	colon-2	allelic_expression	38	0.147	0.5	0.29	0.076	0.287	0.084	0.014	0.028	skewed
GTEX-14JG6	colon-2	allelic_expression	42	0	0.409	0.177	0.167	0.184	0.107	0.017	0.033	not_skewed
GTEX-14PJ5	colon-2	allelic_expression	40	0.026	0.5	0.183	0.127	0.2	0.107	0.017	0.034	not_skewed
GTEX-14PK6	colon-2	allelic_expression	32	0.038	0.438	0.242	0.165	0.225	0.11	0.019	0.039	not_skewed
GTEX-14PKV	colon-2	allelic_expression	28	0	0.375	0.243	0.177	0.224	0.107	0.02	0.041	not_skewed
GTEX-14XAO	colon-2	allelic_expression	31	0	0.357	0.077	0.127	0.102	0.093	0.017	0.034	not_skewed
GTEX-15CHC	colon-2	allelic_expression	41	0	0.452	0.281	0.111	0.278	0.094	0.015	0.03	skewed
GTEX-15DYW	colon-2	allelic_expression	38	0.033	0.5	0.185	0.133	0.214	0.118	0.019	0.039	not_skewed
GTEX-15DZA	colon-2	allelic_expression	34	0	0.286	0.103	0.105	0.12	0.075	0.013	0.026	not_skewed
GTEX-15SB6	colon-2	allelic_expression	38	0	0.389	0.224	0.068	0.224	0.08	0.013	0.026	not_skewed
GTEX-15SHU	colon-2	allelic_expression	38	0	0.357	0.133	0.148	0.142	0.1	0.016	0.033	not_skewed
GTEX-15UF6	colon-2	allelic_expression	40	0.008	0.5	0.056	0.117	0.102	0.113	0.018	0.036	not_skewed
GTEX-16MT8	colon-2	allelic_expression	39	0.017	0.5	0.143	0.132	0.156	0.106	0.017	0.034	not_skewed
GTEX-16NGA	colon-2	allelic_expression	62	0.071	0.5	0.332	0.088	0.336	0.089	0.011	0.023	skewed
GTEX-16NPV	colon-2	allelic_expression	25	0.014	0.409	0.167	0.12	0.169	0.101	0.02	0.042	not_skewed
GTEX-17F98	colon-2	allelic_expression	32	0	0.367	0.142	0.094	0.141	0.086	0.015	0.031	not_skewed
GTEX-17JCI	colon-2	allelic_expression	28	0.007	0.409	0.082	0.113	0.113	0.1	0.019	0.039	not_skewed
GTEX-18A7A	colon-2	allelic_expression	46	0	0.5	0.181	0.08	0.207	0.097	0.014	0.029	not_skewed
GTEX-18D9A	colon-2	allelic_expression	41	0	0.357	0.075	0.102	0.097	0.086	0.013	0.027	not_skewed
GTEX-1AMEY	colon-2	allelic_expression	43	0	0.375	0.07	0.093	0.091	0.086	0.013	0.026	not_skewed
GTEX-1AMFI	colon-2	allelic_expression	44	0.019	0.3	0.115	0.112	0.128	0.079	0.012	0.024	not_skewed
GTEX-1B932	colon-2	allelic_expression	45	0	0.5	0.115	0.143	0.153	0.119	0.018	0.036	not_skewed
GTEX-1C475	colon-2	allelic_expression	35	0.071	0.5	0.346	0.107	0.344	0.085	0.014	0.029	skewed
GTEX-1CAMS	colon-2	allelic_expression	32	0	0.5	0.233	0.121	0.237	0.114	0.02	0.041	not_skewed
GTEX-1F5PL	colon-2	allelic_expression	36	0.026	0.5	0.178	0.178	0.202	0.13	0.022	0.044	not_skewed
GTEX-1GF9U	colon-2	allelic_expression	44	0	0.5	0.2	0.102	0.212	0.111	0.017	0.034	not_skewed
GTEX-1GF9X	colon-2	allelic_expression	37	0	0.31	0.124	0.159	0.13	0.091	0.015	0.03	not_skewed
GTEX-1GZ4H	colon-2	allelic_expression	73	0	0.5	0.062	0.053	0.072	0.07	0.008	0.016	not_skewed
GTEX-1HCUA	colon-2	allelic_expression	55	0.045	0.5	0.259	0.171	0.28	0.124	0.017	0.034	skewed
GTEX-1HFI7	colon-2	allelic_expression	31	0.321	0.5	0.433	0.092	0.427	0.054	0.01	0.02	skewed
GTEX-1HSGN	colon-2	allelic_expression	63	0	0.5	0.211	0.152	0.216	0.115	0.015	0.029	not_skewed
GTEX-1I1GT	colon-2	allelic_expression	26	0.014	0.357	0.071	0.072	0.092	0.079	0.015	0.032	not_skewed
GTEX-1I4MK	colon-2	allelic_expression	49	0.071	0.5	0.412	0.116	0.372	0.115	0.016	0.033	skewed
GTEX-1IDJI	colon-2	allelic_expression	60	0	0.292	0.094	0.128	0.107	0.078	0.01	0.02	not_skewed
GTEX-1IDJU	colon-2	allelic_expression	45	0.071	0.5	0.277	0.122	0.268	0.111	0.017	0.033	skewed
GTEX-1IKOE	colon-2	allelic_expression	60	0	0.5	0.209	0.145	0.219	0.12	0.015	0.031	not_skewed
GTEX-1J8QM	colon-2	allelic_expression	42	0	0.408	0.141	0.113	0.14	0.086	0.013	0.027	not_skewed
GTEX-1JMQL	colon-2	allelic_expression	41	0.019	0.5	0.136	0.119	0.167	0.108	0.017	0.034	not_skewed
GTEX-1JN1M	colon-2	allelic_expression	42	0.056	0.5	0.28	0.131	0.27	0.105	0.016	0.033	skewed
GTEX-1JN76	colon-2	allelic_expression	32	0	0.5	0.319	0.214	0.298	0.144	0.025	0.052	skewed
GTEX-1K9T9	colon-2	allelic_expression	41	0	0.409	0.1	0.102	0.121	0.097	0.015	0.031	not_skewed
GTEX-1KANC	colon-2	allelic_expression	59	0	0.5	0.429	0.127	0.385	0.122	0.016	0.032	skewed
GTEX-1LGOU	colon-2	allelic_expression	51	0	0.5	0.076	0.076	0.1	0.097	0.014	0.027	not_skewed
GTEX-1LH75	colon-2	allelic_expression	33	0.071	0.5	0.302	0.146	0.299	0.108	0.019	0.038	skewed
GTEX-1LVAM	colon-2	allelic_expression	45	0	0.389	0.149	0.121	0.151	0.09	0.013	0.027	not_skewed
GTEX-1LVAN	colon-2	allelic_expression	30	0	0.346	0.125	0.083	0.143	0.079	0.014	0.029	not_skewed
GTEX-1MA7W	colon-2	allelic_expression	49	0	0.357	0.092	0.118	0.107	0.085	0.012	0.024	not_skewed
GTEX-1MCC2	colon-2	allelic_expression	77	0.012	0.5	0.196	0.139	0.205	0.101	0.012	0.023	not_skewed
GTEX-1NV5F	colon-2	allelic_expression	36	0.023	0.5	0.1	0.121	0.12	0.095	0.016	0.032	not_skewed
GTEX-1PIEJ	colon-2	allelic_expression	32	0	0.375	0.07	0.065	0.089	0.096	0.017	0.035	not_skewed
GTEX-1POEN	colon-2	allelic_expression	39	0	0.5	0.115	0.174	0.133	0.115	0.018	0.037	not_skewed
GTEX-1QCLZ	colon-2	allelic_expression	40	0	0.333	0.071	0.104	0.095	0.082	0.013	0.026	not_skewed
GTEX-1QP67	colon-2	allelic_expression	50	0	0.364	0.141	0.13	0.152	0.087	0.012	0.025	not_skewed
GTEX-1QPFJ	colon-2	allelic_expression	56	0	0.5	0.194	0.122	0.192	0.104	0.014	0.028	not_skewed
GTEX-1R9JW	colon-2	allelic_expression	42	0.007	0.375	0.068	0.072	0.095	0.074	0.011	0.023	not_skewed
GTEX-1RDX4	colon-2	allelic_expression	42	0.056	0.5	0.267	0.146	0.259	0.103	0.016	0.032	skewed
GTEX-1S82U	colon-2	allelic_expression	41	0.011	0.5	0.178	0.13	0.188	0.104	0.016	0.033	not_skewed
GTEX-OHPN	colon-2	allelic_expression	26	0	0.423	0.11	0.142	0.137	0.105	0.021	0.042	not_skewed
GTEX-P78B	colon-2	allelic_expression	31	0	0.5	0.104	0.132	0.128	0.122	0.022	0.045	not_skewed
GTEX-PWCY	colon-2	allelic_expression	33	0.038	0.5	0.3	0.105	0.303	0.091	0.016	0.032	skewed
GTEX-PWN1	colon-2	allelic_expression	31	0.016	0.389	0.13	0.112	0.157	0.091	0.016	0.033	not_skewed
GTEX-PX3G	colon-2	allelic_expression	35	0	0.5	0.1	0.11	0.112	0.099	0.017	0.034	not_skewed
GTEX-QCQG	colon-2	allelic_expression	39	0	0.5	0.19	0.196	0.202	0.122	0.02	0.04	not_skewed
GTEX-R45C	colon-2	allelic_expression	42	0	0.417	0.092	0.074	0.113	0.088	0.014	0.028	not_skewed
GTEX-S4P3	colon-2	allelic_expression	21	0	0.5	0.114	0.146	0.139	0.128	0.028	0.058	not_skewed
GTEX-TML8	colon-2	allelic_expression	22	0.033	0.5	0.357	0.134	0.317	0.133	0.028	0.059	skewed
GTEX-UJHI	colon-2	allelic_expression	35	0	0.289	0.1	0.079	0.113	0.072	0.012	0.025	not_skewed
GTEX-UPIC	colon-2	allelic_expression	38	0.375	0.5	0.5	0.009	0.491	0.023	0.004	0.008	skewed
GTEX-XUJ4	colon-2	allelic_expression	24	0.227	0.5	0.41	0.078	0.413	0.068	0.014	0.029	skewed
GTEX-XUW1	colon-2	allelic_expression	30	0	0.357	0.147	0.093	0.146	0.089	0.016	0.033	not_skewed
GTEX-XUZC	colon-2	allelic_expression	35	0.015	0.5	0.238	0.172	0.219	0.108	0.018	0.037	not_skewed
GTEX-XV7Q	colon-2	allelic_expression	42	0.026	0.5	0.312	0.119	0.302	0.095	0.015	0.029	skewed
GTEX-XYKS	colon-2	allelic_expression	39	0	0.5	0.125	0.108	0.133	0.1	0.016	0.032	not_skewed
GTEX-Y3IK	colon-2	allelic_expression	43	0	0.5	0.071	0.101	0.098	0.098	0.015	0.03	not_skewed
GTEX-Y5LM	colon-2	allelic_expression	27	0	0.5	0.157	0.105	0.18	0.119	0.023	0.047	not_skewed
GTEX-Y8LW	colon-2	allelic_expression	38	0	0.4	0.102	0.08	0.118	0.087	0.014	0.029	not_skewed
GTEX-ZF29	colon-2	allelic_expression	41	0	0.5	0.095	0.114	0.112	0.102	0.016	0.032	not_skewed
GTEX-ZF2S	colon-2	allelic_expression	29	0	0.5	0.219	0.125	0.206	0.096	0.018	0.037	not_skewed
GTEX-ZGAY	colon-2	allelic_expression	30	0	0.5	0.27	0.128	0.247	0.122	0.022	0.045	skewed
GTEX-ZLV1	colon-2	allelic_expression	34	0.056	0.4	0.224	0.099	0.227	0.085	0.015	0.03	not_skewed
GTEX-ZLWG	colon-2	allelic_expression	49	0	0.5	0.071	0.122	0.105	0.117	0.017	0.033	not_skewed
GTEX-ZP4G	colon-2	allelic_expression	45	0	0.5	0.177	0.212	0.201	0.134	0.02	0.04	not_skewed
GTEX-ZPCL	colon-2	allelic_expression	40	0.024	0.5	0.25	0.166	0.243	0.116	0.018	0.037	skewed
GTEX-ZV6S	colon-2	allelic_expression	43	0	0.214	0.045	0.086	0.068	0.057	0.009	0.018	not_skewed
GTEX-ZVT2	colon-2	allelic_expression	27	0	0.5	0.386	0.125	0.365	0.123	0.024	0.049	skewed
GTEX-ZXES	colon-2	allelic_expression	36	0	0.5	0.21	0.145	0.217	0.118	0.02	0.04	not_skewed
GTEX-ZYFG	colon-2	allelic_expression	43	0.045	0.5	0.278	0.078	0.287	0.087	0.013	0.027	skewed
GTEX-ZYVF	colon-2	allelic_expression	35	0.192	0.5	0.46	0.1	0.434	0.072	0.012	0.025	skewed
GTEX-ZYWO	colon-2	allelic_expression	42	0	0.375	0.05	0.065	0.074	0.084	0.013	0.026	not_skewed
GTEX-11TTK	brain-3	allelic_expression	35	0.062	0.5	0.227	0.1	0.234	0.099	0.017	0.034	not_skewed
GTEX-11UD1	brain-3	allelic_expression	45	0.045	0.5	0.222	0.105	0.236	0.099	0.015	0.03	not_skewed
GTEX-12WS9	brain-3	allelic_expression	46	0	0.5	0.111	0.104	0.132	0.093	0.014	0.028	not_skewed
GTEX-12WSB	brain-3	allelic_expression	36	0.1	0.5	0.192	0.097	0.21	0.088	0.015	0.03	not_skewed
GTEX-12ZZX	brain-3	allelic_expression	39	0	0.324	0.071	0.096	0.104	0.092	0.015	0.03	not_skewed
GTEX-1313W	brain-3	allelic_expression	36	0	0.389	0.122	0.102	0.138	0.089	0.015	0.03	not_skewed
GTEX-13JUV	brain-3	allelic_expression	53	0	0.375	0.111	0.12	0.126	0.093	0.013	0.026	not_skewed
GTEX-13O3O	brain-3	allelic_expression	37	0	0.289	0.1	0.083	0.104	0.07	0.011	0.023	not_skewed
GTEX-13PL6	brain-3	allelic_expression	32	0	0.3	0.1	0.098	0.112	0.082	0.014	0.029	not_skewed
GTEX-13PLJ	brain-3	allelic_expression	46	0.357	0.5	0.495	0.025	0.473	0.042	0.006	0.012	skewed
GTEX-13S7M	brain-3	allelic_expression	42	0	0.382	0.085	0.089	0.112	0.083	0.013	0.026	not_skewed
GTEX-13SLX	brain-3	allelic_expression	50	0	0.5	0.189	0.14	0.213	0.112	0.016	0.032	not_skewed
GTEX-13X6K	brain-3	allelic_expression	46	0	0.375	0.072	0.101	0.093	0.082	0.012	0.024	not_skewed
GTEX-145LS	brain-3	allelic_expression	33	0.009	0.318	0.194	0.095	0.186	0.079	0.014	0.028	not_skewed
GTEX-145MI	brain-3	allelic_expression	21	0.038	0.5	0.273	0.08	0.267	0.101	0.022	0.046	skewed
GTEX-14BIM	brain-3	allelic_expression	33	0.071	0.375	0.214	0.091	0.223	0.076	0.013	0.027	not_skewed
GTEX-14BIN	brain-3	allelic_expression	28	0	0.5	0.098	0.067	0.113	0.097	0.018	0.038	not_skewed
GTEX-14DAQ	brain-3	allelic_expression	32	0.024	0.375	0.158	0.124	0.172	0.093	0.016	0.033	not_skewed
GTEX-14LLW	brain-3	allelic_expression	36	0.024	0.5	0.183	0.093	0.201	0.104	0.017	0.035	not_skewed
GTEX-14LZ3	brain-3	allelic_expression	33	0.167	0.5	0.374	0.051	0.356	0.073	0.013	0.026	skewed
GTEX-14PQA	brain-3	allelic_expression	31	0	0.375	0.091	0.09	0.111	0.089	0.016	0.033	not_skewed
GTEX-15DCD	brain-3	allelic_expression	54	0	0.5	0.27	0.134	0.251	0.105	0.014	0.029	skewed
GTEX-15DDE	brain-3	allelic_expression	44	0	0.5	0.098	0.114	0.123	0.105	0.016	0.032	not_skewed
GTEX-15DYW	brain-3	allelic_expression	26	0	0.433	0.289	0.115	0.283	0.099	0.019	0.04	skewed
GTEX-15SHU	brain-3	allelic_expression	35	0.048	0.5	0.333	0.082	0.318	0.104	0.018	0.036	skewed
GTEX-16NPV	brain-3	allelic_expression	32	0.038	0.5	0.208	0.168	0.212	0.111	0.02	0.04	not_skewed
GTEX-17HG3	brain-3	allelic_expression	29	0.071	0.409	0.25	0.103	0.238	0.087	0.016	0.033	skewed
GTEX-183WM	brain-3	allelic_expression	33	0	0.34	0.1	0.072	0.101	0.064	0.011	0.023	not_skewed
GTEX-19HZE	brain-3	allelic_expression	25	0.083	0.5	0.278	0.083	0.277	0.095	0.019	0.039	skewed
GTEX-1CAV2	brain-3	allelic_expression	25	0.127	0.5	0.357	0.12	0.34	0.107	0.021	0.044	skewed
GTEX-1CB4H	brain-3	allelic_expression	36	0	0.5	0.19	0.126	0.196	0.114	0.019	0.038	not_skewed
GTEX-1F52S	brain-3	allelic_expression	33	0	0.5	0.085	0.081	0.114	0.101	0.018	0.036	not_skewed
GTEX-1F7RK	brain-3	allelic_expression	28	0.1	0.433	0.224	0.171	0.244	0.106	0.02	0.041	not_skewed
GTEX-1H1CY	brain-3	allelic_expression	44	0	0.358	0.083	0.113	0.113	0.089	0.013	0.027	not_skewed
GTEX-1H2FU	brain-3	allelic_expression	42	0.013	0.375	0.124	0.091	0.13	0.085	0.013	0.026	not_skewed
GTEX-1HBPH	brain-3	allelic_expression	29	0	0.318	0.083	0.102	0.107	0.083	0.015	0.032	not_skewed
GTEX-1HBPM	brain-3	allelic_expression	38	0.045	0.447	0.236	0.095	0.236	0.091	0.015	0.03	not_skewed
GTEX-1IKOH	brain-3	allelic_expression	44	0.2	0.5	0.365	0.083	0.373	0.074	0.011	0.023	skewed
GTEX-1J8EW	brain-3	allelic_expression	33	0.024	0.375	0.167	0.114	0.166	0.092	0.016	0.033	not_skewed
GTEX-1J8JJ	brain-3	allelic_expression	17	0	0.5	0.25	0.133	0.242	0.143	0.035	0.073	skewed
GTEX-1R9PO	brain-3	allelic_expression	43	0.016	0.375	0.143	0.107	0.153	0.082	0.012	0.025	not_skewed
GTEX-OHPN	brain-3	allelic_expression	26	0	0.423	0.132	0.159	0.16	0.123	0.024	0.05	not_skewed
GTEX-PWO3	brain-3	allelic_expression	27	0	0.5	0.125	0.109	0.136	0.108	0.021	0.043	not_skewed
GTEX-T2IS	brain-3	allelic_expression	37	0	0.417	0.071	0.116	0.103	0.108	0.018	0.036	not_skewed
GTEX-ZE7O	brain-3	allelic_expression	33	0.021	0.4	0.1	0.065	0.119	0.081	0.014	0.029	not_skewed
GTEX-ZV68	brain-3	allelic_expression	26	0	0.5	0.289	0.211	0.264	0.124	0.024	0.05	skewed
GTEX-ZVT3	brain-3	allelic_expression	28	0	0.417	0.153	0.176	0.172	0.119	0.023	0.046	not_skewed
GTEX-ZVZQ	brain-3	allelic_expression	35	0.02	0.5	0.194	0.18	0.218	0.132	0.022	0.045	not_skewed
GTEX-1122O	heart-2	allelic_expression	34	0.011	0.5	0.127	0.092	0.151	0.12	0.021	0.042	not_skewed
GTEX-11DXX	heart-2	allelic_expression	32	0	0.496	0.094	0.145	0.124	0.112	0.02	0.04	not_skewed
GTEX-11EM3	heart-2	allelic_expression	38	0.056	0.5	0.249	0.126	0.242	0.1	0.016	0.033	not_skewed
GTEX-11EMC	heart-2	allelic_expression	18	0	0.4	0.15	0.249	0.189	0.137	0.032	0.068	not_skewed
GTEX-11I78	heart-2	allelic_expression	49	0	0.389	0.071	0.086	0.101	0.093	0.013	0.027	not_skewed
GTEX-11ZVC	heart-2	allelic_expression	30	0	0.5	0.134	0.141	0.151	0.118	0.022	0.044	not_skewed
GTEX-1211K	heart-2	allelic_expression	38	0	0.357	0.067	0.07	0.091	0.088	0.014	0.029	not_skewed
GTEX-1269C	heart-2	allelic_expression	19	0	0.167	0.067	0.042	0.072	0.048	0.011	0.023	not_skewed
GTEX-12WSG	heart-2	allelic_expression	31	0	0.5	0.1	0.111	0.128	0.113	0.02	0.041	not_skewed
GTEX-12WSK	heart-2	allelic_expression	39	0.005	0.5	0.143	0.161	0.171	0.128	0.021	0.042	not_skewed
GTEX-1313W	heart-2	allelic_expression	35	0	0.5	0.269	0.124	0.25	0.113	0.019	0.039	skewed
GTEX-131XG	heart-2	allelic_expression	31	0.017	0.5	0.1	0.143	0.146	0.121	0.022	0.044	not_skewed
GTEX-132AR	heart-2	allelic_expression	27	0.022	0.5	0.071	0.085	0.121	0.124	0.024	0.049	not_skewed
GTEX-1399S	heart-2	allelic_expression	35	0.045	0.5	0.363	0.157	0.318	0.127	0.022	0.044	skewed
GTEX-1399U	heart-2	allelic_expression	33	0	0.5	0.308	0.148	0.294	0.112	0.02	0.04	skewed
GTEX-13CF3	heart-2	allelic_expression	30	0	0.5	0.178	0.106	0.181	0.095	0.017	0.036	not_skewed
GTEX-13D11	heart-2	allelic_expression	35	0	0.5	0.1	0.066	0.121	0.095	0.016	0.033	not_skewed
GTEX-13FH7	heart-2	allelic_expression	30	0.056	0.429	0.202	0.09	0.21	0.077	0.014	0.029	not_skewed
GTEX-13N11	heart-2	allelic_expression	46	0	0.4	0.1	0.083	0.12	0.083	0.012	0.025	not_skewed
GTEX-13O3O	heart-2	allelic_expression	26	0.033	0.5	0.144	0.131	0.163	0.124	0.024	0.05	not_skewed
GTEX-13PVR	heart-2	allelic_expression	31	0.045	0.429	0.225	0.146	0.233	0.103	0.018	0.038	not_skewed
GTEX-13QBU	heart-2	allelic_expression	37	0	0.5	0.119	0.14	0.14	0.113	0.019	0.038	not_skewed
GTEX-13SLX	heart-2	allelic_expression	46	0.125	0.5	0.322	0.113	0.323	0.096	0.014	0.028	skewed
GTEX-13U4I	heart-2	allelic_expression	30	0	0.5	0.081	0.135	0.109	0.107	0.019	0.04	not_skewed
GTEX-13VXT	heart-2	allelic_expression	46	0	0.5	0.278	0.172	0.252	0.126	0.019	0.037	skewed
GTEX-13W3W	heart-2	allelic_expression	42	0	0.433	0.167	0.1	0.171	0.088	0.014	0.027	not_skewed
GTEX-13X6H	heart-2	allelic_expression	37	0	0.375	0.14	0.156	0.16	0.102	0.017	0.034	not_skewed
GTEX-13X6K	heart-2	allelic_expression	40	0	0.34	0.095	0.082	0.106	0.081	0.013	0.026	not_skewed
GTEX-146FH	heart-2	allelic_expression	39	0	0.5	0.121	0.164	0.15	0.135	0.022	0.044	not_skewed
GTEX-146FR	heart-2	allelic_expression	33	0.041	0.5	0.303	0.137	0.296	0.101	0.018	0.036	skewed
GTEX-148VI	heart-2	allelic_expression	27	0	0.5	0.124	0.144	0.147	0.117	0.023	0.046	not_skewed
GTEX-14A5I	heart-2	allelic_expression	9	0	0.375	0.136	0.095	0.166	0.109	0.036	0.084	not_skewed
GTEX-14BIN	heart-2	allelic_expression	7	0	0.409	0.1	0.101	0.131	0.139	0.052	0.128	not_skewed
GTEX-14DAQ	heart-2	allelic_expression	31	0	0.5	0.3	0.145	0.279	0.115	0.021	0.042	skewed
GTEX-14H4A	heart-2	allelic_expression	24	0	0.5	0.162	0.141	0.191	0.131	0.027	0.055	not_skewed
GTEX-14PHY	heart-2	allelic_expression	37	0	0.3	0.073	0.094	0.095	0.08	0.013	0.027	not_skewed
GTEX-14PJ6	heart-2	allelic_expression	31	0.016	0.5	0.146	0.134	0.163	0.112	0.02	0.041	not_skewed
GTEX-14PK6	heart-2	allelic_expression	34	0	0.5	0.199	0.094	0.196	0.109	0.019	0.038	not_skewed
GTEX-14PN3	heart-2	allelic_expression	25	0.056	0.447	0.375	0.115	0.337	0.097	0.019	0.04	skewed
GTEX-14XAO	heart-2	allelic_expression	32	0	0.5	0.074	0.053	0.086	0.089	0.016	0.032	not_skewed
GTEX-15CHC	heart-2	allelic_expression	33	0.042	0.5	0.311	0.139	0.3	0.126	0.022	0.045	skewed
GTEX-15DCZ	heart-2	allelic_expression	23	0	0.5	0.115	0.125	0.138	0.115	0.024	0.05	not_skewed
GTEX-15DDE	heart-2	allelic_expression	34	0.009	0.5	0.098	0.14	0.137	0.116	0.02	0.041	not_skewed
GTEX-15DYW	heart-2	allelic_expression	12	0.083	0.405	0.17	0.122	0.18	0.091	0.026	0.058	not_skewed
GTEX-15EOM	heart-2	allelic_expression	27	0	0.5	0.143	0.123	0.166	0.126	0.024	0.05	not_skewed
GTEX-15SHU	heart-2	allelic_expression	19	0	0.395	0.136	0.14	0.174	0.103	0.024	0.05	not_skewed
GTEX-16BQI	heart-2	allelic_expression	41	0.214	0.5	0.397	0.071	0.395	0.065	0.01	0.02	skewed
GTEX-16MT8	heart-2	allelic_expression	16	0.071	0.5	0.277	0.089	0.275	0.113	0.028	0.06	skewed
GTEX-17F9Y	heart-2	allelic_expression	21	0	0.5	0.1	0.129	0.148	0.14	0.031	0.064	not_skewed
GTEX-17JCI	heart-2	allelic_expression	21	0.026	0.4	0.167	0.191	0.193	0.112	0.024	0.051	not_skewed
GTEX-1A3MW	heart-2	allelic_expression	43	0	0.5	0.125	0.106	0.154	0.102	0.016	0.031	not_skewed
GTEX-1B932	heart-2	allelic_expression	33	0	0.5	0.088	0.069	0.114	0.104	0.018	0.037	not_skewed
GTEX-1B97J	heart-2	allelic_expression	36	0.034	0.5	0.232	0.154	0.222	0.117	0.02	0.04	not_skewed
GTEX-1CAMS	heart-2	allelic_expression	26	0.013	0.5	0.103	0.164	0.134	0.12	0.024	0.049	not_skewed
GTEX-1EWIQ	heart-2	allelic_expression	21	0	0.5	0.191	0.139	0.2	0.131	0.029	0.059	not_skewed
GTEX-1GF9U	heart-2	allelic_expression	48	0	0.5	0.212	0.139	0.23	0.111	0.016	0.032	not_skewed
GTEX-1GN1W	heart-2	allelic_expression	45	0	0.5	0.19	0.088	0.198	0.1	0.015	0.03	not_skewed
GTEX-1H1CY	heart-2	allelic_expression	32	0.056	0.389	0.204	0.164	0.209	0.101	0.018	0.036	not_skewed
GTEX-1HBPH	heart-2	allelic_expression	38	0	0.5	0.195	0.123	0.198	0.117	0.019	0.039	not_skewed
GTEX-1HBPM	heart-2	allelic_expression	26	0	0.352	0.138	0.161	0.169	0.101	0.02	0.041	not_skewed
GTEX-1HC8U	heart-2	allelic_expression	67	0	0.5	0.119	0.118	0.152	0.111	0.014	0.027	not_skewed
GTEX-1HCUA	heart-2	allelic_expression	53	0	0.5	0.313	0.073	0.297	0.096	0.013	0.026	skewed
GTEX-1HFI7	heart-2	allelic_expression	29	0.056	0.5	0.357	0.187	0.327	0.137	0.025	0.052	skewed
GTEX-1HSGN	heart-2	allelic_expression	59	0.125	0.5	0.432	0.14	0.393	0.107	0.014	0.028	skewed
GTEX-1ICG6	heart-2	allelic_expression	29	0	0.5	0.125	0.104	0.149	0.105	0.02	0.04	not_skewed
GTEX-1IDJE	heart-2	allelic_expression	41	0.079	0.5	0.34	0.138	0.327	0.104	0.016	0.033	skewed
GTEX-1IDJI	heart-2	allelic_expression	63	0	0.417	0.106	0.081	0.123	0.088	0.011	0.022	not_skewed
GTEX-1IDJU	heart-2	allelic_expression	50	0.017	0.5	0.184	0.091	0.178	0.085	0.012	0.024	not_skewed
GTEX-1IKOE	heart-2	allelic_expression	52	0	0.5	0.278	0.139	0.274	0.119	0.017	0.033	skewed
GTEX-1J8EW	heart-2	allelic_expression	35	0	0.5	0.144	0.182	0.167	0.115	0.02	0.04	not_skewed
GTEX-1J8QM	heart-2	allelic_expression	52	0	0.435	0.111	0.142	0.14	0.115	0.016	0.032	not_skewed
GTEX-1JMOU	heart-2	allelic_expression	20	0.065	0.5	0.363	0.142	0.339	0.127	0.028	0.06	skewed
GTEX-1JN1M	heart-2	allelic_expression	28	0.338	0.5	0.42	0.111	0.434	0.054	0.01	0.021	skewed
GTEX-1K9T9	heart-2	allelic_expression	28	0	0.275	0.118	0.095	0.119	0.066	0.013	0.026	not_skewed
GTEX-1KANC	heart-2	allelic_expression	53	0.016	0.417	0.257	0.1	0.25	0.093	0.013	0.026	skewed
GTEX-1LGOU	heart-2	allelic_expression	44	0.056	0.5	0.25	0.093	0.264	0.108	0.016	0.033	skewed
GTEX-1LH75	heart-2	allelic_expression	28	0	0.5	0.212	0.171	0.22	0.141	0.027	0.055	not_skewed
GTEX-1LVAN	heart-2	allelic_expression	26	0	0.4	0.167	0.145	0.162	0.108	0.021	0.043	not_skewed
GTEX-1MCC2	heart-2	allelic_expression	67	0	0.5	0.097	0.093	0.125	0.109	0.013	0.027	not_skewed
GTEX-1POEN	heart-2	allelic_expression	38	0	0.375	0.113	0.112	0.127	0.088	0.014	0.029	not_skewed
GTEX-1QCLZ	heart-2	allelic_expression	29	0	0.367	0.115	0.167	0.134	0.103	0.019	0.039	not_skewed
GTEX-1QPFJ	heart-2	allelic_expression	44	0.172	0.498	0.387	0.067	0.372	0.066	0.01	0.02	skewed
GTEX-1R9JW	heart-2	allelic_expression	33	0.017	0.375	0.125	0.067	0.133	0.077	0.013	0.027	not_skewed
GTEX-1R9PO	heart-2	allelic_expression	31	0	0.318	0.071	0.135	0.106	0.086	0.015	0.031	not_skewed
GTEX-OHPL	heart-2	allelic_expression	40	0.056	0.5	0.278	0.126	0.278	0.107	0.017	0.034	skewed
GTEX-P78B	heart-2	allelic_expression	26	0.038	0.498	0.372	0.127	0.324	0.119	0.023	0.048	skewed
GTEX-POMQ	heart-2	allelic_expression	55	0	0.5	0.091	0.105	0.106	0.092	0.012	0.025	not_skewed
GTEX-PWCY	heart-2	allelic_expression	37	0	0.429	0.083	0.126	0.118	0.105	0.017	0.035	not_skewed
GTEX-PX3G	heart-2	allelic_expression	29	0	0.5	0.071	0.145	0.112	0.107	0.02	0.041	not_skewed
GTEX-R45C	heart-2	allelic_expression	17	0	0.326	0.154	0.129	0.14	0.085	0.021	0.044	not_skewed
GTEX-T2IS	heart-2	allelic_expression	30	0	0.5	0.1	0.179	0.13	0.122	0.022	0.046	not_skewed
GTEX-UJHI	heart-2	allelic_expression	38	0	0.367	0.167	0.145	0.163	0.099	0.016	0.033	not_skewed
GTEX-WI4N	heart-2	allelic_expression	33	0.001	0.5	0.167	0.125	0.198	0.119	0.021	0.042	not_skewed
GTEX-WRHU	heart-2	allelic_expression	14	0.014	0.395	0.134	0.16	0.161	0.13	0.035	0.075	not_skewed
GTEX-X8HC	heart-2	allelic_expression	21	0	0.5	0.071	0.101	0.098	0.11	0.024	0.05	not_skewed
GTEX-XUJ4	heart-2	allelic_expression	27	0.006	0.5	0.155	0.132	0.176	0.132	0.025	0.052	not_skewed
GTEX-XV7Q	heart-2	allelic_expression	45	0	0.5	0.208	0.121	0.207	0.104	0.016	0.031	not_skewed
GTEX-Y3IK	heart-2	allelic_expression	34	0	0.5	0.083	0.123	0.127	0.121	0.021	0.042	not_skewed
GTEX-Y5V5	heart-2	allelic_expression	26	0	0.431	0.129	0.146	0.16	0.114	0.022	0.046	not_skewed
GTEX-YB5K	heart-2	allelic_expression	28	0	0.375	0.175	0.125	0.16	0.094	0.018	0.037	not_skewed
GTEX-YJ8O	heart-2	allelic_expression	31	0	0.4	0.167	0.148	0.166	0.1	0.018	0.037	not_skewed
GTEX-ZAJG	heart-2	allelic_expression	40	0.167	0.5	0.318	0.087	0.318	0.082	0.013	0.026	skewed
GTEX-ZF29	heart-2	allelic_expression	34	0.056	0.5	0.372	0.099	0.354	0.092	0.016	0.032	skewed
GTEX-ZF2S	heart-2	allelic_expression	31	0.056	0.48	0.235	0.117	0.219	0.092	0.017	0.034	not_skewed
GTEX-ZF3C	heart-2	allelic_expression	11	0	0.5	0.357	0.158	0.314	0.145	0.044	0.097	skewed
GTEX-ZGAY	heart-2	allelic_expression	26	0.023	0.357	0.125	0.141	0.142	0.091	0.018	0.037	not_skewed
GTEX-ZPCL	heart-2	allelic_expression	35	0	0.5	0.375	0.143	0.335	0.108	0.018	0.037	skewed
GTEX-ZTPG	heart-2	allelic_expression	31	0	0.5	0.214	0.099	0.205	0.097	0.017	0.036	not_skewed
GTEX-ZVT2	heart-2	allelic_expression	30	0.026	0.5	0.137	0.18	0.191	0.145	0.026	0.054	not_skewed
GTEX-ZYFG	heart-2	allelic_expression	31	0.167	0.5	0.338	0.089	0.341	0.08	0.014	0.029	skewed
GTEX-ZYWO	heart-2	allelic_expression	44	0	0.3	0.122	0.077	0.128	0.071	0.011	0.022	not_skewed
GTEX-ZZPU	heart-2	allelic_expression	34	0	0.5	0.496	0.044	0.459	0.091	0.016	0.032	skewed
GTEX-1122O	esophagus-2	allelic_expression	35	0	0.5	0.071	0.124	0.123	0.124	0.021	0.043	not_skewed
GTEX-1128S	esophagus-2	allelic_expression	33	0.016	0.441	0.077	0.08	0.106	0.092	0.016	0.033	not_skewed
GTEX-11DXX	esophagus-2	allelic_expression	41	0.038	0.5	0.27	0.077	0.255	0.088	0.014	0.028	skewed
GTEX-11EM3	esophagus-2	allelic_expression	39	0	0.5	0.071	0.147	0.116	0.115	0.018	0.037	not_skewed
GTEX-11EMC	esophagus-2	allelic_expression	23	0	0.4	0.132	0.097	0.137	0.096	0.02	0.042	not_skewed
GTEX-11I78	esophagus-2	allelic_expression	44	0.088	0.5	0.389	0.106	0.368	0.091	0.014	0.028	skewed
GTEX-11P81	esophagus-2	allelic_expression	45	0.167	0.5	0.329	0.07	0.332	0.066	0.01	0.02	skewed
GTEX-11VI4	esophagus-2	allelic_expression	41	0.004	0.423	0.088	0.149	0.122	0.098	0.015	0.031	not_skewed
GTEX-11XUK	esophagus-2	allelic_expression	41	0	0.5	0.067	0.111	0.114	0.113	0.018	0.036	not_skewed
GTEX-11ZTS	esophagus-2	allelic_expression	21	0	0.497	0.062	0.071	0.096	0.114	0.025	0.052	not_skewed
GTEX-1211K	esophagus-2	allelic_expression	39	0	0.346	0.132	0.136	0.146	0.088	0.014	0.028	not_skewed
GTEX-1269C	esophagus-2	allelic_expression	21	0	0.5	0.136	0.113	0.141	0.107	0.023	0.049	not_skewed
GTEX-12WS9	esophagus-2	allelic_expression	37	0	0.5	0.091	0.116	0.123	0.11	0.018	0.037	not_skewed
GTEX-12WSG	esophagus-2	allelic_expression	39	0	0.5	0.16	0.147	0.182	0.122	0.019	0.039	not_skewed
GTEX-12WSK	esophagus-2	allelic_expression	41	0.042	0.5	0.296	0.111	0.273	0.118	0.018	0.037	skewed
GTEX-12ZZX	esophagus-2	allelic_expression	36	0.033	0.389	0.209	0.157	0.205	0.098	0.016	0.033	not_skewed
GTEX-13113	esophagus-2	allelic_expression	44	0	0.292	0.105	0.114	0.117	0.077	0.012	0.023	not_skewed
GTEX-131XG	esophagus-2	allelic_expression	34	0.029	0.5	0.277	0.179	0.249	0.122	0.021	0.042	skewed
GTEX-132AR	esophagus-2	allelic_expression	27	0.024	0.5	0.211	0.143	0.218	0.121	0.023	0.048	not_skewed
GTEX-133LE	esophagus-2	allelic_expression	24	0	0.498	0.09	0.099	0.116	0.116	0.024	0.049	not_skewed
GTEX-1399S	esophagus-2	allelic_expression	42	0	0.308	0.057	0.11	0.095	0.096	0.015	0.03	not_skewed
GTEX-1399U	esophagus-2	allelic_expression	38	0	0.269	0.13	0.093	0.127	0.067	0.011	0.022	not_skewed
GTEX-13CF3	esophagus-2	allelic_expression	32	0.1	0.5	0.373	0.078	0.35	0.09	0.016	0.032	skewed
GTEX-13D11	esophagus-2	allelic_expression	40	0	0.357	0.128	0.107	0.143	0.083	0.013	0.027	not_skewed
GTEX-13FH7	esophagus-2	allelic_expression	37	0.022	0.409	0.136	0.116	0.155	0.085	0.014	0.028	not_skewed
GTEX-13FTX	esophagus-2	allelic_expression	38	0	0.5	0.074	0.099	0.094	0.099	0.016	0.033	not_skewed
GTEX-13N11	esophagus-2	allelic_expression	55	0	0.25	0.067	0.089	0.088	0.072	0.01	0.019	not_skewed
GTEX-13OVI	esophagus-2	allelic_expression	46	0	0.5	0.173	0.104	0.17	0.086	0.013	0.026	not_skewed
GTEX-13PL7	esophagus-2	allelic_expression	31	0.083	0.4	0.3	0.138	0.279	0.085	0.015	0.031	skewed
GTEX-13PVR	esophagus-2	allelic_expression	29	0	0.333	0.11	0.118	0.132	0.083	0.015	0.031	not_skewed
GTEX-13QBU	esophagus-2	allelic_expression	36	0	0.499	0.094	0.088	0.109	0.101	0.017	0.034	not_skewed
GTEX-13SLX	esophagus-2	allelic_expression	42	0	0.5	0.1	0.108	0.12	0.102	0.016	0.032	not_skewed
GTEX-13U4I	esophagus-2	allelic_expression	33	0	0.5	0.071	0.105	0.107	0.104	0.018	0.037	not_skewed
GTEX-13W3W	esophagus-2	allelic_expression	42	0	0.375	0.074	0.087	0.095	0.074	0.011	0.023	not_skewed
GTEX-13X6H	esophagus-2	allelic_expression	40	0	0.375	0.054	0.071	0.086	0.092	0.015	0.029	not_skewed
GTEX-13X6K	esophagus-2	allelic_expression	45	0	0.5	0.097	0.13	0.108	0.096	0.014	0.029	not_skewed
GTEX-145LS	esophagus-2	allelic_expression	33	0	0.417	0.109	0.155	0.13	0.105	0.018	0.037	not_skewed
GTEX-146FH	esophagus-2	allelic_expression	40	0.045	0.5	0.29	0.087	0.295	0.101	0.016	0.032	skewed
GTEX-146FR	esophagus-2	allelic_expression	35	0	0.375	0.097	0.154	0.12	0.096	0.016	0.033	not_skewed
GTEX-147F3	esophagus-2	allelic_expression	31	0	0.357	0.149	0.117	0.142	0.081	0.015	0.03	not_skewed
GTEX-148VI	esophagus-2	allelic_expression	34	0	0.498	0.116	0.075	0.147	0.115	0.02	0.04	not_skewed
GTEX-14AS3	esophagus-2	allelic_expression	25	0	0.357	0.214	0.102	0.19	0.085	0.017	0.035	not_skewed
GTEX-14BIM	esophagus-2	allelic_expression	34	0	0.45	0.225	0.094	0.225	0.091	0.016	0.032	not_skewed
GTEX-14BIN	esophagus-2	allelic_expression	26	0	0.5	0.1	0.102	0.12	0.108	0.021	0.044	not_skewed
GTEX-14BMU	esophagus-2	allelic_expression	30	0.071	0.5	0.369	0.178	0.335	0.126	0.023	0.047	skewed
GTEX-14DAQ	esophagus-2	allelic_expression	33	0.056	0.5	0.318	0.135	0.303	0.102	0.018	0.036	skewed
GTEX-14H4A	esophagus-2	allelic_expression	35	0	0.5	0.186	0.142	0.199	0.126	0.021	0.043	not_skewed
GTEX-14JG6	esophagus-2	allelic_expression	43	0	0.375	0.119	0.088	0.128	0.08	0.012	0.025	not_skewed
GTEX-14PHY	esophagus-2	allelic_expression	48	0	0.5	0.092	0.16	0.131	0.115	0.017	0.033	not_skewed
GTEX-14PJ5	esophagus-2	allelic_expression	14	0.25	0.5	0.36	0.061	0.365	0.075	0.02	0.043	skewed
GTEX-14PJ6	esophagus-2	allelic_expression	32	0.038	0.5	0.162	0.125	0.191	0.111	0.02	0.04	not_skewed
GTEX-14PK6	esophagus-2	allelic_expression	36	0	0.326	0.059	0.077	0.078	0.071	0.012	0.024	not_skewed
GTEX-14PKV	esophagus-2	allelic_expression	25	0.048	0.333	0.21	0.103	0.194	0.073	0.015	0.03	not_skewed
GTEX-15DCD	esophagus-2	allelic_expression	35	0	0.389	0.115	0.091	0.133	0.085	0.014	0.029	not_skewed
GTEX-15DCZ	esophagus-2	allelic_expression	25	0.071	0.5	0.266	0.148	0.268	0.11	0.022	0.045	skewed
GTEX-15DYW	esophagus-2	allelic_expression	29	0	0.5	0.2	0.211	0.218	0.13	0.024	0.05	not_skewed
GTEX-15EOM	esophagus-2	allelic_expression	23	0	0.214	0.043	0.096	0.075	0.067	0.014	0.029	not_skewed
GTEX-15ETS	esophagus-2	allelic_expression	32	0.038	0.5	0.377	0.093	0.351	0.106	0.019	0.038	skewed
GTEX-15FZZ	esophagus-2	allelic_expression	50	0.035	0.5	0.333	0.074	0.321	0.098	0.014	0.028	skewed
GTEX-15SB6	esophagus-2	allelic_expression	35	0	0.357	0.177	0.089	0.168	0.08	0.014	0.028	not_skewed
GTEX-15SHU	esophagus-2	allelic_expression	27	0.045	0.413	0.25	0.095	0.241	0.096	0.018	0.038	skewed
GTEX-15UF6	esophagus-2	allelic_expression	36	0.027	0.413	0.132	0.123	0.149	0.087	0.015	0.029	not_skewed
GTEX-16A39	esophagus-2	allelic_expression	34	0	0.5	0.269	0.113	0.268	0.108	0.018	0.038	skewed
GTEX-16BQI	esophagus-2	allelic_expression	42	0.106	0.5	0.415	0.06	0.4	0.074	0.011	0.023	skewed
GTEX-16MT8	esophagus-2	allelic_expression	32	0.068	0.5	0.377	0.172	0.352	0.12	0.021	0.043	skewed
GTEX-16NGA	esophagus-2	allelic_expression	60	0.071	0.5	0.287	0.1	0.287	0.095	0.012	0.025	skewed
GTEX-17F98	esophagus-2	allelic_expression	25	0	0.385	0.129	0.083	0.138	0.086	0.017	0.035	not_skewed
GTEX-17JCI	esophagus-2	allelic_expression	22	0.017	0.357	0.139	0.137	0.158	0.096	0.021	0.043	not_skewed
GTEX-183WM	esophagus-2	allelic_expression	38	0.16	0.458	0.342	0.073	0.337	0.068	0.011	0.022	skewed
GTEX-18A7A	esophagus-2	allelic_expression	33	0	0.499	0.284	0.111	0.271	0.106	0.018	0.038	skewed
GTEX-18D9A	esophagus-2	allelic_expression	27	0	0.3	0.125	0.071	0.121	0.067	0.013	0.027	not_skewed
GTEX-1A32A	esophagus-2	allelic_expression	32	0	0.5	0.359	0.106	0.344	0.117	0.021	0.042	skewed
GTEX-1A8FM	esophagus-2	allelic_expression	40	0	0.3	0.062	0.114	0.09	0.08	0.013	0.026	not_skewed
GTEX-1AMEY	esophagus-2	allelic_expression	34	0	0.5	0.087	0.093	0.1	0.097	0.017	0.034	not_skewed
GTEX-1AMFI	esophagus-2	allelic_expression	44	0	0.389	0.092	0.115	0.107	0.086	0.013	0.026	not_skewed
GTEX-1B932	esophagus-2	allelic_expression	44	0	0.5	0.113	0.098	0.133	0.109	0.016	0.033	not_skewed
GTEX-1B97J	esophagus-2	allelic_expression	38	0.008	0.5	0.087	0.078	0.103	0.091	0.015	0.03	not_skewed
GTEX-1C475	esophagus-2	allelic_expression	41	0.017	0.429	0.111	0.12	0.123	0.093	0.015	0.029	not_skewed
GTEX-1CB4H	esophagus-2	allelic_expression	35	0	0.5	0.141	0.174	0.166	0.133	0.022	0.046	not_skewed
GTEX-1EWIQ	esophagus-2	allelic_expression	26	0.025	0.5	0.137	0.135	0.16	0.113	0.022	0.046	not_skewed
GTEX-1F52S	esophagus-2	allelic_expression	28	0	0.498	0.04	0.1	0.099	0.128	0.024	0.05	not_skewed
GTEX-1F5PL	esophagus-2	allelic_expression	41	0	0.5	0.09	0.116	0.119	0.105	0.016	0.033	not_skewed
GTEX-1F7RK	esophagus-2	allelic_expression	24	0	0.3	0.071	0.048	0.089	0.068	0.014	0.029	not_skewed
GTEX-1F88F	esophagus-2	allelic_expression	23	0	0.457	0.136	0.123	0.165	0.118	0.025	0.051	not_skewed
GTEX-1GF9U	esophagus-2	allelic_expression	37	0.125	0.5	0.349	0.123	0.337	0.094	0.015	0.031	skewed
GTEX-1GN1W	esophagus-2	allelic_expression	46	0	0.5	0.168	0.148	0.187	0.129	0.019	0.038	not_skewed
GTEX-1HBPH	esophagus-2	allelic_expression	32	0	0.357	0.129	0.109	0.144	0.09	0.016	0.033	not_skewed
GTEX-1HBPM	esophagus-2	allelic_expression	32	0	0.346	0.099	0.172	0.138	0.099	0.017	0.036	not_skewed
GTEX-1HC8U	esophagus-2	allelic_expression	68	0.056	0.5	0.346	0.099	0.328	0.091	0.011	0.022	skewed
GTEX-1HCU8	esophagus-2	allelic_expression	44	0.071	0.5	0.417	0.1	0.403	0.094	0.014	0.029	skewed
GTEX-1HCUA	esophagus-2	allelic_expression	54	0.017	0.5	0.144	0.092	0.158	0.085	0.012	0.023	not_skewed
GTEX-1HFI7	esophagus-2	allelic_expression	35	0.151	0.5	0.37	0.087	0.349	0.083	0.014	0.029	skewed
GTEX-1HSGN	esophagus-2	allelic_expression	63	0	0.5	0.242	0.101	0.224	0.104	0.013	0.026	not_skewed
GTEX-1I1CD	esophagus-2	allelic_expression	33	0	0.5	0.357	0.23	0.31	0.146	0.025	0.052	skewed
GTEX-1I1GT	esophagus-2	allelic_expression	27	0	0.4	0.133	0.154	0.159	0.109	0.021	0.043	not_skewed
GTEX-1I4MK	esophagus-2	allelic_expression	52	0.294	0.5	0.475	0.048	0.463	0.049	0.007	0.014	skewed
GTEX-1ICG6	esophagus-2	allelic_expression	41	0.008	0.5	0.134	0.171	0.175	0.145	0.023	0.046	not_skewed
GTEX-1IDJU	esophagus-2	allelic_expression	54	0.043	0.5	0.143	0.113	0.167	0.109	0.015	0.03	not_skewed
GTEX-1IKOE	esophagus-2	allelic_expression	55	0	0.5	0.125	0.093	0.156	0.113	0.015	0.03	not_skewed
GTEX-1J8EW	esophagus-2	allelic_expression	37	0	0.375	0.08	0.07	0.108	0.081	0.013	0.027	not_skewed
GTEX-1J8QM	esophagus-2	allelic_expression	44	0.006	0.375	0.067	0.075	0.099	0.092	0.014	0.028	not_skewed
GTEX-1K9T9	esophagus-2	allelic_expression	37	0	0.375	0.116	0.088	0.128	0.082	0.014	0.027	not_skewed
GTEX-1LGOU	esophagus-2	allelic_expression	51	0	0.5	0.09	0.137	0.125	0.11	0.015	0.031	not_skewed
GTEX-1LH75	esophagus-2	allelic_expression	38	0.071	0.5	0.263	0.117	0.277	0.087	0.014	0.029	skewed
GTEX-1LNCM	esophagus-2	allelic_expression	33	0	0.5	0.19	0.133	0.196	0.12	0.021	0.042	not_skewed
GTEX-1LVAM	esophagus-2	allelic_expression	47	0.057	0.5	0.352	0.197	0.308	0.13	0.019	0.038	skewed
GTEX-1LVAN	esophagus-2	allelic_expression	27	0.043	0.375	0.116	0.095	0.144	0.076	0.015	0.03	not_skewed
GTEX-1MA7W	esophagus-2	allelic_expression	39	0.056	0.449	0.287	0.131	0.272	0.091	0.015	0.03	skewed
GTEX-1MCC2	esophagus-2	allelic_expression	65	0	0.5	0.073	0.133	0.116	0.115	0.014	0.029	not_skewed
GTEX-1MCYP	esophagus-2	allelic_expression	39	0	0.346	0.071	0.081	0.084	0.073	0.012	0.024	not_skewed
GTEX-1NUQO	esophagus-2	allelic_expression	41	0	0.5	0.154	0.099	0.166	0.103	0.016	0.032	not_skewed
GTEX-1QCLZ	esophagus-2	allelic_expression	36	0	0.227	0.061	0.067	0.075	0.058	0.01	0.02	not_skewed
GTEX-1QEPI	esophagus-2	allelic_expression	32	0.002	0.357	0.119	0.15	0.137	0.091	0.016	0.033	not_skewed
GTEX-1QP28	esophagus-2	allelic_expression	56	0	0.5	0.132	0.107	0.149	0.113	0.015	0.03	not_skewed
GTEX-1QP67	esophagus-2	allelic_expression	45	0	0.375	0.108	0.111	0.118	0.085	0.013	0.025	not_skewed
GTEX-1QPFJ	esophagus-2	allelic_expression	50	0	0.5	0.095	0.106	0.119	0.125	0.018	0.036	not_skewed
GTEX-1R9JW	esophagus-2	allelic_expression	23	0	0.288	0.14	0.1	0.151	0.074	0.015	0.032	not_skewed
GTEX-1RDX4	esophagus-2	allelic_expression	21	0	0.375	0.083	0.156	0.117	0.111	0.024	0.05	not_skewed
GTEX-OHPL	esophagus-2	allelic_expression	45	0.052	0.5	0.227	0.092	0.23	0.09	0.013	0.027	not_skewed
GTEX-OHPN	esophagus-2	allelic_expression	22	0.038	0.371	0.25	0.166	0.234	0.113	0.024	0.05	skewed
GTEX-P78B	esophagus-2	allelic_expression	28	0.014	0.5	0.177	0.13	0.167	0.106	0.02	0.041	not_skewed
GTEX-PWCY	esophagus-2	allelic_expression	31	0.01	0.315	0.122	0.112	0.132	0.082	0.015	0.03	not_skewed
GTEX-PWN1	esophagus-2	allelic_expression	29	0.071	0.409	0.288	0.065	0.285	0.075	0.014	0.028	skewed
GTEX-PX3G	esophagus-2	allelic_expression	38	0	0.5	0.24	0.217	0.229	0.13	0.021	0.043	not_skewed
GTEX-QCQG	esophagus-2	allelic_expression	36	0	0.499	0.151	0.17	0.157	0.117	0.02	0.04	not_skewed
GTEX-R45C	esophagus-2	allelic_expression	33	0.045	0.5	0.239	0.117	0.248	0.114	0.02	0.04	not_skewed
GTEX-S4P3	esophagus-2	allelic_expression	22	0	0.5	0.08	0.112	0.111	0.113	0.024	0.05	not_skewed
GTEX-T2IS	esophagus-2	allelic_expression	36	0	0.375	0.057	0.103	0.087	0.079	0.013	0.027	not_skewed
GTEX-TML8	esophagus-2	allelic_expression	25	0.011	0.423	0.179	0.091	0.184	0.1	0.02	0.041	not_skewed
GTEX-TMMY	esophagus-2	allelic_expression	34	0	0.5	0.077	0.098	0.11	0.102	0.017	0.036	not_skewed
GTEX-UJHI	esophagus-2	allelic_expression	36	0	0.4	0.099	0.087	0.103	0.077	0.013	0.026	not_skewed
GTEX-UPIC	esophagus-2	allelic_expression	42	0.467	0.5	0.5	0	0.499	0.005	0.001	0.002	skewed
GTEX-WRHK	esophagus-2	allelic_expression	28	0	0.5	0.186	0.134	0.198	0.114	0.022	0.044	not_skewed
GTEX-WXYG	esophagus-2	allelic_expression	38	0	0.286	0.13	0.1	0.122	0.079	0.013	0.026	not_skewed
GTEX-X8HC	esophagus-2	allelic_expression	32	0	0.5	0.173	0.112	0.18	0.111	0.02	0.04	not_skewed
GTEX-XMD2	esophagus-2	allelic_expression	31	0	0.286	0.098	0.062	0.099	0.07	0.012	0.026	not_skewed
GTEX-XUJ4	esophagus-2	allelic_expression	29	0	0.5	0.24	0.147	0.248	0.122	0.023	0.046	not_skewed
GTEX-XUZC	esophagus-2	allelic_expression	35	0	0.429	0.056	0.06	0.08	0.081	0.014	0.028	not_skewed
GTEX-XV7Q	esophagus-2	allelic_expression	47	0	0.498	0.045	0.08	0.077	0.087	0.013	0.025	not_skewed
GTEX-XYKS	esophagus-2	allelic_expression	37	0	0.241	0.05	0.056	0.064	0.059	0.01	0.02	not_skewed
GTEX-Y3IK	esophagus-2	allelic_expression	37	0	0.5	0.154	0.106	0.166	0.109	0.018	0.036	not_skewed
GTEX-Y5LM	esophagus-2	allelic_expression	30	0	0.5	0.131	0.131	0.142	0.109	0.02	0.041	not_skewed
GTEX-Y5V5	esophagus-2	allelic_expression	32	0	0.5	0.067	0.097	0.093	0.1	0.018	0.036	not_skewed
GTEX-Y8LW	esophagus-2	allelic_expression	31	0	0.286	0.127	0.081	0.123	0.067	0.012	0.024	not_skewed
GTEX-YB5K	esophagus-2	allelic_expression	37	0.004	0.357	0.1	0.096	0.107	0.083	0.014	0.028	not_skewed
GTEX-ZAJG	esophagus-2	allelic_expression	40	0	0.357	0.189	0.091	0.18	0.084	0.013	0.027	not_skewed
GTEX-ZAK1	esophagus-2	allelic_expression	26	0	0.5	0.126	0.084	0.157	0.122	0.024	0.049	not_skewed
GTEX-ZC5H	esophagus-2	allelic_expression	30	0.022	0.364	0.12	0.129	0.152	0.091	0.017	0.034	not_skewed
GTEX-ZF29	esophagus-2	allelic_expression	43	0	0.5	0.373	0.236	0.319	0.153	0.023	0.047	skewed
GTEX-ZF2S	esophagus-2	allelic_expression	30	0	0.333	0.093	0.089	0.109	0.084	0.015	0.031	not_skewed
GTEX-ZF3C	esophagus-2	allelic_expression	30	0.2	0.5	0.375	0.111	0.371	0.083	0.015	0.031	skewed
GTEX-ZGAY	esophagus-2	allelic_expression	30	0.017	0.312	0.099	0.076	0.113	0.083	0.015	0.031	not_skewed
GTEX-ZLV1	esophagus-2	allelic_expression	26	0	0.375	0.233	0.111	0.195	0.092	0.018	0.037	not_skewed
GTEX-ZLWG	esophagus-2	allelic_expression	39	0.028	0.5	0.326	0.119	0.308	0.104	0.017	0.034	skewed
GTEX-ZP4G	esophagus-2	allelic_expression	42	0.006	0.5	0.098	0.131	0.12	0.105	0.016	0.033	not_skewed
GTEX-ZPCL	esophagus-2	allelic_expression	36	0.071	0.5	0.32	0.091	0.327	0.102	0.017	0.034	skewed
GTEX-ZTPG	esophagus-2	allelic_expression	24	0	0.5	0.113	0.07	0.135	0.111	0.023	0.047	not_skewed
GTEX-ZV68	esophagus-2	allelic_expression	29	0	0.357	0.15	0.122	0.164	0.091	0.017	0.035	not_skewed
GTEX-ZVT2	esophagus-2	allelic_expression	30	0.1	0.5	0.444	0.106	0.422	0.092	0.017	0.034	skewed
GTEX-ZVT3	esophagus-2	allelic_expression	38	0	0.385	0.148	0.147	0.159	0.092	0.015	0.03	not_skewed
GTEX-ZXES	esophagus-2	allelic_expression	30	0.2	0.5	0.451	0.084	0.433	0.074	0.013	0.028	skewed
GTEX-ZYFG	esophagus-2	allelic_expression	34	0.3	0.5	0.5	0.045	0.471	0.045	0.008	0.016	skewed
GTEX-ZYVF	esophagus-2	allelic_expression	29	0.385	0.5	0.5	0.016	0.483	0.032	0.006	0.012	skewed
GTEX-ZYWO	esophagus-2	allelic_expression	49	0	0.389	0.095	0.103	0.12	0.087	0.012	0.025	not_skewed
GTEX-ZYY3	esophagus-2	allelic_expression	34	0.214	0.5	0.476	0.05	0.462	0.056	0.01	0.02	skewed
GTEX-1117F	salivary gland	allelic_expression	57	0.125	0.5	0.364	0.116	0.36	0.095	0.013	0.025	skewed
GTEX-11EMC	salivary gland	allelic_expression	23	0	0.294	0.136	0.115	0.13	0.072	0.015	0.031	not_skewed
GTEX-11P81	salivary gland	allelic_expression	50	0.1	0.5	0.294	0.115	0.293	0.094	0.013	0.027	skewed
GTEX-11ZTS	salivary gland	allelic_expression	30	0	0.499	0.15	0.189	0.175	0.117	0.021	0.044	not_skewed
GTEX-11ZTT	salivary gland	allelic_expression	52	0.056	0.5	0.322	0.16	0.304	0.123	0.017	0.034	skewed
GTEX-13113	salivary gland	allelic_expression	46	0.033	0.5	0.177	0.106	0.195	0.105	0.015	0.031	not_skewed
GTEX-13OVI	salivary gland	allelic_expression	61	0	0.5	0.2	0.161	0.215	0.117	0.015	0.03	not_skewed
GTEX-13QBU	salivary gland	allelic_expression	40	0.002	0.498	0.128	0.102	0.13	0.096	0.015	0.031	not_skewed
GTEX-13QJC	salivary gland	allelic_expression	30	0.071	0.5	0.278	0.152	0.311	0.117	0.021	0.044	skewed
GTEX-13VXT	salivary gland	allelic_expression	45	0	0.389	0.093	0.095	0.122	0.088	0.013	0.026	not_skewed
GTEX-146FR	salivary gland	allelic_expression	37	0.048	0.375	0.167	0.097	0.176	0.078	0.013	0.026	not_skewed
GTEX-15CHC	salivary gland	allelic_expression	46	0.064	0.5	0.265	0.123	0.272	0.101	0.015	0.03	skewed
GTEX-1AMEY	salivary gland	allelic_expression	35	0	0.5	0.125	0.117	0.15	0.102	0.017	0.035	not_skewed
GTEX-1B932	salivary gland	allelic_expression	36	0	0.4	0.1	0.094	0.112	0.083	0.014	0.028	not_skewed
GTEX-1B97J	salivary gland	allelic_expression	38	0.068	0.5	0.236	0.066	0.239	0.1	0.016	0.033	not_skewed
GTEX-1GF9X	salivary gland	allelic_expression	42	0	0.5	0.158	0.13	0.146	0.11	0.017	0.034	not_skewed
GTEX-1GN1W	salivary gland	allelic_expression	44	0	0.5	0.135	0.178	0.149	0.114	0.017	0.035	not_skewed
GTEX-1H1CY	salivary gland	allelic_expression	54	0	0.5	0.192	0.167	0.193	0.109	0.015	0.03	not_skewed
GTEX-1HFI7	salivary gland	allelic_expression	44	0.045	0.45	0.314	0.104	0.284	0.091	0.014	0.028	skewed
GTEX-1HSGN	salivary gland	allelic_expression	67	0	0.5	0.095	0.136	0.126	0.115	0.014	0.028	not_skewed
GTEX-1I4MK	salivary gland	allelic_expression	59	0.214	0.5	0.406	0.074	0.403	0.066	0.009	0.017	skewed
GTEX-1IDJI	salivary gland	allelic_expression	56	0	0.389	0.147	0.107	0.16	0.087	0.012	0.023	not_skewed
GTEX-1IE54	salivary gland	allelic_expression	43	0	0.5	0.097	0.109	0.119	0.09	0.014	0.028	not_skewed
GTEX-1J8EW	salivary gland	allelic_expression	49	0	0.357	0.05	0.106	0.083	0.08	0.011	0.023	not_skewed
GTEX-1J8QM	salivary gland	allelic_expression	54	0	0.5	0.21	0.116	0.204	0.091	0.012	0.025	not_skewed
GTEX-1JN1M	salivary gland	allelic_expression	47	0.045	0.5	0.25	0.088	0.249	0.098	0.014	0.029	skewed
GTEX-1KANC	salivary gland	allelic_expression	49	0	0.389	0.124	0.111	0.124	0.089	0.013	0.026	not_skewed
GTEX-1LKK1	salivary gland	allelic_expression	48	0	0.427	0.086	0.127	0.117	0.107	0.015	0.031	not_skewed
GTEX-1MCC2	salivary gland	allelic_expression	82	0	0.5	0.086	0.14	0.113	0.112	0.012	0.025	not_skewed
GTEX-1OJC4	salivary gland	allelic_expression	49	0.014	0.5	0.3	0.122	0.29	0.107	0.015	0.031	skewed
GTEX-1PIEJ	salivary gland	allelic_expression	38	0.056	0.5	0.314	0.095	0.31	0.097	0.016	0.032	skewed
GTEX-1POEN	salivary gland	allelic_expression	37	0	0.375	0.096	0.152	0.112	0.093	0.015	0.031	not_skewed
GTEX-1QCLZ	salivary gland	allelic_expression	34	0.026	0.333	0.134	0.123	0.144	0.082	0.014	0.029	not_skewed
GTEX-1QEPI	salivary gland	allelic_expression	60	0	0.409	0.133	0.135	0.156	0.11	0.014	0.028	not_skewed
GTEX-1R9PO	salivary gland	allelic_expression	49	0	0.5	0.152	0.119	0.172	0.104	0.015	0.03	not_skewed
GTEX-1S82P	salivary gland	allelic_expression	48	0	0.5	0.335	0.115	0.325	0.099	0.014	0.029	skewed
GTEX-XV7Q	salivary gland	allelic_expression	45	0.147	0.5	0.283	0.087	0.292	0.075	0.011	0.022	skewed
GTEX-XYKS	salivary gland	allelic_expression	51	0.005	0.324	0.132	0.102	0.138	0.075	0.01	0.021	not_skewed
GTEX-Y5LM	salivary gland	allelic_expression	25	0	0.423	0.067	0.128	0.115	0.114	0.023	0.047	not_skewed
GTEX-YB5K	salivary gland	allelic_expression	38	0.007	0.305	0.075	0.106	0.099	0.078	0.013	0.025	not_skewed
GTEX-ZC5H	salivary gland	allelic_expression	43	0.019	0.423	0.094	0.07	0.124	0.102	0.016	0.031	not_skewed
GTEX-ZE7O	salivary gland	allelic_expression	32	0.024	0.389	0.196	0.149	0.193	0.107	0.019	0.039	not_skewed
GTEX-ZF29	salivary gland	allelic_expression	41	0	0.5	0.161	0.159	0.172	0.113	0.018	0.036	not_skewed
GTEX-ZLWG	salivary gland	allelic_expression	40	0	0.5	0.075	0.135	0.112	0.12	0.019	0.038	not_skewed
GTEX-ZP4G	salivary gland	allelic_expression	38	0	0.5	0.231	0.172	0.224	0.128	0.021	0.042	not_skewed
GTEX-1117F	skin-1	allelic_expression	47	0.029	0.5	0.237	0.091	0.243	0.096	0.014	0.028	not_skewed
GTEX-1122O	skin-1	allelic_expression	41	0.188	0.5	0.4	0.082	0.391	0.081	0.013	0.025	skewed
GTEX-11DXX	skin-1	allelic_expression	39	0	0.5	0.056	0.063	0.085	0.1	0.016	0.032	not_skewed
GTEX-11EM3	skin-1	allelic_expression	44	0	0.5	0.102	0.143	0.132	0.115	0.017	0.035	not_skewed
GTEX-11P81	skin-1	allelic_expression	39	0.045	0.423	0.206	0.103	0.197	0.082	0.013	0.027	not_skewed
GTEX-11VI4	skin-1	allelic_expression	37	0.017	0.417	0.224	0.099	0.226	0.087	0.014	0.029	not_skewed
GTEX-11ZTT	skin-1	allelic_expression	40	0	0.375	0.062	0.105	0.098	0.085	0.014	0.027	not_skewed
GTEX-1211K	skin-1	allelic_expression	39	0	0.45	0.167	0.111	0.175	0.093	0.015	0.03	not_skewed
GTEX-1269C	skin-1	allelic_expression	27	0.071	0.389	0.25	0.125	0.236	0.085	0.016	0.033	skewed
GTEX-12WS9	skin-1	allelic_expression	36	0.115	0.5	0.359	0.094	0.365	0.082	0.014	0.028	skewed
GTEX-12WSB	skin-1	allelic_expression	37	0	0.5	0.136	0.112	0.159	0.102	0.017	0.034	not_skewed
GTEX-12WSJ	skin-1	allelic_expression	25	0	0.2	0.079	0.069	0.085	0.056	0.011	0.023	not_skewed
GTEX-12WSK	skin-1	allelic_expression	44	0.056	0.5	0.262	0.107	0.259	0.093	0.014	0.028	skewed
GTEX-12ZZX	skin-1	allelic_expression	36	0	0.389	0.145	0.126	0.154	0.085	0.014	0.029	not_skewed
GTEX-13113	skin-1	allelic_expression	47	0.056	0.5	0.25	0.16	0.251	0.107	0.016	0.031	skewed
GTEX-1313W	skin-1	allelic_expression	31	0.074	0.357	0.205	0.142	0.204	0.085	0.015	0.031	not_skewed
GTEX-131XG	skin-1	allelic_expression	32	0.056	0.5	0.353	0.154	0.321	0.121	0.021	0.044	skewed
GTEX-131XW	skin-1	allelic_expression	28	0.32	0.5	0.494	0.038	0.473	0.042	0.008	0.016	skewed
GTEX-132AR	skin-1	allelic_expression	31	0	0.409	0.167	0.152	0.18	0.106	0.019	0.039	not_skewed
GTEX-133LE	skin-1	allelic_expression	25	0.071	0.498	0.31	0.079	0.298	0.087	0.017	0.036	skewed
GTEX-1399S	skin-1	allelic_expression	32	0	0.5	0.115	0.109	0.143	0.104	0.018	0.038	not_skewed
GTEX-1399U	skin-1	allelic_expression	34	0	0.463	0.1	0.085	0.111	0.093	0.016	0.033	not_skewed
GTEX-139D8	skin-1	allelic_expression	35	0.042	0.5	0.333	0.151	0.322	0.107	0.018	0.037	skewed
GTEX-13D11	skin-1	allelic_expression	40	0.045	0.5	0.292	0.098	0.277	0.094	0.015	0.03	skewed
GTEX-13FH7	skin-1	allelic_expression	39	0	0.433	0.081	0.157	0.124	0.108	0.017	0.035	not_skewed
GTEX-13FTX	skin-1	allelic_expression	42	0.029	0.5	0.25	0.133	0.254	0.108	0.017	0.034	skewed
GTEX-13FTY	skin-1	allelic_expression	34	0	0.5	0.088	0.13	0.127	0.13	0.022	0.045	not_skewed
GTEX-13JUV	skin-1	allelic_expression	60	0	0.402	0.243	0.115	0.227	0.094	0.012	0.024	not_skewed
GTEX-13N11	skin-1	allelic_expression	57	0	0.5	0.115	0.1	0.14	0.1	0.013	0.026	not_skewed
GTEX-13NZ8	skin-1	allelic_expression	24	0	0.5	0.203	0.123	0.214	0.125	0.026	0.053	not_skewed
GTEX-13O3O	skin-1	allelic_expression	44	0	0.5	0.319	0.116	0.297	0.114	0.017	0.035	skewed
GTEX-13OVI	skin-1	allelic_expression	55	0	0.5	0.109	0.123	0.132	0.119	0.016	0.032	not_skewed
GTEX-13PL6	skin-1	allelic_expression	29	0.033	0.5	0.214	0.125	0.217	0.108	0.02	0.041	not_skewed
GTEX-13PVR	skin-1	allelic_expression	38	0	0.25	0.082	0.112	0.098	0.077	0.013	0.025	not_skewed
GTEX-13QBU	skin-1	allelic_expression	44	0	0.5	0.1	0.083	0.12	0.113	0.017	0.034	not_skewed
GTEX-13QJC	skin-1	allelic_expression	30	0	0.5	0.212	0.159	0.221	0.13	0.024	0.049	not_skewed
GTEX-13SLX	skin-1	allelic_expression	39	0.038	0.5	0.284	0.143	0.269	0.111	0.018	0.036	skewed
GTEX-13U4I	skin-1	allelic_expression	32	0	0.469	0.095	0.115	0.124	0.107	0.019	0.039	not_skewed
GTEX-13VXT	skin-1	allelic_expression	47	0	0.5	0.1	0.128	0.128	0.12	0.017	0.035	not_skewed
GTEX-13W3W	skin-1	allelic_expression	39	0	0.25	0.071	0.082	0.087	0.067	0.011	0.022	not_skewed
GTEX-13X6H	skin-1	allelic_expression	43	0	0.3	0.083	0.088	0.089	0.074	0.011	0.023	not_skewed
GTEX-13X6K	skin-1	allelic_expression	41	0	0.3	0.094	0.084	0.097	0.065	0.01	0.021	not_skewed
GTEX-145LS	skin-1	allelic_expression	32	0	0.292	0.092	0.062	0.102	0.072	0.013	0.026	not_skewed
GTEX-145MI	skin-1	allelic_expression	42	0	0.5	0.402	0.08	0.395	0.087	0.013	0.027	skewed
GTEX-147F3	skin-1	allelic_expression	29	0	0.409	0.079	0.089	0.122	0.11	0.02	0.042	not_skewed
GTEX-14AS3	skin-1	allelic_expression	31	0.014	0.375	0.122	0.105	0.133	0.08	0.014	0.029	not_skewed
GTEX-14BIN	skin-1	allelic_expression	32	0	0.5	0.134	0.127	0.151	0.097	0.017	0.035	not_skewed
GTEX-14BMU	skin-1	allelic_expression	43	0	0.5	0.107	0.116	0.131	0.119	0.018	0.037	not_skewed
GTEX-14DAQ	skin-1	allelic_expression	37	0.167	0.5	0.387	0.105	0.389	0.082	0.013	0.027	skewed
GTEX-14JG6	skin-1	allelic_expression	42	0	0.32	0.056	0.109	0.088	0.076	0.012	0.024	not_skewed
GTEX-14LLW	skin-1	allelic_expression	34	0.071	0.5	0.317	0.105	0.305	0.1	0.017	0.035	skewed
GTEX-14LZ3	skin-1	allelic_expression	40	0.038	0.5	0.359	0.074	0.341	0.089	0.014	0.028	skewed
GTEX-14PHY	skin-1	allelic_expression	37	0.014	0.318	0.18	0.122	0.166	0.082	0.013	0.027	not_skewed
GTEX-14PJ5	skin-1	allelic_expression	29	0	0.5	0.429	0.076	0.406	0.109	0.02	0.042	skewed
GTEX-14PJ6	skin-1	allelic_expression	32	0	0.417	0.08	0.155	0.131	0.109	0.019	0.039	not_skewed
GTEX-14PK6	skin-1	allelic_expression	33	0.006	0.5	0.194	0.181	0.2	0.119	0.021	0.042	not_skewed
GTEX-14PKU	skin-1	allelic_expression	34	0.01	0.5	0.096	0.1	0.112	0.097	0.017	0.034	not_skewed
GTEX-14PKV	skin-1	allelic_expression	29	0.009	0.429	0.158	0.126	0.165	0.107	0.02	0.041	not_skewed
GTEX-14XAO	skin-1	allelic_expression	30	0	0.5	0.189	0.167	0.192	0.128	0.023	0.048	not_skewed
GTEX-15CHC	skin-1	allelic_expression	40	0.125	0.5	0.429	0.088	0.411	0.082	0.013	0.026	skewed
GTEX-15DCZ	skin-1	allelic_expression	25	0	0.5	0.136	0.109	0.161	0.128	0.026	0.053	not_skewed
GTEX-15DDE	skin-1	allelic_expression	43	0	0.5	0.1	0.123	0.116	0.103	0.016	0.032	not_skewed
GTEX-15DYW	skin-1	allelic_expression	28	0.032	0.5	0.218	0.185	0.229	0.127	0.024	0.049	not_skewed
GTEX-15FZZ	skin-1	allelic_expression	42	0.02	0.5	0.403	0.166	0.362	0.129	0.02	0.04	skewed
GTEX-15UF6	skin-1	allelic_expression	42	0	0.409	0.075	0.118	0.111	0.095	0.015	0.03	not_skewed
GTEX-16BQI	skin-1	allelic_expression	41	0.167	0.5	0.333	0.1	0.339	0.086	0.013	0.027	skewed
GTEX-16MT8	skin-1	allelic_expression	39	0.02	0.5	0.176	0.134	0.183	0.1	0.016	0.032	not_skewed
GTEX-16MT9	skin-1	allelic_expression	31	0	0.324	0.071	0.081	0.108	0.096	0.017	0.035	not_skewed
GTEX-16NGA	skin-1	allelic_expression	59	0	0.5	0.333	0.135	0.32	0.113	0.015	0.029	skewed
GTEX-17F98	skin-1	allelic_expression	28	0	0.286	0.071	0.086	0.091	0.071	0.014	0.028	not_skewed
GTEX-17F9Y	skin-1	allelic_expression	34	0	0.5	0.081	0.075	0.117	0.113	0.019	0.04	not_skewed
GTEX-17HG3	skin-1	allelic_expression	43	0	0.423	0.214	0.154	0.211	0.11	0.017	0.034	not_skewed
GTEX-17JCI	skin-1	allelic_expression	34	0	0.214	0.073	0.112	0.079	0.066	0.011	0.023	not_skewed
GTEX-183WM	skin-1	allelic_expression	35	0	0.318	0.078	0.095	0.09	0.077	0.013	0.026	not_skewed
GTEX-18A7A	skin-1	allelic_expression	32	0.009	0.5	0.111	0.134	0.133	0.112	0.02	0.04	not_skewed
GTEX-18D9A	skin-1	allelic_expression	43	0	0.278	0.1	0.108	0.116	0.076	0.012	0.023	not_skewed
GTEX-19HZE	skin-1	allelic_expression	35	0	0.5	0.169	0.15	0.181	0.102	0.017	0.035	not_skewed
GTEX-1A32A	skin-1	allelic_expression	41	0.038	0.385	0.234	0.133	0.226	0.093	0.015	0.029	not_skewed
GTEX-1A3MW	skin-1	allelic_expression	44	0	0.389	0.064	0.094	0.103	0.102	0.015	0.031	not_skewed
GTEX-1A8FM	skin-1	allelic_expression	52	0.02	0.357	0.132	0.094	0.155	0.087	0.012	0.024	not_skewed
GTEX-1AMEY	skin-1	allelic_expression	34	0.007	0.346	0.087	0.095	0.11	0.085	0.015	0.03	not_skewed
GTEX-1AMFI	skin-1	allelic_expression	37	0	0.318	0.088	0.087	0.103	0.071	0.012	0.024	not_skewed
GTEX-1B932	skin-1	allelic_expression	49	0.071	0.5	0.357	0.123	0.324	0.116	0.017	0.033	skewed
GTEX-1C475	skin-1	allelic_expression	38	0.071	0.5	0.339	0.103	0.32	0.08	0.013	0.026	skewed
GTEX-1CAMS	skin-1	allelic_expression	29	0	0.5	0.223	0.2	0.231	0.128	0.024	0.049	not_skewed
GTEX-1CAV2	skin-1	allelic_expression	63	0	0.5	0.094	0.137	0.145	0.132	0.017	0.033	not_skewed
GTEX-1CB4H	skin-1	allelic_expression	34	0	0.5	0.071	0.1	0.108	0.104	0.018	0.036	not_skewed
GTEX-1EWIQ	skin-1	allelic_expression	38	0.1	0.5	0.257	0.131	0.272	0.105	0.017	0.034	skewed
GTEX-1F52S	skin-1	allelic_expression	41	0.01	0.5	0.074	0.112	0.106	0.094	0.015	0.03	not_skewed
GTEX-1F5PL	skin-1	allelic_expression	46	0.022	0.499	0.174	0.133	0.168	0.097	0.014	0.029	not_skewed
GTEX-1F6RS	skin-1	allelic_expression	32	0	0.5	0.077	0.096	0.104	0.102	0.018	0.037	not_skewed
GTEX-1F88E	skin-1	allelic_expression	27	0.071	0.5	0.298	0.152	0.291	0.114	0.022	0.045	skewed
GTEX-1F88F	skin-1	allelic_expression	31	0	0.357	0.201	0.086	0.193	0.076	0.014	0.028	not_skewed
GTEX-1GF9U	skin-1	allelic_expression	46	0.038	0.5	0.24	0.125	0.251	0.112	0.017	0.033	not_skewed
GTEX-1GF9X	skin-1	allelic_expression	42	0	0.4	0.088	0.073	0.114	0.095	0.015	0.03	not_skewed
GTEX-1GN1W	skin-1	allelic_expression	45	0	0.5	0.067	0.126	0.1	0.104	0.016	0.031	not_skewed
GTEX-1GZ4H	skin-1	allelic_expression	62	0	0.5	0.084	0.092	0.107	0.088	0.011	0.022	not_skewed
GTEX-1GZHY	skin-1	allelic_expression	45	0.071	0.5	0.409	0.085	0.403	0.091	0.014	0.027	skewed
GTEX-1H1CY	skin-1	allelic_expression	56	0	0.5	0.337	0.148	0.321	0.111	0.015	0.03	skewed
GTEX-1H1DF	skin-1	allelic_expression	40	0	0.286	0.15	0.102	0.148	0.071	0.011	0.023	not_skewed
GTEX-1H2FU	skin-1	allelic_expression	31	0	0.192	0.071	0.079	0.073	0.056	0.01	0.021	not_skewed
GTEX-1HBPH	skin-1	allelic_expression	46	0	0.5	0.092	0.124	0.119	0.103	0.015	0.03	not_skewed
GTEX-1HBPM	skin-1	allelic_expression	37	0	0.322	0.103	0.118	0.125	0.081	0.013	0.027	not_skewed
GTEX-1HC8U	skin-1	allelic_expression	70	0	0.45	0.087	0.137	0.116	0.099	0.012	0.024	not_skewed
GTEX-1HCU8	skin-1	allelic_expression	52	0.004	0.5	0.145	0.156	0.173	0.13	0.018	0.036	not_skewed
GTEX-1HCUA	skin-1	allelic_expression	49	0	0.5	0.071	0.086	0.101	0.097	0.014	0.028	not_skewed
GTEX-1HFI7	skin-1	allelic_expression	41	0.214	0.5	0.443	0.1	0.432	0.071	0.011	0.022	skewed
GTEX-1HSGN	skin-1	allelic_expression	60	0	0.5	0.212	0.124	0.213	0.108	0.014	0.028	not_skewed
GTEX-1I1CD	skin-1	allelic_expression	37	0.019	0.5	0.16	0.14	0.171	0.123	0.02	0.041	not_skewed
GTEX-1I1GT	skin-1	allelic_expression	26	0	0.357	0.137	0.126	0.151	0.095	0.019	0.038	not_skewed
GTEX-1I4MK	skin-1	allelic_expression	51	0	0.5	0.111	0.16	0.151	0.125	0.017	0.035	not_skewed
GTEX-1ICG6	skin-1	allelic_expression	39	0.143	0.5	0.331	0.112	0.34	0.088	0.014	0.028	skewed
GTEX-1IDJE	skin-1	allelic_expression	58	0.024	0.5	0.274	0.174	0.273	0.114	0.015	0.03	skewed
GTEX-1IDJI	skin-1	allelic_expression	62	0	0.342	0.082	0.085	0.09	0.068	0.009	0.017	not_skewed
GTEX-1IDJU	skin-1	allelic_expression	46	0	0.5	0.229	0.147	0.223	0.114	0.017	0.034	not_skewed
GTEX-1IE54	skin-1	allelic_expression	35	0	0.5	0.068	0.111	0.098	0.103	0.017	0.035	not_skewed
GTEX-1IKOE	skin-1	allelic_expression	53	0	0.5	0.125	0.104	0.14	0.106	0.015	0.029	not_skewed
GTEX-1J8EW	skin-1	allelic_expression	37	0	0.438	0.26	0.107	0.258	0.095	0.016	0.032	skewed
GTEX-1J8JJ	skin-1	allelic_expression	31	0	0.5	0.264	0.111	0.259	0.119	0.021	0.044	skewed
GTEX-1J8QM	skin-1	allelic_expression	49	0	0.389	0.183	0.087	0.18	0.077	0.011	0.022	not_skewed
GTEX-1JMOU	skin-1	allelic_expression	37	0.038	0.5	0.327	0.158	0.298	0.123	0.02	0.041	skewed
GTEX-1JMQL	skin-1	allelic_expression	44	0	0.5	0.079	0.14	0.121	0.124	0.019	0.038	not_skewed
GTEX-1JN1M	skin-1	allelic_expression	46	0	0.499	0.06	0.095	0.102	0.118	0.017	0.035	not_skewed
GTEX-1JN76	skin-1	allelic_expression	29	0	0.312	0.048	0.097	0.079	0.079	0.015	0.03	not_skewed
GTEX-1K9T9	skin-1	allelic_expression	40	0.037	0.5	0.201	0.129	0.219	0.11	0.017	0.035	not_skewed
GTEX-1KANC	skin-1	allelic_expression	53	0.019	0.5	0.415	0.079	0.4	0.104	0.014	0.029	skewed
GTEX-1LGOU	skin-1	allelic_expression	48	0	0.5	0.146	0.148	0.165	0.114	0.017	0.033	not_skewed
GTEX-1LKK1	skin-1	allelic_expression	37	0	0.389	0.083	0.112	0.096	0.087	0.014	0.029	not_skewed
GTEX-1LVAM	skin-1	allelic_expression	37	0	0.333	0.079	0.082	0.1	0.075	0.012	0.025	not_skewed
GTEX-1LVAN	skin-1	allelic_expression	27	0.038	0.417	0.25	0.11	0.24	0.088	0.017	0.035	skewed
GTEX-1MCC2	skin-1	allelic_expression	70	0.071	0.5	0.428	0.127	0.393	0.102	0.012	0.024	skewed
GTEX-1MCYP	skin-1	allelic_expression	29	0	0.333	0.071	0.111	0.109	0.089	0.017	0.034	not_skewed
GTEX-1NV5F	skin-1	allelic_expression	23	0	0.5	0.397	0.089	0.369	0.124	0.026	0.054	skewed
GTEX-1OJC4	skin-1	allelic_expression	34	0	0.5	0.214	0.108	0.22	0.104	0.018	0.036	not_skewed
GTEX-1PBJI	skin-1	allelic_expression	35	0	0.5	0.136	0.14	0.147	0.103	0.017	0.036	not_skewed
GTEX-1POEN	skin-1	allelic_expression	36	0	0.382	0.079	0.122	0.107	0.084	0.014	0.028	not_skewed
GTEX-1QCLZ	skin-1	allelic_expression	44	0	0.375	0.094	0.113	0.117	0.087	0.013	0.027	not_skewed
GTEX-1QEPI	skin-1	allelic_expression	49	0	0.5	0.088	0.105	0.107	0.101	0.014	0.029	not_skewed
GTEX-1QP28	skin-1	allelic_expression	46	0	0.5	0.055	0.153	0.123	0.135	0.02	0.04	not_skewed
GTEX-1QPFJ	skin-1	allelic_expression	50	0	0.5	0.1	0.116	0.13	0.108	0.015	0.031	not_skewed
GTEX-1R46S	skin-1	allelic_expression	27	0.026	0.5	0.344	0.069	0.334	0.109	0.021	0.043	skewed
GTEX-1R9PN	skin-1	allelic_expression	38	0	0.375	0.071	0.101	0.096	0.085	0.014	0.028	not_skewed
GTEX-1RDX4	skin-1	allelic_expression	41	0.033	0.5	0.273	0.122	0.265	0.113	0.018	0.036	skewed
GTEX-1S5ZU	skin-1	allelic_expression	37	0	0.5	0.114	0.118	0.154	0.107	0.018	0.036	not_skewed
GTEX-1S82P	skin-1	allelic_expression	41	0.029	0.5	0.167	0.117	0.198	0.111	0.017	0.035	not_skewed
GTEX-1S82U	skin-1	allelic_expression	40	0	0.5	0.22	0.137	0.206	0.108	0.017	0.035	not_skewed
GTEX-WI4N	skin-1	allelic_expression	23	0	0.5	0.083	0.126	0.122	0.131	0.027	0.057	not_skewed
GTEX-WRHU	skin-1	allelic_expression	29	0	0.357	0.1	0.069	0.1	0.073	0.014	0.028	not_skewed
GTEX-WXYG	skin-1	allelic_expression	44	0	0.5	0.161	0.128	0.167	0.107	0.016	0.033	not_skewed
GTEX-WYBS	skin-1	allelic_expression	35	0	0.4	0.179	0.152	0.163	0.1	0.017	0.034	not_skewed
GTEX-X8HC	skin-1	allelic_expression	36	0	0.5	0.207	0.119	0.215	0.104	0.017	0.035	not_skewed
GTEX-XMD2	skin-1	allelic_expression	35	0	0.438	0.197	0.085	0.197	0.098	0.017	0.034	not_skewed
GTEX-XOT4	skin-1	allelic_expression	32	0.015	0.4	0.115	0.107	0.139	0.086	0.015	0.031	not_skewed
GTEX-XUJ4	skin-1	allelic_expression	29	0	0.375	0.13	0.143	0.136	0.089	0.016	0.034	not_skewed
GTEX-XUW1	skin-1	allelic_expression	31	0	0.278	0.071	0.09	0.101	0.077	0.014	0.028	not_skewed
GTEX-XV7Q	skin-1	allelic_expression	47	0.085	0.5	0.219	0.073	0.222	0.081	0.012	0.024	not_skewed
GTEX-XYKS	skin-1	allelic_expression	46	0	0.5	0.092	0.084	0.123	0.1	0.015	0.03	not_skewed
GTEX-Y3IK	skin-1	allelic_expression	40	0	0.5	0.167	0.158	0.167	0.103	0.016	0.033	not_skewed
GTEX-Y5LM	skin-1	allelic_expression	25	0	0.289	0.109	0.123	0.129	0.087	0.017	0.036	not_skewed
GTEX-Y5V5	skin-1	allelic_expression	30	0.033	0.433	0.167	0.158	0.196	0.112	0.02	0.042	not_skewed
GTEX-Y8LW	skin-1	allelic_expression	33	0	0.375	0.112	0.069	0.115	0.078	0.014	0.028	not_skewed
GTEX-YB5K	skin-1	allelic_expression	37	0	0.346	0.094	0.103	0.104	0.07	0.011	0.023	not_skewed
GTEX-YJ8O	skin-1	allelic_expression	50	0.104	0.5	0.32	0.167	0.309	0.101	0.014	0.029	skewed
GTEX-ZAJG	skin-1	allelic_expression	44	0	0.5	0.323	0.122	0.311	0.114	0.017	0.035	skewed
GTEX-ZAK1	skin-1	allelic_expression	34	0	0.5	0.161	0.171	0.169	0.109	0.019	0.038	not_skewed
GTEX-ZC5H	skin-1	allelic_expression	36	0	0.4	0.137	0.114	0.144	0.088	0.015	0.03	not_skewed
GTEX-ZE7O	skin-1	allelic_expression	29	0.1	0.5	0.299	0.137	0.304	0.104	0.019	0.04	skewed
GTEX-ZF29	skin-1	allelic_expression	34	0	0.5	0.311	0.105	0.292	0.11	0.019	0.038	skewed
GTEX-ZF2S	skin-1	allelic_expression	30	0	0.357	0.143	0.107	0.152	0.091	0.017	0.034	not_skewed
GTEX-ZF3C	skin-1	allelic_expression	20	0.3	0.5	0.426	0.031	0.425	0.043	0.01	0.02	skewed
GTEX-ZGAY	skin-1	allelic_expression	32	0.071	0.447	0.287	0.092	0.285	0.08	0.014	0.029	skewed
GTEX-ZLV1	skin-1	allelic_expression	25	0.029	0.25	0.074	0.076	0.114	0.069	0.014	0.028	not_skewed
GTEX-ZLWG	skin-1	allelic_expression	45	0	0.5	0.167	0.141	0.193	0.121	0.018	0.036	not_skewed
GTEX-ZP4G	skin-1	allelic_expression	42	0	0.5	0.15	0.129	0.159	0.112	0.017	0.035	not_skewed
GTEX-ZPCL	skin-1	allelic_expression	32	0.083	0.5	0.379	0.129	0.381	0.097	0.017	0.035	skewed
GTEX-ZVT2	skin-1	allelic_expression	29	0.029	0.375	0.184	0.148	0.179	0.09	0.017	0.034	not_skewed
GTEX-ZVT4	skin-1	allelic_expression	45	0	0.5	0.044	0.056	0.075	0.093	0.014	0.028	not_skewed
GTEX-ZYFG	skin-1	allelic_expression	37	0	0.444	0.184	0.158	0.205	0.113	0.019	0.038	not_skewed
GTEX-ZYVF	skin-1	allelic_expression	28	0	0.496	0.115	0.117	0.145	0.111	0.021	0.043	not_skewed
GTEX-ZYWO	skin-1	allelic_expression	41	0	0.25	0.071	0.085	0.085	0.064	0.01	0.02	not_skewed
GTEX-ZYY3	skin-1	allelic_expression	33	0.192	0.5	0.364	0.106	0.363	0.071	0.012	0.025	skewed
GTEX-ZZPU	skin-1	allelic_expression	33	0.357	0.5	0.474	0.05	0.471	0.033	0.006	0.012	skewed
GTEX-1117F	vagina	allelic_expression	46	0.038	0.409	0.246	0.071	0.246	0.081	0.012	0.024	not_skewed
GTEX-113JC	vagina	allelic_expression	40	0	0.5	0.152	0.099	0.167	0.105	0.017	0.034	not_skewed
GTEX-11DXX	vagina	allelic_expression	41	0	0.499	0.073	0.095	0.103	0.091	0.014	0.029	not_skewed
GTEX-11EM3	vagina	allelic_expression	49	0.015	0.5	0.145	0.145	0.165	0.107	0.015	0.031	not_skewed
GTEX-11EMC	vagina	allelic_expression	25	0.014	0.357	0.149	0.206	0.161	0.11	0.022	0.045	not_skewed
GTEX-11I78	vagina	allelic_expression	43	0	0.423	0.167	0.131	0.195	0.095	0.014	0.029	not_skewed
GTEX-11P81	vagina	allelic_expression	37	0	0.5	0.214	0.147	0.217	0.123	0.02	0.041	not_skewed
GTEX-11TTK	vagina	allelic_expression	31	0	0.273	0.071	0.08	0.093	0.074	0.013	0.027	not_skewed
GTEX-11VI4	vagina	allelic_expression	37	0.026	0.389	0.191	0.11	0.183	0.095	0.016	0.032	not_skewed
GTEX-11XUK	vagina	allelic_expression	38	0.071	0.409	0.303	0.126	0.287	0.09	0.015	0.03	skewed
GTEX-12WSB	vagina	allelic_expression	34	0.008	0.5	0.167	0.106	0.172	0.101	0.017	0.035	not_skewed
GTEX-12WSJ	vagina	allelic_expression	34	0.016	0.5	0.095	0.111	0.131	0.108	0.018	0.038	not_skewed
GTEX-12ZZX	vagina	allelic_expression	51	0.006	0.346	0.088	0.074	0.102	0.079	0.011	0.022	not_skewed
GTEX-131XG	vagina	allelic_expression	34	0	0.5	0.061	0.095	0.09	0.107	0.018	0.037	not_skewed
GTEX-132AR	vagina	allelic_expression	23	0	0.382	0.175	0.138	0.19	0.103	0.022	0.045	not_skewed
GTEX-1399S	vagina	allelic_expression	39	0	0.5	0.18	0.11	0.191	0.098	0.016	0.032	not_skewed
GTEX-1399U	vagina	allelic_expression	37	0	0.389	0.095	0.143	0.129	0.1	0.016	0.033	not_skewed
GTEX-13D11	vagina	allelic_expression	42	0	0.5	0.203	0.141	0.186	0.106	0.016	0.033	not_skewed
GTEX-13N11	vagina	allelic_expression	62	0	0.409	0.143	0.126	0.151	0.094	0.012	0.024	not_skewed
GTEX-13OVI	vagina	allelic_expression	64	0	0.5	0.069	0.071	0.092	0.098	0.012	0.025	not_skewed
GTEX-13PL7	vagina	allelic_expression	36	0.056	0.5	0.294	0.167	0.28	0.107	0.018	0.036	skewed
GTEX-13PVR	vagina	allelic_expression	35	0.02	0.4	0.192	0.095	0.195	0.079	0.013	0.027	not_skewed
GTEX-13QBU	vagina	allelic_expression	41	0	0.499	0.061	0.091	0.086	0.095	0.015	0.03	not_skewed
GTEX-13QIC	vagina	allelic_expression	46	0	0.278	0.062	0.072	0.075	0.062	0.009	0.018	not_skewed
GTEX-13U4I	vagina	allelic_expression	41	0	0.5	0.106	0.098	0.145	0.121	0.019	0.038	not_skewed
GTEX-13W3W	vagina	allelic_expression	48	0	0.389	0.075	0.071	0.094	0.086	0.012	0.025	not_skewed
GTEX-145LS	vagina	allelic_expression	38	0	0.409	0.07	0.106	0.103	0.106	0.017	0.035	not_skewed
GTEX-146FH	vagina	allelic_expression	44	0	0.5	0.317	0.143	0.303	0.118	0.018	0.036	skewed
GTEX-146FR	vagina	allelic_expression	39	0	0.5	0.123	0.085	0.135	0.1	0.016	0.032	not_skewed
GTEX-147F3	vagina	allelic_expression	32	0	0.375	0.068	0.053	0.085	0.085	0.015	0.031	not_skewed
GTEX-14A5I	vagina	allelic_expression	39	0.045	0.5	0.278	0.162	0.285	0.116	0.019	0.038	skewed
GTEX-14AS3	vagina	allelic_expression	24	0	0.324	0.086	0.157	0.108	0.101	0.021	0.043	not_skewed
GTEX-14BMU	vagina	allelic_expression	32	0	0.5	0.096	0.111	0.142	0.13	0.023	0.047	not_skewed
GTEX-14DAQ	vagina	allelic_expression	36	0.071	0.5	0.309	0.136	0.294	0.111	0.018	0.037	skewed
GTEX-14H4A	vagina	allelic_expression	42	0.125	0.5	0.25	0.106	0.278	0.094	0.015	0.029	skewed
GTEX-14JG6	vagina	allelic_expression	38	0	0.405	0.193	0.215	0.195	0.121	0.02	0.04	not_skewed
GTEX-14PJ6	vagina	allelic_expression	36	0	0.486	0.12	0.152	0.162	0.111	0.019	0.038	not_skewed
GTEX-14PKU	vagina	allelic_expression	33	0	0.269	0.143	0.097	0.142	0.076	0.013	0.027	not_skewed
GTEX-14PN3	vagina	allelic_expression	29	0.221	0.438	0.333	0.093	0.325	0.062	0.012	0.024	skewed
GTEX-15DCZ	vagina	allelic_expression	31	0.015	0.5	0.115	0.062	0.146	0.104	0.019	0.038	not_skewed
GTEX-15DYW	vagina	allelic_expression	37	0.1	0.5	0.348	0.089	0.346	0.083	0.014	0.028	skewed
GTEX-15SB6	vagina	allelic_expression	38	0.1	0.5	0.355	0.127	0.338	0.102	0.016	0.033	skewed
GTEX-15SDE	vagina	allelic_expression	43	0.019	0.4	0.191	0.115	0.189	0.084	0.013	0.026	not_skewed
GTEX-15SHU	vagina	allelic_expression	36	0	0.417	0.2	0.222	0.201	0.124	0.021	0.042	not_skewed
GTEX-15UF6	vagina	allelic_expression	45	0	0.5	0.071	0.105	0.092	0.091	0.014	0.027	not_skewed
GTEX-16NGA	vagina	allelic_expression	43	0.125	0.5	0.457	0.072	0.427	0.088	0.013	0.027	skewed
GTEX-16NPV	vagina	allelic_expression	25	0.01	0.263	0.1	0.135	0.109	0.081	0.016	0.033	not_skewed
GTEX-17F9Y	vagina	allelic_expression	44	0.013	0.5	0.125	0.136	0.166	0.126	0.019	0.038	not_skewed
GTEX-17JCI	vagina	allelic_expression	32	0	0.357	0.094	0.124	0.106	0.078	0.014	0.028	not_skewed
GTEX-183WM	vagina	allelic_expression	38	0	0.419	0.107	0.093	0.116	0.086	0.014	0.028	not_skewed
GTEX-18A7A	vagina	allelic_expression	34	0	0.5	0.155	0.076	0.16	0.092	0.016	0.032	not_skewed
GTEX-18D9A	vagina	allelic_expression	40	0.002	0.357	0.125	0.145	0.14	0.092	0.015	0.029	not_skewed
GTEX-19HZE	vagina	allelic_expression	40	0.019	0.324	0.097	0.09	0.118	0.082	0.013	0.026	not_skewed
GTEX-1A8FM	vagina	allelic_expression	37	0	0.375	0.093	0.086	0.117	0.084	0.014	0.028	not_skewed
GTEX-1AMFI	vagina	allelic_expression	26	0.012	0.375	0.17	0.124	0.178	0.086	0.017	0.035	not_skewed
GTEX-1C475	vagina	allelic_expression	35	0.006	0.5	0.15	0.187	0.163	0.131	0.022	0.045	not_skewed
GTEX-1CAMS	vagina	allelic_expression	28	0	0.5	0.083	0.17	0.135	0.126	0.024	0.049	not_skewed
GTEX-1EWIQ	vagina	allelic_expression	42	0	0.5	0.258	0.102	0.234	0.113	0.017	0.035	skewed
GTEX-1F5PL	vagina	allelic_expression	42	0.009	0.5	0.15	0.159	0.174	0.121	0.019	0.038	not_skewed
GTEX-1GF9U	vagina	allelic_expression	38	0.18	0.5	0.404	0.09	0.391	0.08	0.013	0.026	skewed
GTEX-1GF9X	vagina	allelic_expression	30	0	0.5	0.269	0.156	0.276	0.136	0.025	0.051	skewed
GTEX-1GN1W	vagina	allelic_expression	37	0.056	0.5	0.279	0.151	0.285	0.121	0.02	0.04	skewed
GTEX-1HBPH	vagina	allelic_expression	34	0.015	0.417	0.16	0.123	0.174	0.096	0.017	0.034	not_skewed
GTEX-1HBPM	vagina	allelic_expression	33	0	0.417	0.091	0.133	0.116	0.104	0.018	0.037	not_skewed
GTEX-1HCU8	vagina	allelic_expression	47	0	0.5	0.125	0.133	0.158	0.116	0.017	0.034	not_skewed
GTEX-1HCUA	vagina	allelic_expression	48	0.01	0.5	0.105	0.109	0.129	0.1	0.014	0.029	not_skewed
GTEX-1HFI7	vagina	allelic_expression	36	0.1	0.444	0.359	0.081	0.337	0.071	0.012	0.024	skewed
GTEX-1I1GT	vagina	allelic_expression	28	0.012	0.389	0.107	0.069	0.127	0.082	0.016	0.032	not_skewed
GTEX-1I4MK	vagina	allelic_expression	57	0.071	0.5	0.333	0.111	0.343	0.089	0.012	0.024	skewed
GTEX-1ICG6	vagina	allelic_expression	36	0	0.5	0.282	0.209	0.262	0.136	0.023	0.046	skewed
GTEX-1IDJU	vagina	allelic_expression	47	0.045	0.5	0.279	0.137	0.278	0.109	0.016	0.032	skewed
GTEX-1IE54	vagina	allelic_expression	43	0.033	0.5	0.175	0.098	0.182	0.091	0.014	0.028	not_skewed
GTEX-1J8EW	vagina	allelic_expression	38	0	0.3	0.073	0.113	0.101	0.083	0.013	0.027	not_skewed
GTEX-1JMQL	vagina	allelic_expression	34	0	0.5	0.26	0.19	0.249	0.129	0.022	0.045	skewed
GTEX-1JN1M	vagina	allelic_expression	41	0.273	0.5	0.382	0.077	0.388	0.066	0.01	0.021	skewed
GTEX-1JN76	vagina	allelic_expression	32	0.008	0.269	0.075	0.132	0.101	0.077	0.014	0.028	not_skewed
GTEX-1LGOU	vagina	allelic_expression	49	0	0.5	0.21	0.187	0.208	0.129	0.018	0.037	not_skewed
GTEX-1LH75	vagina	allelic_expression	41	0.016	0.5	0.152	0.246	0.183	0.133	0.021	0.042	not_skewed
GTEX-1LNCM	vagina	allelic_expression	34	0	0.346	0.1	0.085	0.119	0.083	0.014	0.029	not_skewed
GTEX-1LVAM	vagina	allelic_expression	44	0	0.5	0.344	0.181	0.298	0.136	0.02	0.041	skewed
GTEX-1LVAN	vagina	allelic_expression	27	0.1	0.5	0.407	0.127	0.376	0.106	0.02	0.042	skewed
GTEX-1MCC2	vagina	allelic_expression	79	0	0.5	0.154	0.11	0.152	0.087	0.01	0.02	not_skewed
GTEX-1MCYP	vagina	allelic_expression	38	0	0.318	0.141	0.134	0.147	0.088	0.014	0.029	not_skewed
GTEX-1NUQO	vagina	allelic_expression	46	0	0.5	0.234	0.199	0.217	0.12	0.018	0.036	not_skewed
GTEX-1PIEJ	vagina	allelic_expression	39	0.026	0.444	0.258	0.186	0.256	0.114	0.018	0.037	skewed
GTEX-1QCLZ	vagina	allelic_expression	46	0	0.5	0.19	0.195	0.202	0.122	0.018	0.036	not_skewed
GTEX-1QP28	vagina	allelic_expression	55	0	0.5	0.071	0.089	0.109	0.122	0.016	0.033	not_skewed
GTEX-1QPFJ	vagina	allelic_expression	54	0	0.5	0.25	0.096	0.245	0.091	0.012	0.025	skewed
GTEX-1R9JW	vagina	allelic_expression	30	0	0.333	0.075	0.129	0.098	0.087	0.016	0.033	not_skewed
GTEX-1S5ZU	vagina	allelic_expression	33	0	0.389	0.167	0.098	0.171	0.082	0.014	0.029	not_skewed
GTEX-NL3G	vagina	allelic_expression	43	0	0.5	0.316	0.162	0.279	0.129	0.02	0.04	skewed
GTEX-OHPL	vagina	allelic_expression	41	0.01	0.498	0.085	0.128	0.111	0.094	0.015	0.03	not_skewed
GTEX-OHPN	vagina	allelic_expression	32	0	0.5	0.094	0.106	0.114	0.108	0.019	0.039	not_skewed
GTEX-P78B	vagina	allelic_expression	30	0.02	0.5	0.152	0.154	0.182	0.112	0.021	0.042	not_skewed
GTEX-PWCY	vagina	allelic_expression	31	0	0.389	0.233	0.096	0.212	0.091	0.016	0.034	not_skewed
GTEX-PWN1	vagina	allelic_expression	36	0	0.5	0.288	0.135	0.281	0.105	0.018	0.036	skewed
GTEX-PX3G	vagina	allelic_expression	35	0	0.498	0.119	0.196	0.153	0.128	0.022	0.044	not_skewed
GTEX-QCQG	vagina	allelic_expression	39	0	0.498	0.092	0.076	0.108	0.093	0.015	0.03	not_skewed
GTEX-S4P3	vagina	allelic_expression	21	0	0.498	0.147	0.131	0.176	0.12	0.026	0.055	not_skewed
GTEX-SN8G	vagina	allelic_expression	19	0	0.5	0.095	0.091	0.14	0.14	0.032	0.068	not_skewed
GTEX-T2IS	vagina	allelic_expression	42	0	0.375	0.109	0.11	0.133	0.098	0.015	0.031	not_skewed
GTEX-TML8	vagina	allelic_expression	31	0.019	0.5	0.4	0.14	0.378	0.119	0.021	0.044	skewed
GTEX-TMMY	vagina	allelic_expression	39	0	0.5	0.136	0.138	0.157	0.111	0.018	0.036	not_skewed
GTEX-UJHI	vagina	allelic_expression	47	0	0.357	0.083	0.098	0.106	0.094	0.014	0.028	not_skewed
GTEX-UPIC	vagina	allelic_expression	38	0.441	0.5	0.5	0	0.498	0.01	0.002	0.003	skewed
GTEX-WRHU	vagina	allelic_expression	24	0	0.5	0.128	0.127	0.151	0.116	0.024	0.049	not_skewed
GTEX-X8HC	vagina	allelic_expression	30	0	0.5	0.142	0.19	0.175	0.139	0.025	0.052	not_skewed
GTEX-XUJ4	vagina	allelic_expression	34	0	0.375	0.136	0.128	0.154	0.103	0.018	0.036	not_skewed
GTEX-XUW1	vagina	allelic_expression	27	0	0.214	0.059	0.064	0.069	0.051	0.01	0.02	not_skewed
GTEX-XUZC	vagina	allelic_expression	43	0	0.324	0.13	0.092	0.131	0.082	0.012	0.025	not_skewed
GTEX-XV7Q	vagina	allelic_expression	51	0	0.5	0.31	0.086	0.305	0.089	0.012	0.025	skewed
GTEX-Y3IK	vagina	allelic_expression	46	0	0.5	0.278	0.131	0.274	0.107	0.016	0.032	skewed
GTEX-Y8LW	vagina	allelic_expression	28	0.033	0.472	0.193	0.094	0.19	0.101	0.019	0.039	not_skewed
GTEX-YJ8O	vagina	allelic_expression	47	0.1	0.5	0.352	0.105	0.359	0.089	0.013	0.026	skewed
GTEX-ZAJG	vagina	allelic_expression	39	0	0.4	0.078	0.081	0.095	0.081	0.013	0.026	not_skewed
GTEX-ZAK1	vagina	allelic_expression	32	0	0.375	0.125	0.12	0.133	0.096	0.017	0.035	not_skewed
GTEX-ZC5H	vagina	allelic_expression	39	0.031	0.5	0.243	0.111	0.235	0.106	0.017	0.034	not_skewed
GTEX-ZE7O	vagina	allelic_expression	47	0	0.375	0.082	0.102	0.107	0.089	0.013	0.026	not_skewed
GTEX-ZGAY	vagina	allelic_expression	30	0	0.413	0.234	0.182	0.215	0.119	0.022	0.045	not_skewed
GTEX-ZLWG	vagina	allelic_expression	40	0	0.5	0.152	0.136	0.161	0.121	0.019	0.039	not_skewed
GTEX-ZP4G	vagina	allelic_expression	44	0.019	0.5	0.259	0.205	0.265	0.132	0.02	0.04	skewed
GTEX-ZTPG	vagina	allelic_expression	34	0.009	0.499	0.17	0.132	0.183	0.104	0.018	0.036	not_skewed
GTEX-ZV6S	vagina	allelic_expression	44	0	0.375	0.06	0.07	0.09	0.091	0.014	0.028	not_skewed
GTEX-ZVT2	vagina	allelic_expression	35	0.076	0.5	0.402	0.125	0.379	0.105	0.018	0.036	skewed
GTEX-ZVT3	vagina	allelic_expression	37	0	0.367	0.094	0.077	0.113	0.095	0.016	0.032	not_skewed
GTEX-ZXES	vagina	allelic_expression	35	0	0.5	0.17	0.144	0.167	0.116	0.02	0.04	not_skewed
GTEX-ZYVF	vagina	allelic_expression	34	0.269	0.5	0.387	0.063	0.397	0.062	0.011	0.022	skewed
GTEX-ZYWO	vagina	allelic_expression	50	0	0.357	0.118	0.147	0.127	0.092	0.013	0.026	not_skewed
GTEX-ZYY3	vagina	allelic_expression	40	0	0.417	0.224	0.16	0.225	0.116	0.018	0.037	not_skewed
GTEX-ZZPU	vagina	allelic_expression	27	0.125	0.5	0.435	0.054	0.425	0.077	0.015	0.031	skewed
GTEX-1117F	ovary	allelic_expression	57	0.045	0.5	0.258	0.123	0.246	0.103	0.014	0.027	skewed
GTEX-11DXX	ovary	allelic_expression	41	0	0.498	0.077	0.07	0.108	0.108	0.017	0.034	not_skewed
GTEX-11EM3	ovary	allelic_expression	46	0	0.5	0.252	0.118	0.254	0.099	0.015	0.029	skewed
GTEX-11EMC	ovary	allelic_expression	30	0.062	0.383	0.286	0.092	0.276	0.07	0.013	0.026	skewed
GTEX-11I78	ovary	allelic_expression	49	0.015	0.382	0.236	0.089	0.222	0.083	0.012	0.024	not_skewed
GTEX-11P81	ovary	allelic_expression	47	0	0.417	0.278	0.076	0.269	0.084	0.012	0.025	skewed
GTEX-11VI4	ovary	allelic_expression	39	0.019	0.409	0.16	0.122	0.156	0.086	0.014	0.028	not_skewed
GTEX-11XUK	ovary	allelic_expression	49	0.01	0.375	0.086	0.102	0.113	0.089	0.013	0.026	not_skewed
GTEX-11ZTS	ovary	allelic_expression	33	0	0.5	0.082	0.093	0.102	0.096	0.017	0.034	not_skewed
GTEX-11ZTT	ovary	allelic_expression	49	0	0.395	0.182	0.151	0.177	0.105	0.015	0.03	not_skewed
GTEX-11ZVC	ovary	allelic_expression	39	0	0.417	0.167	0.113	0.182	0.091	0.015	0.03	not_skewed
GTEX-1269C	ovary	allelic_expression	32	0.108	0.405	0.227	0.088	0.245	0.074	0.013	0.027	not_skewed
GTEX-12WSB	ovary	allelic_expression	35	0	0.5	0.18	0.101	0.193	0.107	0.018	0.037	not_skewed
GTEX-12WSG	ovary	allelic_expression	37	0.132	0.5	0.305	0.092	0.313	0.086	0.014	0.029	skewed
GTEX-12WSJ	ovary	allelic_expression	34	0.013	0.3	0.109	0.086	0.113	0.073	0.012	0.025	not_skewed
GTEX-12WSK	ovary	allelic_expression	43	0.076	0.5	0.19	0.112	0.205	0.097	0.015	0.03	not_skewed
GTEX-12ZZX	ovary	allelic_expression	47	0	0.5	0.1	0.077	0.105	0.085	0.012	0.025	not_skewed
GTEX-1313W	ovary	allelic_expression	41	0	0.25	0.071	0.093	0.086	0.069	0.011	0.022	not_skewed
GTEX-131XG	ovary	allelic_expression	37	0	0.5	0.056	0.079	0.081	0.089	0.015	0.03	not_skewed
GTEX-132AR	ovary	allelic_expression	37	0	0.357	0.139	0.126	0.155	0.091	0.015	0.03	not_skewed
GTEX-133LE	ovary	allelic_expression	31	0	0.5	0.242	0.158	0.23	0.129	0.023	0.047	not_skewed
GTEX-1399S	ovary	allelic_expression	51	0	0.5	0.274	0.103	0.264	0.113	0.016	0.032	skewed
GTEX-1399U	ovary	allelic_expression	45	0	0.375	0.071	0.135	0.109	0.099	0.015	0.03	not_skewed
GTEX-139D8	ovary	allelic_expression	36	0	0.5	0.249	0.106	0.244	0.09	0.015	0.031	not_skewed
GTEX-13D11	ovary	allelic_expression	50	0.042	0.389	0.185	0.094	0.191	0.083	0.012	0.024	not_skewed
GTEX-13FTX	ovary	allelic_expression	47	0	0.5	0.066	0.1	0.106	0.11	0.016	0.032	not_skewed
GTEX-13N11	ovary	allelic_expression	65	0.083	0.5	0.372	0.087	0.354	0.084	0.01	0.021	skewed
GTEX-13O3O	ovary	allelic_expression	46	0	0.438	0.1	0.111	0.12	0.091	0.013	0.027	not_skewed
GTEX-13OVI	ovary	allelic_expression	50	0.007	0.5	0.069	0.092	0.093	0.094	0.013	0.027	not_skewed
GTEX-13PL7	ovary	allelic_expression	39	0.125	0.459	0.31	0.062	0.311	0.062	0.01	0.02	skewed
GTEX-13PVR	ovary	allelic_expression	38	0	0.3	0.071	0.094	0.096	0.076	0.012	0.025	not_skewed
GTEX-13QBU	ovary	allelic_expression	46	0	0.5	0.149	0.105	0.148	0.089	0.013	0.026	not_skewed
GTEX-13QIC	ovary	allelic_expression	46	0	0.5	0.09	0.099	0.117	0.096	0.014	0.028	not_skewed
GTEX-13SLX	ovary	allelic_expression	46	0	0.5	0.084	0.101	0.109	0.101	0.015	0.03	not_skewed
GTEX-13U4I	ovary	allelic_expression	32	0.024	0.5	0.187	0.19	0.205	0.124	0.022	0.045	not_skewed
GTEX-13VXT	ovary	allelic_expression	52	0	0.5	0.149	0.08	0.159	0.087	0.012	0.024	not_skewed
GTEX-13W3W	ovary	allelic_expression	46	0	0.38	0.078	0.079	0.097	0.075	0.011	0.022	not_skewed
GTEX-13X6H	ovary	allelic_expression	36	0	0.444	0.226	0.125	0.217	0.104	0.017	0.035	not_skewed
GTEX-145LS	ovary	allelic_expression	29	0.071	0.397	0.292	0.084	0.284	0.071	0.013	0.027	skewed
GTEX-145MI	ovary	allelic_expression	38	0.136	0.417	0.3	0.063	0.3	0.063	0.01	0.021	skewed
GTEX-146FH	ovary	allelic_expression	36	0	0.5	0.081	0.096	0.108	0.113	0.019	0.038	not_skewed
GTEX-14AS3	ovary	allelic_expression	28	0	0.23	0.073	0.105	0.093	0.073	0.014	0.028	not_skewed
GTEX-14BIN	ovary	allelic_expression	34	0	0.5	0.049	0.089	0.091	0.112	0.019	0.039	not_skewed
GTEX-14BMU	ovary	allelic_expression	39	0.056	0.5	0.188	0.115	0.204	0.091	0.015	0.03	not_skewed
GTEX-14DAQ	ovary	allelic_expression	40	0.071	0.423	0.305	0.073	0.304	0.072	0.011	0.023	skewed
GTEX-14JG6	ovary	allelic_expression	42	0.014	0.417	0.245	0.112	0.229	0.086	0.013	0.027	not_skewed
GTEX-14PKU	ovary	allelic_expression	41	0	0.333	0.1	0.088	0.105	0.073	0.011	0.023	not_skewed
GTEX-14PKV	ovary	allelic_expression	30	0.115	0.5	0.36	0.057	0.349	0.075	0.014	0.028	skewed
GTEX-14PN3	ovary	allelic_expression	32	0	0.5	0.211	0.071	0.221	0.084	0.015	0.03	not_skewed
GTEX-15DDE	ovary	allelic_expression	39	0.033	0.5	0.206	0.144	0.22	0.104	0.017	0.034	not_skewed
GTEX-15DYW	ovary	allelic_expression	29	0.071	0.484	0.371	0.089	0.355	0.086	0.016	0.033	skewed
GTEX-15EOM	ovary	allelic_expression	26	0.062	0.429	0.274	0.128	0.276	0.087	0.017	0.035	skewed
GTEX-15FZZ	ovary	allelic_expression	45	0.029	0.5	0.3	0.164	0.304	0.115	0.017	0.035	skewed
GTEX-15SDE	ovary	allelic_expression	57	0	0.31	0.161	0.108	0.151	0.081	0.011	0.022	not_skewed
GTEX-15UF6	ovary	allelic_expression	41	0	0.357	0.179	0.086	0.184	0.079	0.012	0.025	not_skewed
GTEX-16MT8	ovary	allelic_expression	38	0	0.5	0.095	0.077	0.116	0.093	0.015	0.031	not_skewed
GTEX-16NGA	ovary	allelic_expression	63	0.214	0.5	0.429	0.069	0.429	0.055	0.007	0.014	skewed
GTEX-17JCI	ovary	allelic_expression	24	0	0.409	0.119	0.1	0.128	0.087	0.018	0.037	not_skewed
GTEX-183WM	ovary	allelic_expression	36	0	0.5	0.2	0.089	0.217	0.091	0.015	0.031	not_skewed
GTEX-18A7A	ovary	allelic_expression	39	0	0.5	0.219	0.085	0.214	0.09	0.014	0.029	not_skewed
GTEX-18D9A	ovary	allelic_expression	49	0	0.375	0.083	0.086	0.106	0.09	0.013	0.026	not_skewed
GTEX-1A32A	ovary	allelic_expression	40	0.227	0.5	0.458	0.059	0.456	0.05	0.008	0.016	skewed
GTEX-1A8FM	ovary	allelic_expression	46	0	0.357	0.112	0.102	0.121	0.072	0.011	0.021	not_skewed
GTEX-1AMEY	ovary	allelic_expression	40	0	0.318	0.075	0.123	0.107	0.087	0.014	0.028	not_skewed
GTEX-1AMFI	ovary	allelic_expression	45	0	0.5	0.3	0.092	0.303	0.092	0.014	0.028	skewed
GTEX-1C475	ovary	allelic_expression	38	0.013	0.5	0.157	0.104	0.168	0.097	0.016	0.032	not_skewed
GTEX-1CAMS	ovary	allelic_expression	35	0	0.5	0.069	0.097	0.102	0.107	0.018	0.037	not_skewed
GTEX-1EWIQ	ovary	allelic_expression	39	0.125	0.5	0.346	0.07	0.344	0.081	0.013	0.026	skewed
GTEX-1F52S	ovary	allelic_expression	39	0	0.5	0.125	0.13	0.152	0.115	0.018	0.037	not_skewed
GTEX-1F5PL	ovary	allelic_expression	39	0.056	0.5	0.388	0.159	0.389	0.1	0.016	0.033	skewed
GTEX-1F6RS	ovary	allelic_expression	33	0	0.382	0.106	0.121	0.126	0.092	0.016	0.033	not_skewed
GTEX-1F88E	ovary	allelic_expression	37	0.2	0.5	0.35	0.119	0.347	0.087	0.014	0.029	skewed
GTEX-1F88F	ovary	allelic_expression	42	0.045	0.429	0.19	0.116	0.184	0.076	0.012	0.024	not_skewed
GTEX-1GF9X	ovary	allelic_expression	40	0	0.389	0.054	0.097	0.086	0.083	0.013	0.027	not_skewed
GTEX-1GN1W	ovary	allelic_expression	46	0	0.5	0.127	0.127	0.14	0.103	0.015	0.031	not_skewed
GTEX-1GZHY	ovary	allelic_expression	37	0	0.5	0.243	0.298	0.266	0.162	0.027	0.054	not_skewed
GTEX-1H1CY	ovary	allelic_expression	51	0.161	0.5	0.402	0.058	0.402	0.062	0.009	0.018	skewed
GTEX-1H2FU	ovary	allelic_expression	38	0	0.417	0.206	0.147	0.206	0.1	0.016	0.033	not_skewed
GTEX-1HBPH	ovary	allelic_expression	36	0	0.25	0.061	0.07	0.072	0.062	0.01	0.021	not_skewed
GTEX-1HCUA	ovary	allelic_expression	53	0	0.5	0.062	0.092	0.084	0.09	0.012	0.025	not_skewed
GTEX-1HSGN	ovary	allelic_expression	66	0	0.5	0.265	0.079	0.263	0.099	0.012	0.024	skewed
GTEX-1I1CD	ovary	allelic_expression	40	0	0.5	0.413	0.078	0.393	0.103	0.016	0.033	skewed
GTEX-1I4MK	ovary	allelic_expression	53	0.25	0.5	0.457	0.045	0.453	0.051	0.007	0.014	skewed
GTEX-1ICG6	ovary	allelic_expression	52	0	0.429	0.082	0.125	0.111	0.099	0.014	0.028	not_skewed
GTEX-1IDJE	ovary	allelic_expression	50	0	0.5	0.237	0.106	0.224	0.103	0.015	0.029	not_skewed
GTEX-1IDJU	ovary	allelic_expression	53	0	0.5	0.086	0.083	0.114	0.109	0.015	0.03	not_skewed
GTEX-1IE54	ovary	allelic_expression	40	0.029	0.5	0.291	0.073	0.284	0.097	0.015	0.031	skewed
GTEX-1IKOE	ovary	allelic_expression	64	0	0.5	0.211	0.142	0.207	0.113	0.014	0.028	not_skewed
GTEX-1J8JJ	ovary	allelic_expression	32	0	0.5	0.287	0.084	0.285	0.106	0.019	0.038	skewed
GTEX-1JN1M	ovary	allelic_expression	42	0	0.5	0.275	0.092	0.279	0.087	0.013	0.027	skewed
GTEX-1JN76	ovary	allelic_expression	35	0	0.21	0.061	0.093	0.071	0.059	0.01	0.02	not_skewed
GTEX-1K9T9	ovary	allelic_expression	43	0.022	0.5	0.242	0.163	0.22	0.113	0.017	0.035	not_skewed
GTEX-1KANC	ovary	allelic_expression	58	0	0.376	0.124	0.13	0.134	0.091	0.012	0.024	not_skewed
GTEX-1LGOU	ovary	allelic_expression	48	0	0.5	0.126	0.105	0.143	0.1	0.014	0.029	not_skewed
GTEX-1LKK1	ovary	allelic_expression	46	0	0.383	0.124	0.095	0.128	0.088	0.013	0.026	not_skewed
GTEX-1LNCM	ovary	allelic_expression	39	0	0.5	0.167	0.13	0.168	0.101	0.016	0.033	not_skewed
GTEX-1LVAM	ovary	allelic_expression	50	0	0.357	0.051	0.087	0.081	0.073	0.01	0.021	not_skewed
GTEX-1LVAN	ovary	allelic_expression	37	0	0.375	0.142	0.143	0.152	0.095	0.016	0.032	not_skewed
GTEX-1MA7W	ovary	allelic_expression	42	0	0.4	0.173	0.094	0.177	0.089	0.014	0.028	not_skewed
GTEX-1MCC2	ovary	allelic_expression	65	0	0.5	0.061	0.092	0.097	0.104	0.013	0.026	not_skewed
GTEX-1OJC4	ovary	allelic_expression	40	0.071	0.389	0.25	0.114	0.242	0.083	0.013	0.027	skewed
GTEX-1PBJI	ovary	allelic_expression	33	0.324	0.5	0.457	0.08	0.449	0.05	0.009	0.018	skewed
GTEX-1PIEJ	ovary	allelic_expression	39	0	0.278	0.071	0.11	0.101	0.09	0.014	0.029	not_skewed
GTEX-1QEPI	ovary	allelic_expression	34	0.067	0.5	0.206	0.172	0.228	0.115	0.02	0.04	not_skewed
GTEX-1QP28	ovary	allelic_expression	46	0	0.5	0.218	0.115	0.227	0.105	0.015	0.031	not_skewed
GTEX-1QP67	ovary	allelic_expression	50	0	0.367	0.122	0.105	0.128	0.077	0.011	0.022	not_skewed
GTEX-1QPFJ	ovary	allelic_expression	56	0	0.5	0.073	0.086	0.095	0.086	0.012	0.023	not_skewed
GTEX-1R9PN	ovary	allelic_expression	30	0	0.278	0.082	0.099	0.083	0.069	0.013	0.026	not_skewed
GTEX-1RDX4	ovary	allelic_expression	38	0.125	0.5	0.314	0.124	0.306	0.094	0.015	0.031	skewed
GTEX-1S5ZU	ovary	allelic_expression	37	0.013	0.357	0.13	0.112	0.145	0.077	0.013	0.026	not_skewed
GTEX-OHPL	ovary	allelic_expression	33	0.125	0.5	0.412	0.074	0.388	0.083	0.014	0.029	skewed
GTEX-P78B	ovary	allelic_expression	31	0	0.5	0.067	0.074	0.095	0.12	0.022	0.044	not_skewed
GTEX-POMQ	ovary	allelic_expression	58	0	0.5	0.136	0.089	0.149	0.081	0.011	0.021	not_skewed
GTEX-PWCY	ovary	allelic_expression	37	0	0.375	0.086	0.094	0.105	0.085	0.014	0.028	not_skewed
GTEX-PWN1	ovary	allelic_expression	37	0.017	0.269	0.133	0.101	0.133	0.066	0.011	0.022	not_skewed
GTEX-PX3G	ovary	allelic_expression	31	0.121	0.5	0.311	0.078	0.302	0.079	0.014	0.029	skewed
GTEX-QCQG	ovary	allelic_expression	39	0.016	0.5	0.113	0.071	0.132	0.099	0.016	0.032	not_skewed
GTEX-S4P3	ovary	allelic_expression	25	0.048	0.5	0.223	0.089	0.231	0.121	0.024	0.05	not_skewed
GTEX-SN8G	ovary	allelic_expression	33	0.056	0.5	0.327	0.101	0.313	0.098	0.017	0.035	skewed
GTEX-T2IS	ovary	allelic_expression	38	0	0.286	0.067	0.107	0.099	0.084	0.014	0.028	not_skewed
GTEX-TML8	ovary	allelic_expression	35	0	0.278	0.1	0.109	0.107	0.074	0.013	0.026	not_skewed
GTEX-TMMY	ovary	allelic_expression	35	0.071	0.5	0.169	0.058	0.189	0.091	0.015	0.031	not_skewed
GTEX-UJHI	ovary	allelic_expression	41	0	0.4	0.076	0.113	0.102	0.092	0.014	0.029	not_skewed
GTEX-WI4N	ovary	allelic_expression	36	0	0.5	0.157	0.137	0.171	0.105	0.017	0.035	not_skewed
GTEX-WXYG	ovary	allelic_expression	51	0	0.47	0.05	0.071	0.076	0.091	0.013	0.026	not_skewed
GTEX-WYBS	ovary	allelic_expression	29	0	0.5	0.206	0.11	0.22	0.11	0.02	0.042	not_skewed
GTEX-X8HC	ovary	allelic_expression	30	0	0.5	0.237	0.083	0.233	0.1	0.018	0.037	not_skewed
GTEX-XUJ4	ovary	allelic_expression	32	0.106	0.423	0.259	0.136	0.256	0.086	0.015	0.031	skewed
GTEX-XUW1	ovary	allelic_expression	36	0	0.417	0.179	0.151	0.192	0.11	0.018	0.037	not_skewed
GTEX-XUZC	ovary	allelic_expression	39	0.045	0.378	0.241	0.102	0.232	0.081	0.013	0.026	not_skewed
GTEX-XV7Q	ovary	allelic_expression	52	0	0.5	0.159	0.097	0.178	0.091	0.013	0.025	not_skewed
GTEX-XYKS	ovary	allelic_expression	52	0	0.227	0.042	0.045	0.057	0.051	0.007	0.014	not_skewed
GTEX-Y3IK	ovary	allelic_expression	49	0	0.5	0.065	0.094	0.094	0.102	0.015	0.029	not_skewed
GTEX-YB5K	ovary	allelic_expression	42	0	0.324	0.118	0.144	0.138	0.089	0.014	0.028	not_skewed
GTEX-YJ8O	ovary	allelic_expression	49	0	0.46	0.264	0.086	0.261	0.075	0.011	0.021	skewed
GTEX-ZAJG	ovary	allelic_expression	48	0	0.357	0.065	0.079	0.087	0.087	0.013	0.025	not_skewed
GTEX-ZC5H	ovary	allelic_expression	37	0.011	0.409	0.078	0.064	0.1	0.099	0.016	0.033	not_skewed
GTEX-ZLWG	ovary	allelic_expression	48	0.062	0.5	0.294	0.114	0.288	0.104	0.015	0.03	skewed
GTEX-ZP4G	ovary	allelic_expression	40	0	0.5	0.066	0.074	0.101	0.11	0.017	0.035	not_skewed
GTEX-ZV6S	ovary	allelic_expression	42	0	0.389	0.064	0.095	0.093	0.084	0.013	0.026	not_skewed
GTEX-ZVT2	ovary	allelic_expression	39	0	0.318	0.1	0.138	0.103	0.087	0.014	0.028	not_skewed
GTEX-ZVT3	ovary	allelic_expression	33	0.192	0.5	0.289	0.119	0.309	0.082	0.014	0.029	skewed
GTEX-ZXES	ovary	allelic_expression	28	0.024	0.375	0.243	0.118	0.226	0.085	0.016	0.033	not_skewed
GTEX-ZYFG	ovary	allelic_expression	41	0.115	0.5	0.288	0.078	0.286	0.077	0.012	0.024	skewed
GTEX-ZYWO	ovary	allelic_expression	49	0	0.409	0.064	0.082	0.097	0.082	0.012	0.024	not_skewed
GTEX-ZYY3	ovary	allelic_expression	35	0.125	0.5	0.34	0.076	0.338	0.076	0.013	0.026	skewed
GTEX-ZZPU	ovary	allelic_expression	33	0.45	0.5	0.5	0	0.496	0.012	0.002	0.004	skewed
GTEX-1117F	breast	allelic_expression	50	0	0.389	0.124	0.126	0.148	0.094	0.013	0.027	not_skewed
GTEX-1122O	breast	allelic_expression	45	0	0.5	0.247	0.142	0.239	0.124	0.018	0.037	not_skewed
GTEX-11EM3	breast	allelic_expression	48	0.028	0.5	0.292	0.17	0.277	0.136	0.02	0.04	skewed
GTEX-11EMC	breast	allelic_expression	32	0	0.333	0.113	0.091	0.121	0.086	0.015	0.031	not_skewed
GTEX-11I78	breast	allelic_expression	49	0	0.357	0.131	0.097	0.14	0.084	0.012	0.024	not_skewed
GTEX-11P81	breast	allelic_expression	44	0	0.5	0.277	0.093	0.274	0.085	0.013	0.026	skewed
GTEX-11ZTT	breast	allelic_expression	44	0	0.452	0.229	0.094	0.233	0.087	0.013	0.026	not_skewed
GTEX-1211K	breast	allelic_expression	43	0.014	0.46	0.3	0.126	0.284	0.107	0.016	0.033	skewed
GTEX-1269C	breast	allelic_expression	33	0.056	0.5	0.25	0.117	0.255	0.117	0.02	0.041	skewed
GTEX-12WSB	breast	allelic_expression	42	0.01	0.5	0.111	0.125	0.124	0.099	0.015	0.031	not_skewed
GTEX-12WSK	breast	allelic_expression	46	0.033	0.5	0.175	0.141	0.184	0.103	0.015	0.031	not_skewed
GTEX-12ZZX	breast	allelic_expression	49	0	0.5	0.233	0.163	0.214	0.121	0.017	0.035	not_skewed
GTEX-13113	breast	allelic_expression	51	0	0.5	0.19	0.135	0.194	0.106	0.015	0.03	not_skewed
GTEX-1313W	breast	allelic_expression	43	0.056	0.5	0.272	0.135	0.272	0.101	0.015	0.031	skewed
GTEX-131XW	breast	allelic_expression	42	0.333	0.5	0.5	0.01	0.49	0.027	0.004	0.008	skewed
GTEX-132AR	breast	allelic_expression	31	0	0.5	0.075	0.077	0.104	0.112	0.02	0.041	not_skewed
GTEX-133LE	breast	allelic_expression	31	0.071	0.5	0.274	0.12	0.283	0.105	0.019	0.038	skewed
GTEX-1399U	breast	allelic_expression	43	0	0.429	0.125	0.131	0.137	0.105	0.016	0.032	not_skewed
GTEX-13CF3	breast	allelic_expression	35	0	0.4	0.188	0.149	0.184	0.096	0.016	0.033	not_skewed
GTEX-13D11	breast	allelic_expression	46	0	0.429	0.274	0.126	0.248	0.106	0.016	0.032	skewed
GTEX-13FTX	breast	allelic_expression	40	0.005	0.5	0.12	0.147	0.134	0.113	0.018	0.036	not_skewed
GTEX-13FTY	breast	allelic_expression	47	0	0.5	0.095	0.111	0.124	0.129	0.019	0.038	not_skewed
GTEX-13N11	breast	allelic_expression	62	0	0.426	0.134	0.159	0.145	0.108	0.014	0.027	not_skewed
GTEX-13NZ8	breast	allelic_expression	36	0	0.5	0.181	0.109	0.175	0.106	0.018	0.036	not_skewed
GTEX-13O3O	breast	allelic_expression	47	0	0.403	0.09	0.11	0.114	0.087	0.013	0.026	not_skewed
GTEX-13PL6	breast	allelic_expression	33	0.026	0.451	0.206	0.155	0.217	0.108	0.019	0.038	not_skewed
GTEX-13PVR	breast	allelic_expression	47	0	0.5	0.167	0.142	0.169	0.117	0.017	0.034	not_skewed
GTEX-13QIC	breast	allelic_expression	49	0	0.5	0.148	0.152	0.167	0.12	0.017	0.035	not_skewed
GTEX-13SLX	breast	allelic_expression	41	0.02	0.5	0.1	0.125	0.124	0.112	0.018	0.035	not_skewed
GTEX-13W3W	breast	allelic_expression	45	0	0.4	0.077	0.084	0.104	0.08	0.012	0.024	not_skewed
GTEX-146FH	breast	allelic_expression	44	0	0.5	0.222	0.103	0.226	0.114	0.017	0.035	not_skewed
GTEX-14A5I	breast	allelic_expression	46	0	0.5	0.119	0.139	0.152	0.122	0.018	0.036	not_skewed
GTEX-14AS3	breast	allelic_expression	32	0	0.357	0.077	0.106	0.108	0.088	0.016	0.032	not_skewed
GTEX-14BMU	breast	allelic_expression	44	0	0.5	0.076	0.1	0.094	0.099	0.015	0.03	not_skewed
GTEX-14H4A	breast	allelic_expression	36	0.033	0.5	0.231	0.105	0.248	0.119	0.02	0.04	not_skewed
GTEX-14LLW	breast	allelic_expression	37	0	0.5	0.177	0.129	0.211	0.125	0.021	0.042	not_skewed
GTEX-14PHY	breast	allelic_expression	51	0.046	0.447	0.214	0.169	0.224	0.1	0.014	0.028	not_skewed
GTEX-14PKU	breast	allelic_expression	33	0	0.375	0.196	0.109	0.19	0.099	0.017	0.035	not_skewed
GTEX-15DCZ	breast	allelic_expression	31	0	0.495	0.1	0.148	0.137	0.114	0.021	0.042	not_skewed
GTEX-15EOM	breast	allelic_expression	28	0	0.4	0.06	0.115	0.089	0.088	0.017	0.034	not_skewed
GTEX-15ETS	breast	allelic_expression	36	0.062	0.5	0.273	0.106	0.295	0.107	0.018	0.036	skewed
GTEX-15FZZ	breast	allelic_expression	48	0	0.5	0.212	0.103	0.209	0.098	0.014	0.028	not_skewed
GTEX-15UF6	breast	allelic_expression	49	0	0.4	0.086	0.096	0.097	0.081	0.012	0.023	not_skewed
GTEX-16BQI	breast	allelic_expression	46	0.071	0.5	0.194	0.102	0.214	0.09	0.013	0.027	not_skewed
GTEX-16NGA	breast	allelic_expression	73	0.1	0.5	0.361	0.111	0.361	0.083	0.01	0.019	skewed
GTEX-17F98	breast	allelic_expression	32	0.019	0.357	0.193	0.082	0.199	0.085	0.015	0.031	not_skewed
GTEX-17HG3	breast	allelic_expression	41	0.029	0.417	0.261	0.106	0.251	0.084	0.013	0.026	skewed
GTEX-17JCI	breast	allelic_expression	32	0.013	0.5	0.104	0.122	0.133	0.108	0.019	0.039	not_skewed
GTEX-183WM	breast	allelic_expression	41	0	0.5	0.333	0.107	0.322	0.107	0.017	0.034	skewed
GTEX-18A7A	breast	allelic_expression	44	0	0.5	0.084	0.128	0.116	0.105	0.016	0.032	not_skewed
GTEX-18D9A	breast	allelic_expression	42	0	0.214	0.081	0.097	0.091	0.064	0.01	0.02	not_skewed
GTEX-19HZE	breast	allelic_expression	39	0	0.5	0.283	0.124	0.283	0.106	0.017	0.034	skewed
GTEX-1AMEY	breast	allelic_expression	35	0	0.328	0.088	0.105	0.104	0.078	0.013	0.027	not_skewed
GTEX-1B932	breast	allelic_expression	46	0.209	0.5	0.364	0.114	0.364	0.085	0.012	0.025	skewed
GTEX-1B97J	breast	allelic_expression	43	0.022	0.5	0.318	0.154	0.305	0.112	0.017	0.035	skewed
GTEX-1C475	breast	allelic_expression	38	0.026	0.42	0.265	0.104	0.236	0.091	0.015	0.03	skewed
GTEX-1CAMS	breast	allelic_expression	36	0.027	0.5	0.25	0.164	0.254	0.117	0.019	0.039	skewed
GTEX-1EWIQ	breast	allelic_expression	40	0.024	0.5	0.335	0.07	0.331	0.083	0.013	0.027	skewed
GTEX-1F5PL	breast	allelic_expression	45	0	0.5	0.1	0.111	0.13	0.096	0.014	0.029	not_skewed
GTEX-1GF9U	breast	allelic_expression	40	0	0.5	0.164	0.126	0.192	0.136	0.022	0.044	not_skewed
GTEX-1GF9X	breast	allelic_expression	46	0	0.357	0.084	0.111	0.103	0.085	0.013	0.025	not_skewed
GTEX-1GN1W	breast	allelic_expression	48	0	0.5	0.201	0.184	0.218	0.124	0.018	0.036	not_skewed
GTEX-1GZ4H	breast	allelic_expression	68	0	0.5	0.069	0.103	0.097	0.091	0.011	0.022	not_skewed
GTEX-1GZHY	breast	allelic_expression	45	0.115	0.5	0.357	0.063	0.334	0.071	0.011	0.021	skewed
GTEX-1H1CY	breast	allelic_expression	47	0	0.5	0.278	0.15	0.262	0.116	0.017	0.034	skewed
GTEX-1HBPM	breast	allelic_expression	38	0	0.445	0.201	0.142	0.212	0.126	0.02	0.041	not_skewed
GTEX-1HC8U	breast	allelic_expression	79	0	0.5	0.116	0.115	0.135	0.097	0.011	0.022	not_skewed
GTEX-1HCU8	breast	allelic_expression	51	0	0.5	0.325	0.108	0.32	0.103	0.014	0.029	skewed
GTEX-1HCUA	breast	allelic_expression	64	0	0.5	0.088	0.089	0.119	0.116	0.015	0.029	not_skewed
GTEX-1HFI7	breast	allelic_expression	43	0.015	0.432	0.214	0.124	0.212	0.094	0.014	0.029	not_skewed
GTEX-1HSGN	breast	allelic_expression	74	0.1	0.5	0.368	0.116	0.351	0.106	0.012	0.025	skewed
GTEX-1I1GT	breast	allelic_expression	22	0	0.255	0.08	0.127	0.102	0.08	0.017	0.035	not_skewed
GTEX-1I4MK	breast	allelic_expression	57	0	0.5	0.214	0.181	0.236	0.127	0.017	0.034	not_skewed
GTEX-1ICG6	breast	allelic_expression	41	0.105	0.5	0.278	0.138	0.287	0.087	0.014	0.027	skewed
GTEX-1IDJE	breast	allelic_expression	54	0	0.5	0.136	0.181	0.162	0.127	0.017	0.035	not_skewed
GTEX-1IDJU	breast	allelic_expression	48	0	0.5	0.161	0.111	0.179	0.101	0.015	0.029	not_skewed
GTEX-1IE54	breast	allelic_expression	37	0.005	0.5	0.111	0.133	0.132	0.104	0.017	0.035	not_skewed
GTEX-1IKOE	breast	allelic_expression	59	0.056	0.5	0.281	0.12	0.296	0.092	0.012	0.024	skewed
GTEX-1IKOH	breast	allelic_expression	45	0.259	0.5	0.367	0.073	0.377	0.07	0.01	0.021	skewed
GTEX-1J8EW	breast	allelic_expression	42	0	0.333	0.102	0.13	0.13	0.085	0.013	0.026	not_skewed
GTEX-1J8QM	breast	allelic_expression	51	0	0.364	0.067	0.133	0.097	0.088	0.012	0.025	not_skewed
GTEX-1JMOU	breast	allelic_expression	41	0	0.5	0.2	0.147	0.214	0.112	0.017	0.035	not_skewed
GTEX-1JN1M	breast	allelic_expression	46	0.192	0.5	0.331	0.095	0.337	0.074	0.011	0.022	skewed
GTEX-1K9T9	breast	allelic_expression	49	0.019	0.444	0.167	0.161	0.188	0.111	0.016	0.032	not_skewed
GTEX-1KANC	breast	allelic_expression	47	0.024	0.5	0.184	0.137	0.201	0.105	0.015	0.031	not_skewed
GTEX-1LNCM	breast	allelic_expression	42	0.007	0.5	0.242	0.115	0.239	0.108	0.017	0.034	not_skewed
GTEX-1LVAM	breast	allelic_expression	44	0.006	0.375	0.074	0.082	0.092	0.075	0.011	0.023	not_skewed
GTEX-1LVAN	breast	allelic_expression	36	0	0.305	0.075	0.107	0.105	0.084	0.014	0.029	not_skewed
GTEX-1MA7W	breast	allelic_expression	46	0.083	0.5	0.385	0.119	0.354	0.095	0.014	0.028	skewed
GTEX-1MCC2	breast	allelic_expression	75	0	0.5	0.125	0.095	0.143	0.106	0.012	0.024	not_skewed
GTEX-1MCYP	breast	allelic_expression	53	0	0.423	0.211	0.153	0.201	0.105	0.014	0.029	not_skewed
GTEX-1NUQO	breast	allelic_expression	42	0.02	0.5	0.354	0.116	0.335	0.102	0.016	0.032	skewed
GTEX-1POEN	breast	allelic_expression	45	0	0.357	0.125	0.097	0.131	0.091	0.014	0.027	not_skewed
GTEX-1QCLZ	breast	allelic_expression	43	0	0.417	0.135	0.146	0.156	0.111	0.017	0.034	not_skewed
GTEX-1QEPI	breast	allelic_expression	56	0	0.5	0.099	0.094	0.12	0.097	0.013	0.026	not_skewed
GTEX-1QP28	breast	allelic_expression	50	0	0.5	0.117	0.14	0.157	0.13	0.018	0.037	not_skewed
GTEX-1QPFJ	breast	allelic_expression	59	0	0.499	0.125	0.1	0.135	0.09	0.012	0.023	not_skewed
GTEX-1R46S	breast	allelic_expression	34	0.214	0.5	0.395	0.088	0.399	0.07	0.012	0.024	skewed
GTEX-1R9JW	breast	allelic_expression	30	0.014	0.389	0.112	0.113	0.137	0.084	0.015	0.031	not_skewed
GTEX-1R9PN	breast	allelic_expression	39	0	0.315	0.104	0.126	0.12	0.087	0.014	0.028	not_skewed
GTEX-1S82U	breast	allelic_expression	42	0	0.5	0.079	0.097	0.108	0.095	0.015	0.03	not_skewed
GTEX-1S82Z	breast	allelic_expression	38	0	0.5	0.28	0.114	0.283	0.105	0.017	0.035	skewed
GTEX-S4P3	breast	allelic_expression	25	0.062	0.5	0.225	0.218	0.231	0.139	0.028	0.058	not_skewed
GTEX-T2IS	breast	allelic_expression	38	0.063	0.423	0.295	0.112	0.283	0.091	0.015	0.03	skewed
GTEX-TML8	breast	allelic_expression	36	0	0.447	0.268	0.124	0.261	0.107	0.018	0.036	skewed
GTEX-TMMY	breast	allelic_expression	43	0	0.5	0.056	0.077	0.083	0.085	0.013	0.026	not_skewed
GTEX-UJHI	breast	allelic_expression	42	0	0.395	0.09	0.12	0.129	0.109	0.017	0.034	not_skewed
GTEX-VJWN	breast	allelic_expression	46	0.014	0.5	0.188	0.141	0.205	0.118	0.017	0.035	not_skewed
GTEX-WI4N	breast	allelic_expression	37	0	0.497	0.064	0.075	0.102	0.112	0.018	0.037	not_skewed
GTEX-WRHU	breast	allelic_expression	36	0	0.395	0.2	0.12	0.19	0.094	0.016	0.032	not_skewed
GTEX-WXYG	breast	allelic_expression	52	0.02	0.5	0.223	0.172	0.236	0.114	0.016	0.032	not_skewed
GTEX-WYBS	breast	allelic_expression	38	0	0.4	0.08	0.121	0.118	0.103	0.017	0.034	not_skewed
GTEX-XMD2	breast	allelic_expression	37	0	0.5	0.069	0.102	0.105	0.104	0.017	0.035	not_skewed
GTEX-XOT4	breast	allelic_expression	42	0	0.367	0.08	0.124	0.112	0.085	0.013	0.026	not_skewed
GTEX-XUJ4	breast	allelic_expression	36	0.25	0.5	0.421	0.081	0.416	0.071	0.012	0.024	skewed
GTEX-XUW1	breast	allelic_expression	30	0	0.357	0.088	0.085	0.106	0.09	0.016	0.034	not_skewed
GTEX-XUZC	breast	allelic_expression	39	0	0.5	0.427	0.094	0.392	0.116	0.019	0.037	skewed
GTEX-XV7Q	breast	allelic_expression	54	0.125	0.5	0.368	0.101	0.363	0.08	0.011	0.022	skewed
GTEX-XYKS	breast	allelic_expression	39	0.016	0.304	0.125	0.089	0.127	0.076	0.012	0.025	not_skewed
GTEX-Y3IK	breast	allelic_expression	55	0	0.5	0.25	0.23	0.251	0.137	0.018	0.037	skewed
GTEX-Y5LM	breast	allelic_expression	27	0.115	0.5	0.31	0.128	0.311	0.095	0.018	0.038	skewed
GTEX-Y5V5	breast	allelic_expression	36	0	0.413	0.105	0.136	0.123	0.107	0.018	0.036	not_skewed
GTEX-Y8LW	breast	allelic_expression	37	0.071	0.4	0.269	0.08	0.262	0.074	0.012	0.025	skewed
GTEX-YB5K	breast	allelic_expression	38	0.026	0.389	0.181	0.102	0.19	0.092	0.015	0.03	not_skewed
GTEX-YJ8O	breast	allelic_expression	51	0	0.5	0.167	0.15	0.172	0.104	0.014	0.029	not_skewed
GTEX-ZAJG	breast	allelic_expression	52	0	0.5	0.213	0.114	0.208	0.104	0.014	0.029	not_skewed
GTEX-ZAK1	breast	allelic_expression	37	0	0.447	0.078	0.178	0.137	0.126	0.021	0.042	not_skewed
GTEX-ZC5H	breast	allelic_expression	44	0	0.423	0.241	0.096	0.229	0.09	0.014	0.027	not_skewed
GTEX-ZF29	breast	allelic_expression	45	0	0.5	0.227	0.17	0.241	0.124	0.019	0.037	not_skewed
GTEX-ZF2S	breast	allelic_expression	40	0.02	0.5	0.191	0.154	0.213	0.12	0.019	0.038	not_skewed
GTEX-ZF3C	breast	allelic_expression	35	0.2	0.5	0.394	0.103	0.398	0.077	0.013	0.026	skewed
GTEX-ZGAY	breast	allelic_expression	32	0	0.3	0.058	0.145	0.09	0.092	0.016	0.033	not_skewed
GTEX-ZLV1	breast	allelic_expression	39	0	0.357	0.083	0.089	0.1	0.08	0.013	0.026	not_skewed
GTEX-ZLWG	breast	allelic_expression	46	0.019	0.5	0.181	0.163	0.202	0.122	0.018	0.036	not_skewed
GTEX-ZTPG	breast	allelic_expression	34	0	0.497	0.107	0.165	0.137	0.128	0.022	0.045	not_skewed
GTEX-ZV6S	breast	allelic_expression	41	0	0.265	0.076	0.08	0.095	0.066	0.01	0.021	not_skewed
GTEX-ZVT2	breast	allelic_expression	33	0.048	0.5	0.304	0.095	0.303	0.096	0.017	0.034	skewed
GTEX-ZVT4	breast	allelic_expression	45	0.024	0.5	0.179	0.156	0.183	0.109	0.016	0.033	not_skewed
GTEX-ZVZQ	breast	allelic_expression	38	0	0.5	0.094	0.099	0.124	0.117	0.019	0.039	not_skewed
GTEX-ZXES	breast	allelic_expression	42	0.093	0.5	0.318	0.125	0.308	0.09	0.014	0.028	skewed
GTEX-ZYWO	breast	allelic_expression	48	0.013	0.395	0.101	0.083	0.118	0.079	0.011	0.023	not_skewed
GTEX-ZZPU	breast	allelic_expression	46	0.4	0.5	0.481	0.04	0.476	0.028	0.004	0.008	skewed
GTEX-1122O	stomach	allelic_expression	33	0	0.5	0.25	0.146	0.262	0.117	0.02	0.041	skewed
GTEX-11DXX	stomach	allelic_expression	35	0	0.497	0.065	0.107	0.096	0.095	0.016	0.033	not_skewed
GTEX-11EM3	stomach	allelic_expression	36	0.013	0.5	0.309	0.137	0.279	0.126	0.021	0.043	skewed
GTEX-11I78	stomach	allelic_expression	46	0	0.4	0.141	0.097	0.142	0.078	0.012	0.023	not_skewed
GTEX-11VI4	stomach	allelic_expression	39	0.038	0.393	0.269	0.112	0.265	0.083	0.013	0.027	skewed
GTEX-1211K	stomach	allelic_expression	46	0	0.227	0.079	0.105	0.093	0.067	0.01	0.02	not_skewed
GTEX-12WS9	stomach	allelic_expression	49	0.022	0.5	0.244	0.139	0.241	0.108	0.015	0.031	not_skewed
GTEX-12WSG	stomach	allelic_expression	21	0	0.5	0.125	0.114	0.162	0.112	0.024	0.051	not_skewed
GTEX-12WSJ	stomach	allelic_expression	39	0	0.357	0.08	0.126	0.107	0.09	0.014	0.029	not_skewed
GTEX-12WSK	stomach	allelic_expression	43	0	0.497	0.096	0.097	0.124	0.104	0.016	0.032	not_skewed
GTEX-13113	stomach	allelic_expression	40	0	0.352	0.187	0.068	0.18	0.08	0.013	0.026	not_skewed
GTEX-131XG	stomach	allelic_expression	29	0	0.5	0.237	0.143	0.234	0.12	0.022	0.046	not_skewed
GTEX-132AR	stomach	allelic_expression	32	0	0.455	0.253	0.169	0.246	0.12	0.021	0.043	skewed
GTEX-133LE	stomach	allelic_expression	26	0.033	0.5	0.34	0.196	0.319	0.13	0.026	0.053	skewed
GTEX-1399S	stomach	allelic_expression	45	0	0.426	0.112	0.144	0.134	0.098	0.015	0.03	not_skewed
GTEX-1399U	stomach	allelic_expression	41	0	0.389	0.119	0.139	0.143	0.1	0.016	0.032	not_skewed
GTEX-139D8	stomach	allelic_expression	37	0	0.375	0.286	0.123	0.251	0.1	0.016	0.033	skewed
GTEX-13CF3	stomach	allelic_expression	28	0.071	0.5	0.399	0.16	0.36	0.116	0.022	0.045	skewed
GTEX-13D11	stomach	allelic_expression	41	0.125	0.5	0.3	0.169	0.299	0.1	0.016	0.032	skewed
GTEX-13FH7	stomach	allelic_expression	38	0	0.3	0.109	0.092	0.114	0.072	0.012	0.024	not_skewed
GTEX-13FTX	stomach	allelic_expression	37	0.056	0.5	0.226	0.123	0.225	0.095	0.016	0.032	not_skewed
GTEX-13OVI	stomach	allelic_expression	64	0	0.5	0.085	0.364	0.176	0.182	0.023	0.045	not_skewed
GTEX-13PVR	stomach	allelic_expression	30	0.1	0.5	0.3	0.163	0.297	0.109	0.02	0.041	skewed
GTEX-13QBU	stomach	allelic_expression	42	0	0.5	0.115	0.108	0.14	0.113	0.017	0.035	not_skewed
GTEX-13S7M	stomach	allelic_expression	33	0	0.5	0.079	0.075	0.098	0.098	0.017	0.035	not_skewed
GTEX-13U4I	stomach	allelic_expression	33	0.015	0.5	0.079	0.115	0.118	0.107	0.019	0.038	not_skewed
GTEX-13X6H	stomach	allelic_expression	44	0	0.329	0.045	0.069	0.068	0.072	0.011	0.022	not_skewed
GTEX-146FH	stomach	allelic_expression	45	0	0.5	0.2	0.113	0.208	0.117	0.017	0.035	not_skewed
GTEX-146FR	stomach	allelic_expression	41	0	0.278	0.088	0.144	0.105	0.083	0.013	0.026	not_skewed
GTEX-14BMU	stomach	allelic_expression	33	0	0.5	0.152	0.186	0.188	0.128	0.022	0.045	not_skewed
GTEX-14DAQ	stomach	allelic_expression	31	0.033	0.389	0.167	0.174	0.186	0.109	0.02	0.04	not_skewed
GTEX-14JG6	stomach	allelic_expression	43	0	0.361	0.143	0.135	0.162	0.098	0.015	0.03	not_skewed
GTEX-14PHY	stomach	allelic_expression	53	0.038	0.5	0.178	0.117	0.191	0.1	0.014	0.027	not_skewed
GTEX-14PJ5	stomach	allelic_expression	26	0	0.5	0.167	0.125	0.188	0.132	0.026	0.053	not_skewed
GTEX-14PJ6	stomach	allelic_expression	34	0	0.5	0.115	0.131	0.133	0.107	0.018	0.037	not_skewed
GTEX-14PKU	stomach	allelic_expression	34	0.029	0.389	0.155	0.118	0.173	0.09	0.015	0.031	not_skewed
GTEX-14PKV	stomach	allelic_expression	30	0	0.357	0.084	0.096	0.093	0.077	0.014	0.029	not_skewed
GTEX-14PN3	stomach	allelic_expression	38	0	0.5	0.166	0.086	0.185	0.096	0.016	0.032	not_skewed
GTEX-15DYW	stomach	allelic_expression	29	0.119	0.417	0.25	0.11	0.255	0.076	0.014	0.029	skewed
GTEX-15DZA	stomach	allelic_expression	29	0	0.5	0.3	0.13	0.299	0.106	0.02	0.041	skewed
GTEX-16NGA	stomach	allelic_expression	66	0	0.5	0.291	0.108	0.291	0.104	0.013	0.026	skewed
GTEX-17F98	stomach	allelic_expression	31	0	0.423	0.211	0.107	0.211	0.099	0.018	0.036	not_skewed
GTEX-17JCI	stomach	allelic_expression	31	0.011	0.375	0.125	0.116	0.14	0.096	0.017	0.035	not_skewed
GTEX-18A7A	stomach	allelic_expression	28	0.02	0.5	0.158	0.15	0.165	0.104	0.02	0.04	not_skewed
GTEX-18D9A	stomach	allelic_expression	41	0	0.5	0.214	0.118	0.203	0.118	0.018	0.037	not_skewed
GTEX-1AMEY	stomach	allelic_expression	33	0	0.333	0.125	0.137	0.122	0.092	0.016	0.033	not_skewed
GTEX-1AMFI	stomach	allelic_expression	35	0	0.417	0.214	0.134	0.22	0.106	0.018	0.037	not_skewed
GTEX-1B97J	stomach	allelic_expression	31	0	0.5	0.111	0.148	0.146	0.119	0.021	0.044	not_skewed
GTEX-1C475	stomach	allelic_expression	29	0.333	0.5	0.438	0.061	0.434	0.049	0.009	0.019	skewed
GTEX-1CB4H	stomach	allelic_expression	43	0	0.5	0.13	0.149	0.14	0.103	0.016	0.032	not_skewed
GTEX-1F5PL	stomach	allelic_expression	36	0.002	0.498	0.122	0.125	0.147	0.118	0.02	0.04	not_skewed
GTEX-1GF9U	stomach	allelic_expression	35	0	0.5	0.25	0.173	0.248	0.127	0.021	0.044	skewed
GTEX-1GN1W	stomach	allelic_expression	53	0	0.5	0.1	0.14	0.148	0.131	0.018	0.036	not_skewed
GTEX-1GZ4H	stomach	allelic_expression	61	0	0.5	0.167	0.133	0.175	0.11	0.014	0.028	not_skewed
GTEX-1HCU8	stomach	allelic_expression	48	0	0.5	0.088	0.134	0.129	0.128	0.019	0.037	not_skewed
GTEX-1HCUA	stomach	allelic_expression	52	0	0.5	0.079	0.089	0.093	0.093	0.013	0.026	not_skewed
GTEX-1HFI7	stomach	allelic_expression	34	0.033	0.5	0.276	0.129	0.268	0.113	0.019	0.039	skewed
GTEX-1HSGN	stomach	allelic_expression	69	0.02	0.5	0.237	0.104	0.247	0.107	0.013	0.026	not_skewed
GTEX-1I1GT	stomach	allelic_expression	30	0.022	0.5	0.196	0.135	0.209	0.106	0.019	0.04	not_skewed
GTEX-1I4MK	stomach	allelic_expression	61	0.2	0.5	0.37	0.085	0.364	0.074	0.009	0.019	skewed
GTEX-1ICG6	stomach	allelic_expression	35	0.038	0.5	0.19	0.156	0.213	0.125	0.021	0.043	not_skewed
GTEX-1IDJU	stomach	allelic_expression	48	0	0.5	0.198	0.119	0.208	0.098	0.014	0.028	not_skewed
GTEX-1J8EW	stomach	allelic_expression	43	0.014	0.389	0.136	0.153	0.153	0.109	0.017	0.034	not_skewed
GTEX-1J8JJ	stomach	allelic_expression	20	0	0.5	0.167	0.157	0.195	0.149	0.033	0.07	not_skewed
GTEX-1J8QM	stomach	allelic_expression	44	0	0.439	0.146	0.163	0.166	0.118	0.018	0.036	not_skewed
GTEX-1JN1M	stomach	allelic_expression	44	0.062	0.5	0.294	0.139	0.302	0.101	0.015	0.031	skewed
GTEX-1JN76	stomach	allelic_expression	34	0	0.5	0.147	0.107	0.165	0.091	0.016	0.032	not_skewed
GTEX-1LGOU	stomach	allelic_expression	47	0	0.499	0.13	0.133	0.144	0.108	0.016	0.032	not_skewed
GTEX-1LVAM	stomach	allelic_expression	50	0	0.233	0.082	0.075	0.078	0.053	0.008	0.015	not_skewed
GTEX-1LVAN	stomach	allelic_expression	29	0	0.5	0.182	0.118	0.193	0.11	0.02	0.042	not_skewed
GTEX-1MCYP	stomach	allelic_expression	38	0	0.389	0.076	0.095	0.1	0.102	0.016	0.033	not_skewed
GTEX-1QCLZ	stomach	allelic_expression	36	0	0.4	0.18	0.178	0.171	0.111	0.019	0.038	not_skewed
GTEX-1QP28	stomach	allelic_expression	57	0	0.5	0.217	0.136	0.209	0.117	0.016	0.031	not_skewed
GTEX-1QP67	stomach	allelic_expression	47	0.013	0.357	0.115	0.107	0.137	0.089	0.013	0.026	not_skewed
GTEX-1QPFJ	stomach	allelic_expression	48	0	0.5	0.109	0.111	0.131	0.113	0.016	0.033	not_skewed
GTEX-1S82Z	stomach	allelic_expression	31	0	0.4	0.278	0.106	0.251	0.106	0.019	0.039	skewed
GTEX-P78B	stomach	allelic_expression	28	0.071	0.499	0.28	0.144	0.274	0.098	0.019	0.038	skewed
GTEX-POMQ	stomach	allelic_expression	55	0.003	0.498	0.071	0.067	0.106	0.1	0.014	0.027	not_skewed
GTEX-PWCY	stomach	allelic_expression	28	0	0.357	0.071	0.096	0.085	0.081	0.015	0.031	not_skewed
GTEX-PWN1	stomach	allelic_expression	31	0.052	0.5	0.305	0.152	0.295	0.117	0.021	0.043	skewed
GTEX-PX3G	stomach	allelic_expression	28	0	0.5	0.108	0.139	0.139	0.122	0.023	0.047	not_skewed
GTEX-QCQG	stomach	allelic_expression	40	0	0.499	0.222	0.125	0.228	0.102	0.016	0.033	not_skewed
GTEX-S4P3	stomach	allelic_expression	30	0	0.5	0.1	0.184	0.15	0.143	0.026	0.054	not_skewed
GTEX-TMMY	stomach	allelic_expression	39	0.062	0.5	0.266	0.122	0.263	0.1	0.016	0.032	skewed
GTEX-UJHI	stomach	allelic_expression	47	0	0.375	0.066	0.084	0.088	0.081	0.012	0.024	not_skewed
GTEX-UPIC	stomach	allelic_expression	50	0.458	0.5	0.5	0	0.497	0.009	0.001	0.002	skewed
GTEX-WRHK	stomach	allelic_expression	30	0	0.5	0.18	0.137	0.179	0.112	0.02	0.042	not_skewed
GTEX-WXYG	stomach	allelic_expression	35	0.026	0.5	0.324	0.143	0.305	0.126	0.021	0.043	skewed
GTEX-XUJ4	stomach	allelic_expression	28	0.079	0.5	0.306	0.087	0.323	0.109	0.021	0.042	skewed
GTEX-XUZC	stomach	allelic_expression	35	0.274	0.5	0.431	0.124	0.423	0.07	0.012	0.024	skewed
GTEX-XV7Q	stomach	allelic_expression	45	0	0.5	0.154	0.138	0.17	0.119	0.018	0.036	not_skewed
GTEX-Y3IK	stomach	allelic_expression	36	0.109	0.5	0.43	0.158	0.391	0.118	0.02	0.04	skewed
GTEX-Y5LM	stomach	allelic_expression	23	0.083	0.5	0.315	0.071	0.317	0.099	0.021	0.043	skewed
GTEX-Y8LW	stomach	allelic_expression	32	0.011	0.333	0.1	0.119	0.129	0.081	0.014	0.029	not_skewed
GTEX-ZE7O	stomach	allelic_expression	36	0.038	0.375	0.157	0.103	0.16	0.083	0.014	0.028	not_skewed
GTEX-ZF29	stomach	allelic_expression	35	0.056	0.5	0.389	0.164	0.356	0.131	0.022	0.045	skewed
GTEX-ZF2S	stomach	allelic_expression	26	0	0.375	0.094	0.16	0.128	0.101	0.02	0.041	not_skewed
GTEX-ZGAY	stomach	allelic_expression	30	0.088	0.5	0.337	0.073	0.328	0.078	0.014	0.029	skewed
GTEX-ZLV1	stomach	allelic_expression	35	0.083	0.5	0.378	0.121	0.363	0.107	0.018	0.037	skewed
GTEX-ZLWG	stomach	allelic_expression	42	0.026	0.5	0.232	0.151	0.245	0.119	0.018	0.037	not_skewed
GTEX-ZP4G	stomach	allelic_expression	41	0	0.499	0.136	0.158	0.136	0.104	0.016	0.033	not_skewed
GTEX-ZV6S	stomach	allelic_expression	41	0	0.3	0.056	0.096	0.08	0.074	0.012	0.023	not_skewed
GTEX-ZVT2	stomach	allelic_expression	33	0.071	0.5	0.371	0.147	0.339	0.13	0.023	0.046	skewed
GTEX-ZVT3	stomach	allelic_expression	34	0	0.397	0.141	0.187	0.165	0.117	0.02	0.041	not_skewed
GTEX-ZXES	stomach	allelic_expression	31	0	0.5	0.205	0.152	0.176	0.11	0.02	0.04	not_skewed
GTEX-ZYFG	stomach	allelic_expression	32	0.033	0.333	0.185	0.136	0.188	0.088	0.016	0.032	not_skewed
GTEX-ZYVF	stomach	allelic_expression	34	0	0.5	0.386	0.081	0.385	0.1	0.017	0.035	skewed
GTEX-ZYY3	stomach	allelic_expression	28	0.005	0.3	0.12	0.111	0.12	0.081	0.015	0.032	not_skewed
GTEX-ZZPU	stomach	allelic_expression	35	0.389	0.5	0.5	0	0.493	0.021	0.003	0.007	skewed
GTEX-1122O	skin-2	allelic_expression	35	0.045	0.5	0.343	0.123	0.316	0.117	0.02	0.04	skewed
GTEX-1128S	skin-2	allelic_expression	36	0.047	0.42	0.17	0.147	0.181	0.1	0.017	0.034	not_skewed
GTEX-113JC	skin-2	allelic_expression	43	0	0.5	0.137	0.161	0.163	0.127	0.019	0.039	not_skewed
GTEX-11DXX	skin-2	allelic_expression	43	0	0.498	0.139	0.125	0.148	0.104	0.016	0.032	not_skewed
GTEX-11EM3	skin-2	allelic_expression	42	0	0.5	0.107	0.106	0.13	0.109	0.017	0.034	not_skewed
GTEX-11EMC	skin-2	allelic_expression	28	0	0.441	0.304	0.146	0.267	0.105	0.02	0.041	skewed
GTEX-11P81	skin-2	allelic_expression	42	0.071	0.409	0.227	0.106	0.242	0.081	0.012	0.025	not_skewed
GTEX-11TTK	skin-2	allelic_expression	48	0	0.5	0.284	0.158	0.272	0.127	0.018	0.037	skewed
GTEX-11UD1	skin-2	allelic_expression	51	0.022	0.5	0.409	0.109	0.379	0.106	0.015	0.03	skewed
GTEX-11VI4	skin-2	allelic_expression	39	0	0.389	0.14	0.116	0.152	0.107	0.017	0.035	not_skewed
GTEX-11XUK	skin-2	allelic_expression	45	0	0.5	0.375	0.14	0.34	0.137	0.02	0.041	skewed
GTEX-11ZTS	skin-2	allelic_expression	27	0.167	0.5	0.355	0.121	0.349	0.085	0.016	0.034	skewed
GTEX-11ZTT	skin-2	allelic_expression	50	0	0.5	0.082	0.142	0.107	0.106	0.015	0.03	not_skewed
GTEX-11ZVC	skin-2	allelic_expression	40	0.009	0.5	0.151	0.189	0.175	0.118	0.019	0.038	not_skewed
GTEX-1211K	skin-2	allelic_expression	36	0	0.5	0.062	0.092	0.093	0.098	0.016	0.033	not_skewed
GTEX-1269C	skin-2	allelic_expression	32	0	0.409	0.107	0.098	0.121	0.089	0.016	0.032	not_skewed
GTEX-12WS9	skin-2	allelic_expression	36	0.016	0.5	0.339	0.138	0.307	0.116	0.019	0.039	skewed
GTEX-12WSB	skin-2	allelic_expression	39	0	0.5	0.156	0.167	0.183	0.133	0.021	0.043	not_skewed
GTEX-12WSG	skin-2	allelic_expression	37	0	0.5	0.159	0.167	0.157	0.118	0.019	0.039	not_skewed
GTEX-12WSJ	skin-2	allelic_expression	34	0	0.306	0.145	0.11	0.148	0.077	0.013	0.027	not_skewed
GTEX-12WSK	skin-2	allelic_expression	36	0	0.498	0.096	0.108	0.116	0.111	0.019	0.038	not_skewed
GTEX-12ZZX	skin-2	allelic_expression	47	0	0.4	0.083	0.106	0.117	0.094	0.014	0.028	not_skewed
GTEX-13113	skin-2	allelic_expression	46	0	0.357	0.127	0.117	0.144	0.087	0.013	0.026	not_skewed
GTEX-1313W	skin-2	allelic_expression	41	0.045	0.5	0.233	0.094	0.235	0.092	0.014	0.029	not_skewed
GTEX-131XG	skin-2	allelic_expression	31	0	0.5	0.167	0.185	0.189	0.13	0.023	0.048	not_skewed
GTEX-131XW	skin-2	allelic_expression	29	0.233	0.5	0.46	0.077	0.44	0.071	0.013	0.027	skewed
GTEX-133LE	skin-2	allelic_expression	26	0	0.5	0.072	0.121	0.111	0.115	0.023	0.047	not_skewed
GTEX-1399U	skin-2	allelic_expression	28	0	0.5	0.156	0.14	0.151	0.119	0.023	0.046	not_skewed
GTEX-139D8	skin-2	allelic_expression	37	0	0.3	0.079	0.088	0.09	0.079	0.013	0.026	not_skewed
GTEX-139T4	skin-2	allelic_expression	40	0.214	0.5	0.349	0.072	0.355	0.069	0.011	0.022	skewed
GTEX-13CF3	skin-2	allelic_expression	30	0	0.5	0.181	0.099	0.188	0.104	0.019	0.039	not_skewed
GTEX-13D11	skin-2	allelic_expression	39	0	0.25	0.091	0.067	0.1	0.059	0.01	0.019	not_skewed
GTEX-13FH7	skin-2	allelic_expression	38	0.038	0.389	0.179	0.135	0.194	0.096	0.016	0.032	not_skewed
GTEX-13FTX	skin-2	allelic_expression	44	0	0.5	0.093	0.122	0.118	0.095	0.014	0.029	not_skewed
GTEX-13FTY	skin-2	allelic_expression	36	0.071	0.5	0.393	0.142	0.383	0.106	0.018	0.036	skewed
GTEX-13JUV	skin-2	allelic_expression	48	0.062	0.5	0.289	0.109	0.288	0.108	0.016	0.031	skewed
GTEX-13N11	skin-2	allelic_expression	57	0	0.5	0.25	0.239	0.252	0.143	0.019	0.038	skewed
GTEX-13NZ8	skin-2	allelic_expression	29	0	0.5	0.125	0.118	0.137	0.121	0.022	0.046	not_skewed
GTEX-13O3O	skin-2	allelic_expression	45	0.056	0.441	0.237	0.111	0.23	0.088	0.013	0.026	not_skewed
GTEX-13OVI	skin-2	allelic_expression	57	0	0.5	0.08	0.116	0.109	0.11	0.015	0.029	not_skewed
GTEX-13PVR	skin-2	allelic_expression	35	0	0.289	0.071	0.074	0.092	0.075	0.013	0.026	not_skewed
GTEX-13S7M	skin-2	allelic_expression	41	0	0.214	0.065	0.079	0.078	0.058	0.009	0.018	not_skewed
GTEX-13SLX	skin-2	allelic_expression	44	0	0.5	0.195	0.1	0.214	0.108	0.016	0.033	not_skewed
GTEX-13U4I	skin-2	allelic_expression	33	0	0.5	0.208	0.126	0.216	0.113	0.02	0.04	not_skewed
GTEX-13VXT	skin-2	allelic_expression	56	0	0.375	0.124	0.116	0.125	0.091	0.012	0.024	not_skewed
GTEX-13W3W	skin-2	allelic_expression	47	0	0.375	0.106	0.115	0.116	0.085	0.012	0.025	not_skewed
GTEX-13X6H	skin-2	allelic_expression	43	0	0.389	0.136	0.123	0.146	0.096	0.015	0.03	not_skewed
GTEX-145LS	skin-2	allelic_expression	29	0	0.375	0.188	0.131	0.195	0.095	0.018	0.036	not_skewed
GTEX-145MI	skin-2	allelic_expression	40	0.056	0.5	0.346	0.101	0.331	0.102	0.016	0.033	skewed
GTEX-146FH	skin-2	allelic_expression	39	0.083	0.5	0.25	0.096	0.264	0.108	0.017	0.035	skewed
GTEX-146FR	skin-2	allelic_expression	41	0.022	0.375	0.136	0.153	0.148	0.093	0.015	0.029	not_skewed
GTEX-147F3	skin-2	allelic_expression	35	0	0.375	0.079	0.159	0.122	0.1	0.017	0.034	not_skewed
GTEX-148VI	skin-2	allelic_expression	43	0.02	0.498	0.181	0.138	0.18	0.091	0.014	0.028	not_skewed
GTEX-14A5I	skin-2	allelic_expression	37	0.208	0.5	0.392	0.079	0.384	0.076	0.013	0.025	skewed
GTEX-14BIM	skin-2	allelic_expression	40	0	0.481	0.148	0.153	0.164	0.124	0.02	0.04	not_skewed
GTEX-14BIN	skin-2	allelic_expression	32	0	0.5	0.077	0.159	0.134	0.122	0.022	0.044	not_skewed
GTEX-14BMU	skin-2	allelic_expression	38	0	0.5	0.11	0.098	0.134	0.11	0.018	0.036	not_skewed
GTEX-14DAQ	skin-2	allelic_expression	36	0.012	0.5	0.114	0.085	0.142	0.115	0.019	0.039	not_skewed
GTEX-14JG6	skin-2	allelic_expression	40	0	0.457	0.216	0.131	0.221	0.105	0.017	0.034	not_skewed
GTEX-14LLW	skin-2	allelic_expression	44	0.071	0.5	0.3	0.148	0.294	0.113	0.017	0.034	skewed
GTEX-14LZ3	skin-2	allelic_expression	37	0	0.5	0.283	0.119	0.277	0.114	0.019	0.038	skewed
GTEX-14PHW	skin-2	allelic_expression	39	0.009	0.5	0.267	0.223	0.255	0.133	0.021	0.043	skewed
GTEX-14PJ6	skin-2	allelic_expression	35	0	0.5	0.224	0.148	0.243	0.116	0.02	0.04	not_skewed
GTEX-14PK6	skin-2	allelic_expression	25	0	0.5	0.214	0.179	0.238	0.131	0.026	0.054	not_skewed
GTEX-14PN3	skin-2	allelic_expression	33	0	0.438	0.175	0.102	0.184	0.098	0.017	0.035	not_skewed
GTEX-14XAO	skin-2	allelic_expression	31	0	0.5	0.382	0.118	0.352	0.133	0.024	0.049	skewed
GTEX-15CHC	skin-2	allelic_expression	40	0.2	0.5	0.398	0.092	0.388	0.08	0.013	0.026	skewed
GTEX-15DCD	skin-2	allelic_expression	45	0.071	0.5	0.302	0.079	0.305	0.09	0.013	0.027	skewed
GTEX-15DDE	skin-2	allelic_expression	43	0	0.5	0.138	0.116	0.173	0.113	0.017	0.035	not_skewed
GTEX-15DYW	skin-2	allelic_expression	36	0.033	0.447	0.325	0.114	0.296	0.105	0.017	0.035	skewed
GTEX-15EOM	skin-2	allelic_expression	33	0	0.214	0.081	0.089	0.087	0.063	0.011	0.022	not_skewed
GTEX-15ETS	skin-2	allelic_expression	29	0.045	0.5	0.212	0.153	0.221	0.12	0.022	0.045	not_skewed
GTEX-15SB6	skin-2	allelic_expression	35	0	0.429	0.104	0.108	0.123	0.102	0.017	0.035	not_skewed
GTEX-15SDE	skin-2	allelic_expression	59	0.018	0.375	0.157	0.148	0.177	0.093	0.012	0.024	not_skewed
GTEX-15SHU	skin-2	allelic_expression	29	0.004	0.389	0.143	0.093	0.155	0.085	0.016	0.032	not_skewed
GTEX-15UF6	skin-2	allelic_expression	39	0.022	0.367	0.167	0.089	0.165	0.087	0.014	0.028	not_skewed
GTEX-16BQI	skin-2	allelic_expression	51	0	0.5	0.25	0.109	0.232	0.093	0.013	0.026	skewed
GTEX-16MT8	skin-2	allelic_expression	37	0.026	0.5	0.24	0.143	0.244	0.137	0.023	0.046	not_skewed
GTEX-16NGA	skin-2	allelic_expression	56	0.1	0.5	0.389	0.099	0.371	0.095	0.013	0.025	skewed
GTEX-17F98	skin-2	allelic_expression	26	0.02	0.5	0.236	0.082	0.229	0.111	0.022	0.045	not_skewed
GTEX-17HG3	skin-2	allelic_expression	35	0	0.5	0.1	0.137	0.122	0.116	0.02	0.04	not_skewed
GTEX-17JCI	skin-2	allelic_expression	25	0	0.433	0.167	0.083	0.176	0.105	0.021	0.043	not_skewed
GTEX-183WM	skin-2	allelic_expression	37	0.056	0.385	0.167	0.11	0.186	0.08	0.013	0.027	not_skewed
GTEX-18A7A	skin-2	allelic_expression	41	0	0.5	0.1	0.082	0.107	0.088	0.014	0.028	not_skewed
GTEX-18D9A	skin-2	allelic_expression	33	0.019	0.5	0.403	0.121	0.371	0.127	0.022	0.045	skewed
GTEX-19HZE	skin-2	allelic_expression	35	0	0.462	0.4	0.109	0.355	0.106	0.018	0.036	skewed
GTEX-1A32A	skin-2	allelic_expression	40	0	0.375	0.096	0.086	0.117	0.096	0.015	0.031	not_skewed
GTEX-1A3MW	skin-2	allelic_expression	43	0.013	0.389	0.134	0.11	0.154	0.096	0.015	0.029	not_skewed
GTEX-1A8FM	skin-2	allelic_expression	57	0	0.312	0.09	0.093	0.105	0.076	0.01	0.02	not_skewed
GTEX-1AMEY	skin-2	allelic_expression	37	0.006	0.417	0.192	0.143	0.199	0.099	0.016	0.033	not_skewed
GTEX-1AMFI	skin-2	allelic_expression	36	0	0.346	0.06	0.05	0.079	0.078	0.013	0.026	not_skewed
GTEX-1B932	skin-2	allelic_expression	51	0	0.5	0.153	0.123	0.173	0.118	0.017	0.033	not_skewed
GTEX-1C475	skin-2	allelic_expression	37	0.034	0.429	0.188	0.079	0.191	0.088	0.014	0.029	not_skewed
GTEX-1CAMS	skin-2	allelic_expression	29	0.071	0.5	0.312	0.142	0.317	0.113	0.021	0.043	skewed
GTEX-1CAV2	skin-2	allelic_expression	50	0.033	0.5	0.195	0.174	0.223	0.128	0.018	0.036	not_skewed
GTEX-1CB4H	skin-2	allelic_expression	38	0	0.5	0.138	0.163	0.149	0.11	0.018	0.036	not_skewed
GTEX-1EWIQ	skin-2	allelic_expression	34	0	0.5	0.194	0.127	0.206	0.124	0.021	0.043	not_skewed
GTEX-1F52S	skin-2	allelic_expression	39	0	0.5	0.071	0.133	0.108	0.105	0.017	0.034	not_skewed
GTEX-1F5PL	skin-2	allelic_expression	39	0	0.5	0.167	0.095	0.173	0.093	0.015	0.03	not_skewed
GTEX-1F6RS	skin-2	allelic_expression	29	0.071	0.5	0.359	0.111	0.324	0.101	0.019	0.039	skewed
GTEX-1F7RK	skin-2	allelic_expression	34	0	0.395	0.073	0.071	0.103	0.094	0.016	0.033	not_skewed
GTEX-1F88F	skin-2	allelic_expression	34	0.1	0.5	0.343	0.153	0.328	0.109	0.019	0.038	skewed
GTEX-1GF9U	skin-2	allelic_expression	36	0	0.5	0.076	0.133	0.125	0.129	0.021	0.044	not_skewed
GTEX-1GF9X	skin-2	allelic_expression	43	0	0.5	0.184	0.171	0.203	0.121	0.018	0.037	not_skewed
GTEX-1GN1W	skin-2	allelic_expression	46	0	0.5	0.115	0.147	0.139	0.106	0.016	0.032	not_skewed
GTEX-1GZ4H	skin-2	allelic_expression	68	0	0.5	0.192	0.1	0.192	0.105	0.013	0.025	not_skewed
GTEX-1GZHY	skin-2	allelic_expression	37	0.188	0.459	0.339	0.094	0.328	0.069	0.011	0.023	skewed
GTEX-1H1CY	skin-2	allelic_expression	45	0.019	0.5	0.184	0.122	0.194	0.107	0.016	0.032	not_skewed
GTEX-1H2FU	skin-2	allelic_expression	40	0	0.429	0.11	0.124	0.139	0.109	0.017	0.035	not_skewed
GTEX-1HBPH	skin-2	allelic_expression	42	0	0.4	0.057	0.092	0.081	0.082	0.013	0.025	not_skewed
GTEX-1HBPM	skin-2	allelic_expression	34	0	0.4	0.216	0.142	0.215	0.104	0.018	0.036	not_skewed
GTEX-1HCU8	skin-2	allelic_expression	48	0	0.5	0.208	0.149	0.222	0.133	0.019	0.039	not_skewed
GTEX-1HCUA	skin-2	allelic_expression	70	0	0.5	0.127	0.115	0.148	0.101	0.012	0.024	not_skewed
GTEX-1HFI7	skin-2	allelic_expression	38	0.182	0.5	0.291	0.069	0.294	0.068	0.011	0.022	skewed
GTEX-1HSGN	skin-2	allelic_expression	64	0	0.5	0.129	0.142	0.15	0.12	0.015	0.03	not_skewed
GTEX-1I1CD	skin-2	allelic_expression	39	0	0.5	0.143	0.111	0.152	0.128	0.021	0.042	not_skewed
GTEX-1I1GT	skin-2	allelic_expression	33	0	0.397	0.22	0.151	0.211	0.105	0.018	0.037	not_skewed
GTEX-1I4MK	skin-2	allelic_expression	42	0.214	0.5	0.444	0.055	0.433	0.058	0.009	0.018	skewed
GTEX-1ICG6	skin-2	allelic_expression	44	0.1	0.438	0.236	0.1	0.244	0.081	0.012	0.025	not_skewed
GTEX-1IDJU	skin-2	allelic_expression	49	0.016	0.5	0.282	0.099	0.27	0.113	0.016	0.032	skewed
GTEX-1IE54	skin-2	allelic_expression	46	0.056	0.5	0.244	0.084	0.238	0.093	0.014	0.028	not_skewed
GTEX-1IKOH	skin-2	allelic_expression	40	0.121	0.5	0.409	0.085	0.392	0.079	0.013	0.025	skewed
GTEX-1J8EW	skin-2	allelic_expression	42	0	0.389	0.109	0.094	0.135	0.098	0.015	0.031	not_skewed
GTEX-1J8JJ	skin-2	allelic_expression	31	0	0.5	0.357	0.128	0.33	0.115	0.021	0.042	skewed
GTEX-1J8QM	skin-2	allelic_expression	46	0	0.5	0.108	0.118	0.137	0.102	0.015	0.03	not_skewed
GTEX-1JMOU	skin-2	allelic_expression	35	0.042	0.447	0.3	0.1	0.28	0.087	0.015	0.03	skewed
GTEX-1JMQL	skin-2	allelic_expression	36	0	0.5	0.075	0.106	0.104	0.117	0.02	0.04	not_skewed
GTEX-1JN1M	skin-2	allelic_expression	38	0.056	0.5	0.243	0.109	0.23	0.103	0.017	0.034	not_skewed
GTEX-1JN76	skin-2	allelic_expression	31	0.115	0.5	0.392	0.186	0.348	0.121	0.022	0.044	skewed
GTEX-1K9T9	skin-2	allelic_expression	41	0	0.389	0.15	0.156	0.162	0.101	0.016	0.032	not_skewed
GTEX-1KANC	skin-2	allelic_expression	42	0.038	0.415	0.212	0.145	0.209	0.095	0.015	0.03	not_skewed
GTEX-1LGOU	skin-2	allelic_expression	49	0	0.5	0.07	0.095	0.087	0.096	0.014	0.027	not_skewed
GTEX-1LH75	skin-2	allelic_expression	28	0.071	0.441	0.231	0.125	0.238	0.102	0.019	0.039	not_skewed
GTEX-1LNCM	skin-2	allelic_expression	42	0	0.312	0.052	0.123	0.093	0.089	0.014	0.028	not_skewed
GTEX-1LVAN	skin-2	allelic_expression	27	0.167	0.449	0.311	0.136	0.298	0.088	0.017	0.035	skewed
GTEX-1MA7W	skin-2	allelic_expression	38	0	0.37	0.2	0.18	0.179	0.107	0.017	0.035	not_skewed
GTEX-1MCYP	skin-2	allelic_expression	34	0	0.3	0.082	0.104	0.096	0.072	0.012	0.025	not_skewed
GTEX-1NV5F	skin-2	allelic_expression	26	0.024	0.5	0.33	0.207	0.31	0.144	0.028	0.058	skewed
GTEX-1OJC4	skin-2	allelic_expression	48	0	0.318	0.069	0.069	0.092	0.086	0.012	0.025	not_skewed
GTEX-1PBJI	skin-2	allelic_expression	43	0.114	0.5	0.346	0.094	0.34	0.08	0.012	0.025	skewed
GTEX-1POEN	skin-2	allelic_expression	42	0	0.402	0.186	0.134	0.172	0.092	0.014	0.029	not_skewed
GTEX-1QEPI	skin-2	allelic_expression	55	0	0.375	0.115	0.138	0.132	0.093	0.013	0.025	not_skewed
GTEX-1QP67	skin-2	allelic_expression	52	0	0.333	0.15	0.131	0.144	0.089	0.012	0.025	not_skewed
GTEX-1QPFJ	skin-2	allelic_expression	52	0.019	0.498	0.09	0.095	0.116	0.098	0.014	0.027	not_skewed
GTEX-1R46S	skin-2	allelic_expression	26	0.214	0.5	0.393	0.074	0.395	0.079	0.015	0.032	skewed
GTEX-1R9PO	skin-2	allelic_expression	51	0	0.25	0.071	0.11	0.093	0.075	0.011	0.021	not_skewed
GTEX-1RDX4	skin-2	allelic_expression	33	0.033	0.5	0.269	0.106	0.263	0.105	0.018	0.037	skewed
GTEX-1S82Z	skin-2	allelic_expression	31	0	0.4	0.192	0.103	0.19	0.091	0.016	0.033	not_skewed
GTEX-OHPL	skin-2	allelic_expression	35	0	0.5	0.1	0.076	0.121	0.1	0.017	0.034	not_skewed
GTEX-POMQ	skin-2	allelic_expression	41	0.071	0.5	0.311	0.109	0.311	0.091	0.014	0.029	skewed
GTEX-PWCY	skin-2	allelic_expression	37	0	0.375	0.167	0.15	0.175	0.095	0.016	0.032	not_skewed
GTEX-PWN1	skin-2	allelic_expression	28	0.125	0.5	0.424	0.086	0.416	0.081	0.015	0.031	skewed
GTEX-PWO3	skin-2	allelic_expression	22	0	0.5	0.104	0.14	0.121	0.112	0.024	0.049	not_skewed
GTEX-PX3G	skin-2	allelic_expression	29	0.023	0.5	0.203	0.148	0.191	0.117	0.022	0.045	not_skewed
GTEX-QCQG	skin-2	allelic_expression	27	0	0.5	0.071	0.094	0.131	0.125	0.024	0.049	not_skewed
GTEX-R45C	skin-2	allelic_expression	39	0	0.458	0.214	0.147	0.213	0.111	0.018	0.036	not_skewed
GTEX-SN8G	skin-2	allelic_expression	21	0.056	0.5	0.357	0.139	0.312	0.123	0.027	0.056	skewed
GTEX-T2IS	skin-2	allelic_expression	38	0	0.385	0.201	0.121	0.188	0.094	0.015	0.031	not_skewed
GTEX-TML8	skin-2	allelic_expression	21	0.022	0.5	0.109	0.156	0.179	0.151	0.033	0.069	not_skewed
GTEX-TMMY	skin-2	allelic_expression	30	0	0.5	0.071	0.127	0.129	0.121	0.022	0.045	not_skewed
GTEX-UJHI	skin-2	allelic_expression	27	0	0.5	0.206	0.18	0.221	0.134	0.026	0.053	not_skewed
GTEX-UPIC	skin-2	allelic_expression	42	0.333	0.5	0.5	0	0.495	0.026	0.004	0.008	skewed
GTEX-VJWN	skin-2	allelic_expression	32	0.017	0.5	0.113	0.133	0.135	0.098	0.017	0.035	not_skewed
GTEX-WI4N	skin-2	allelic_expression	28	0	0.498	0.145	0.16	0.162	0.113	0.021	0.044	not_skewed
GTEX-WRHK	skin-2	allelic_expression	34	0	0.5	0.183	0.144	0.201	0.114	0.02	0.04	not_skewed
GTEX-WXYG	skin-2	allelic_expression	46	0	0.5	0.195	0.151	0.198	0.11	0.016	0.033	not_skewed
GTEX-X638	skin-2	allelic_expression	40	0	0.5	0.214	0.109	0.222	0.119	0.019	0.038	not_skewed
GTEX-X8HC	skin-2	allelic_expression	33	0	0.5	0.071	0.132	0.123	0.12	0.021	0.043	not_skewed
GTEX-XMD2	skin-2	allelic_expression	40	0	0.333	0.109	0.107	0.113	0.073	0.012	0.023	not_skewed
GTEX-XUJ4	skin-2	allelic_expression	26	0.071	0.5	0.423	0.108	0.407	0.098	0.019	0.04	skewed
GTEX-XUW1	skin-2	allelic_expression	27	0.012	0.206	0.064	0.07	0.076	0.051	0.01	0.02	not_skewed
GTEX-XUZC	skin-2	allelic_expression	25	0.016	0.3	0.1	0.072	0.106	0.071	0.014	0.029	not_skewed
GTEX-XV7Q	skin-2	allelic_expression	51	0.095	0.5	0.343	0.087	0.346	0.087	0.012	0.024	skewed
GTEX-XYKS	skin-2	allelic_expression	46	0	0.5	0.167	0.122	0.183	0.103	0.015	0.031	not_skewed
GTEX-Y3IK	skin-2	allelic_expression	37	0.056	0.5	0.283	0.156	0.274	0.106	0.017	0.035	skewed
GTEX-Y5LM	skin-2	allelic_expression	26	0.062	0.5	0.276	0.182	0.278	0.122	0.024	0.049	skewed
GTEX-Y5V5	skin-2	allelic_expression	31	0	0.269	0.056	0.053	0.066	0.061	0.011	0.023	not_skewed
GTEX-Y8LW	skin-2	allelic_expression	38	0	0.5	0.183	0.169	0.193	0.133	0.022	0.044	not_skewed
GTEX-YB5K	skin-2	allelic_expression	38	0.038	0.5	0.331	0.202	0.309	0.128	0.021	0.042	skewed
GTEX-ZAJG	skin-2	allelic_expression	38	0	0.333	0.128	0.093	0.14	0.084	0.014	0.027	not_skewed
GTEX-ZAK1	skin-2	allelic_expression	33	0	0.5	0.143	0.179	0.173	0.119	0.021	0.042	not_skewed
GTEX-ZC5H	skin-2	allelic_expression	36	0.056	0.5	0.238	0.133	0.234	0.113	0.019	0.038	not_skewed
GTEX-ZE7O	skin-2	allelic_expression	40	0	0.5	0.092	0.175	0.152	0.153	0.024	0.049	not_skewed
GTEX-ZF29	skin-2	allelic_expression	47	0	0.5	0.071	0.101	0.112	0.108	0.016	0.032	not_skewed
GTEX-ZF2S	skin-2	allelic_expression	26	0.1	0.5	0.31	0.087	0.306	0.093	0.018	0.038	skewed
GTEX-ZF3C	skin-2	allelic_expression	25	0.387	0.5	0.444	0.055	0.445	0.036	0.007	0.015	skewed
GTEX-ZGAY	skin-2	allelic_expression	29	0	0.357	0.071	0.13	0.105	0.096	0.018	0.037	not_skewed
GTEX-ZP4G	skin-2	allelic_expression	27	0	0.499	0.071	0.112	0.115	0.112	0.021	0.044	not_skewed
GTEX-ZTPG	skin-2	allelic_expression	36	0	0.5	0.136	0.185	0.164	0.124	0.021	0.042	not_skewed
GTEX-ZV68	skin-2	allelic_expression	33	0.367	0.5	0.489	0.045	0.474	0.037	0.006	0.013	skewed
GTEX-ZV6S	skin-2	allelic_expression	42	0.019	0.357	0.111	0.1	0.13	0.08	0.012	0.025	not_skewed
GTEX-ZVT2	skin-2	allelic_expression	30	0.041	0.5	0.356	0.155	0.341	0.13	0.024	0.048	skewed
GTEX-ZVT3	skin-2	allelic_expression	35	0	0.5	0.312	0.182	0.289	0.141	0.024	0.049	skewed
GTEX-ZVT4	skin-2	allelic_expression	43	0.012	0.5	0.264	0.18	0.253	0.139	0.021	0.043	skewed
GTEX-ZVZQ	skin-2	allelic_expression	40	0	0.5	0.129	0.073	0.15	0.101	0.016	0.032	not_skewed
GTEX-ZXES	skin-2	allelic_expression	29	0.111	0.5	0.312	0.089	0.302	0.086	0.016	0.033	skewed
GTEX-ZYFG	skin-2	allelic_expression	35	0.147	0.5	0.373	0.065	0.373	0.079	0.013	0.027	skewed
GTEX-ZYY3	skin-2	allelic_expression	38	0	0.5	0.269	0.101	0.265	0.11	0.018	0.036	skewed
GTEX-11TTK	kidney	allelic_expression	44	0.203	0.5	0.285	0.096	0.315	0.084	0.013	0.025	skewed
GTEX-12WSG	kidney	allelic_expression	32	0.031	0.5	0.172	0.099	0.196	0.125	0.022	0.045	not_skewed
GTEX-1399S	kidney	allelic_expression	49	0	0.382	0.108	0.125	0.121	0.087	0.012	0.025	not_skewed
GTEX-13OVI	kidney	allelic_expression	71	0	0.5	0.147	0.136	0.152	0.102	0.012	0.024	not_skewed
GTEX-15DYW	kidney	allelic_expression	29	0.022	0.393	0.155	0.158	0.168	0.096	0.018	0.037	not_skewed
GTEX-16MT8	kidney	allelic_expression	40	0	0.5	0.11	0.101	0.133	0.108	0.017	0.035	not_skewed
GTEX-1A3MW	kidney	allelic_expression	47	0	0.5	0.263	0.143	0.278	0.116	0.017	0.034	skewed
GTEX-1A8FM	kidney	allelic_expression	35	0	0.346	0.096	0.091	0.112	0.086	0.015	0.03	not_skewed
GTEX-1K9T9	kidney	allelic_expression	30	0.056	0.389	0.238	0.109	0.224	0.083	0.015	0.031	not_skewed
GTEX-1OJC4	kidney	allelic_expression	39	0.006	0.375	0.064	0.069	0.079	0.075	0.012	0.024	not_skewed
GTEX-1R9PO	kidney	allelic_expression	39	0	0.5	0.085	0.091	0.11	0.103	0.017	0.034	not_skewed
GTEX-UPIC	kidney	allelic_expression	43	0.318	0.5	0.5	0	0.489	0.034	0.005	0.01	skewed
GTEX-WI4N	kidney	allelic_expression	9	0	0.5	0.167	0.153	0.209	0.157	0.052	0.121	not_skewed
GTEX-Y5V5	kidney	allelic_expression	27	0	0.438	0.25	0.118	0.237	0.112	0.022	0.044	skewed
GTEX-ZC5H	kidney	allelic_expression	35	0	0.357	0.056	0.083	0.091	0.094	0.016	0.032	not_skewed
GTEX-ZYFG	kidney	allelic_expression	43	0.056	0.5	0.263	0.088	0.265	0.083	0.013	0.026	skewed
GTEX-1122O	pancreas	allelic_expression	38	0.016	0.5	0.184	0.143	0.207	0.12	0.019	0.039	not_skewed
GTEX-1128S	pancreas	allelic_expression	23	0	0.254	0.095	0.06	0.099	0.059	0.012	0.026	not_skewed
GTEX-11DXX	pancreas	allelic_expression	30	0.107	0.495	0.28	0.125	0.287	0.091	0.017	0.034	skewed
GTEX-11I78	pancreas	allelic_expression	36	0	0.395	0.198	0.127	0.197	0.102	0.017	0.034	not_skewed
GTEX-11VI4	pancreas	allelic_expression	25	0	0.278	0.071	0.107	0.092	0.081	0.016	0.033	not_skewed
GTEX-11XUK	pancreas	allelic_expression	34	0.033	0.5	0.198	0.097	0.201	0.099	0.017	0.035	not_skewed
GTEX-1211K	pancreas	allelic_expression	31	0.024	0.417	0.229	0.105	0.209	0.097	0.017	0.036	not_skewed
GTEX-12WSG	pancreas	allelic_expression	20	0.056	0.5	0.198	0.181	0.213	0.122	0.027	0.057	not_skewed
GTEX-12WSK	pancreas	allelic_expression	37	0.083	0.5	0.312	0.099	0.325	0.102	0.017	0.034	skewed
GTEX-131XG	pancreas	allelic_expression	25	0.043	0.5	0.367	0.141	0.369	0.108	0.022	0.045	skewed
GTEX-132AR	pancreas	allelic_expression	25	0.033	0.5	0.167	0.125	0.184	0.101	0.02	0.042	not_skewed
GTEX-1399S	pancreas	allelic_expression	35	0	0.389	0.155	0.124	0.16	0.1	0.017	0.034	not_skewed
GTEX-1399U	pancreas	allelic_expression	36	0.024	0.5	0.163	0.184	0.172	0.12	0.02	0.041	not_skewed
GTEX-13CF3	pancreas	allelic_expression	27	0.136	0.5	0.385	0.157	0.368	0.111	0.021	0.044	skewed
GTEX-13D11	pancreas	allelic_expression	38	0.052	0.5	0.273	0.104	0.269	0.099	0.016	0.033	skewed
GTEX-13FH7	pancreas	allelic_expression	33	0.029	0.455	0.191	0.109	0.199	0.102	0.018	0.036	not_skewed
GTEX-13FTX	pancreas	allelic_expression	33	0.05	0.5	0.458	0.091	0.439	0.088	0.015	0.031	skewed
GTEX-13N11	pancreas	allelic_expression	42	0	0.5	0.113	0.148	0.141	0.112	0.017	0.035	not_skewed
GTEX-13OVI	pancreas	allelic_expression	43	0	0.5	0.083	0.093	0.115	0.116	0.018	0.036	not_skewed
GTEX-13PL7	pancreas	allelic_expression	35	0	0.357	0.122	0.119	0.137	0.093	0.016	0.032	not_skewed
GTEX-13PVR	pancreas	allelic_expression	24	0.071	0.5	0.436	0.088	0.417	0.111	0.023	0.047	skewed
GTEX-13SLX	pancreas	allelic_expression	24	0.115	0.5	0.319	0.111	0.331	0.099	0.02	0.042	skewed
GTEX-13U4I	pancreas	allelic_expression	27	0	0.5	0.128	0.124	0.167	0.117	0.023	0.046	not_skewed
GTEX-13VXT	pancreas	allelic_expression	43	0	0.429	0.115	0.104	0.129	0.09	0.014	0.028	not_skewed
GTEX-13W3W	pancreas	allelic_expression	29	0.144	0.5	0.438	0.07	0.412	0.094	0.017	0.036	skewed
GTEX-13X6H	pancreas	allelic_expression	41	0	0.389	0.173	0.144	0.184	0.102	0.016	0.032	not_skewed
GTEX-146FH	pancreas	allelic_expression	42	0.125	0.5	0.322	0.118	0.317	0.101	0.016	0.031	skewed
GTEX-146FR	pancreas	allelic_expression	34	0.038	0.5	0.374	0.098	0.335	0.11	0.019	0.039	skewed
GTEX-148VI	pancreas	allelic_expression	26	0.006	0.499	0.086	0.101	0.135	0.129	0.025	0.052	not_skewed
GTEX-14AS3	pancreas	allelic_expression	23	0	0.5	0.083	0.134	0.115	0.116	0.024	0.05	not_skewed
GTEX-14BMU	pancreas	allelic_expression	32	0	0.5	0.159	0.13	0.168	0.108	0.019	0.039	not_skewed
GTEX-14JG6	pancreas	allelic_expression	34	0	0.318	0.078	0.131	0.1	0.088	0.015	0.031	not_skewed
GTEX-14PHY	pancreas	allelic_expression	40	0	0.5	0.361	0.091	0.352	0.089	0.014	0.029	skewed
GTEX-14PJ6	pancreas	allelic_expression	33	0	0.5	0.136	0.116	0.17	0.113	0.02	0.04	not_skewed
GTEX-14PK6	pancreas	allelic_expression	26	0	0.333	0.046	0.082	0.073	0.072	0.014	0.029	not_skewed
GTEX-14PKU	pancreas	allelic_expression	25	0	0.389	0.187	0.078	0.188	0.1	0.02	0.041	not_skewed
GTEX-14PKV	pancreas	allelic_expression	24	0.056	0.5	0.354	0.113	0.326	0.119	0.024	0.05	skewed
GTEX-14PN3	pancreas	allelic_expression	30	0	0.357	0.057	0.146	0.104	0.095	0.017	0.035	not_skewed
GTEX-15DYW	pancreas	allelic_expression	21	0.071	0.433	0.298	0.102	0.298	0.095	0.021	0.043	skewed
GTEX-15FZZ	pancreas	allelic_expression	38	0	0.5	0.263	0.188	0.256	0.145	0.024	0.048	skewed
GTEX-15SB6	pancreas	allelic_expression	33	0	0.357	0.076	0.081	0.108	0.083	0.015	0.03	not_skewed
GTEX-15SDE	pancreas	allelic_expression	38	0	0.5	0.25	0.139	0.245	0.12	0.019	0.039	skewed
GTEX-15UF6	pancreas	allelic_expression	36	0	0.375	0.071	0.112	0.098	0.087	0.015	0.03	not_skewed
GTEX-16MT8	pancreas	allelic_expression	33	0.051	0.5	0.281	0.126	0.277	0.106	0.018	0.038	skewed
GTEX-17F98	pancreas	allelic_expression	19	0.017	0.389	0.214	0.134	0.191	0.1	0.023	0.048	not_skewed
GTEX-18A7A	pancreas	allelic_expression	25	0	0.5	0.292	0.136	0.285	0.128	0.026	0.053	skewed
GTEX-1A3MW	pancreas	allelic_expression	36	0	0.5	0.26	0.16	0.263	0.117	0.02	0.04	skewed
GTEX-1A8FM	pancreas	allelic_expression	35	0	0.5	0.167	0.121	0.175	0.104	0.018	0.036	not_skewed
GTEX-1AMFI	pancreas	allelic_expression	35	0.026	0.4	0.167	0.146	0.177	0.107	0.018	0.037	not_skewed
GTEX-1B932	pancreas	allelic_expression	31	0	0.389	0.157	0.114	0.162	0.087	0.016	0.032	not_skewed
GTEX-1B97J	pancreas	allelic_expression	31	0	0.5	0.195	0.15	0.2	0.113	0.02	0.041	not_skewed
GTEX-1CAMS	pancreas	allelic_expression	36	0	0.5	0.25	0.188	0.244	0.134	0.022	0.045	skewed
GTEX-1F5PL	pancreas	allelic_expression	29	0	0.5	0.184	0.126	0.216	0.135	0.025	0.051	not_skewed
GTEX-1GF9U	pancreas	allelic_expression	41	0.071	0.5	0.342	0.088	0.341	0.086	0.013	0.027	skewed
GTEX-1GF9X	pancreas	allelic_expression	23	0	0.5	0.167	0.208	0.21	0.146	0.03	0.063	not_skewed
GTEX-1GN1W	pancreas	allelic_expression	43	0.071	0.5	0.297	0.125	0.306	0.102	0.016	0.031	skewed
GTEX-1GZ4H	pancreas	allelic_expression	65	0	0.5	0.071	0.104	0.103	0.1	0.012	0.025	not_skewed
GTEX-1HC8U	pancreas	allelic_expression	66	0	0.5	0.338	0.131	0.315	0.125	0.015	0.031	skewed
GTEX-1HSGN	pancreas	allelic_expression	60	0.009	0.5	0.207	0.113	0.214	0.1	0.013	0.026	not_skewed
GTEX-1I1GT	pancreas	allelic_expression	28	0.02	0.3	0.125	0.116	0.145	0.084	0.016	0.033	not_skewed
GTEX-1I4MK	pancreas	allelic_expression	53	0.214	0.5	0.432	0.062	0.422	0.062	0.009	0.017	skewed
GTEX-1ICG6	pancreas	allelic_expression	35	0.01	0.5	0.25	0.119	0.24	0.107	0.018	0.037	skewed
GTEX-1IDJI	pancreas	allelic_expression	30	0	0.3	0.1	0.075	0.119	0.068	0.012	0.025	not_skewed
GTEX-1IDJU	pancreas	allelic_expression	46	0	0.5	0.085	0.106	0.118	0.109	0.016	0.032	not_skewed
GTEX-1J8EW	pancreas	allelic_expression	32	0.107	0.5	0.315	0.105	0.319	0.089	0.016	0.032	skewed
GTEX-1K9T9	pancreas	allelic_expression	37	0	0.5	0.136	0.13	0.154	0.121	0.02	0.04	not_skewed
GTEX-1LVAN	pancreas	allelic_expression	31	0.058	0.5	0.389	0.09	0.373	0.101	0.018	0.037	skewed
GTEX-1NUQO	pancreas	allelic_expression	31	0.045	0.5	0.214	0.122	0.218	0.115	0.021	0.042	not_skewed
GTEX-1PBJI	pancreas	allelic_expression	14	0.109	0.5	0.278	0.148	0.301	0.129	0.035	0.075	skewed
GTEX-1QEPI	pancreas	allelic_expression	29	0.019	0.346	0.088	0.067	0.109	0.075	0.014	0.029	not_skewed
GTEX-1QP28	pancreas	allelic_expression	46	0	0.5	0.102	0.11	0.129	0.121	0.018	0.036	not_skewed
GTEX-1QPFJ	pancreas	allelic_expression	48	0.045	0.5	0.212	0.162	0.236	0.128	0.019	0.037	not_skewed
GTEX-1R46S	pancreas	allelic_expression	19	0.136	0.5	0.276	0.113	0.305	0.104	0.024	0.05	skewed
GTEX-1S82P	pancreas	allelic_expression	40	0	0.499	0.112	0.16	0.13	0.116	0.018	0.037	not_skewed
GTEX-OHPL	pancreas	allelic_expression	32	0	0.499	0.094	0.102	0.117	0.097	0.017	0.035	not_skewed
GTEX-PX3G	pancreas	allelic_expression	27	0	0.5	0.086	0.073	0.117	0.104	0.02	0.041	not_skewed
GTEX-QCQG	pancreas	allelic_expression	37	0	0.5	0.167	0.179	0.17	0.113	0.018	0.038	not_skewed
GTEX-S4P3	pancreas	allelic_expression	21	0	0.499	0.143	0.206	0.186	0.14	0.031	0.064	not_skewed
GTEX-TML8	pancreas	allelic_expression	19	0	0.357	0.2	0.163	0.176	0.111	0.025	0.053	not_skewed
GTEX-TMMY	pancreas	allelic_expression	26	0.033	0.5	0.191	0.118	0.182	0.109	0.021	0.044	not_skewed
GTEX-UJHI	pancreas	allelic_expression	41	0	0.278	0.079	0.077	0.086	0.056	0.009	0.018	not_skewed
GTEX-UPIC	pancreas	allelic_expression	29	0.43	0.5	0.5	0	0.494	0.017	0.003	0.007	skewed
GTEX-WI4N	pancreas	allelic_expression	24	0	0.5	0.092	0.163	0.149	0.145	0.03	0.061	not_skewed
GTEX-WRHK	pancreas	allelic_expression	20	0	0.5	0.128	0.122	0.146	0.116	0.026	0.054	not_skewed
GTEX-WXYG	pancreas	allelic_expression	38	0.033	0.5	0.278	0.161	0.275	0.111	0.018	0.037	skewed
GTEX-XUW1	pancreas	allelic_expression	24	0	0.239	0.09	0.096	0.103	0.07	0.014	0.03	not_skewed
GTEX-XV7Q	pancreas	allelic_expression	48	0	0.498	0.126	0.121	0.135	0.109	0.016	0.032	not_skewed
GTEX-XYKS	pancreas	allelic_expression	51	0	0.5	0.338	0.148	0.326	0.127	0.018	0.036	skewed
GTEX-Y3IK	pancreas	allelic_expression	38	0	0.5	0.089	0.099	0.112	0.112	0.018	0.037	not_skewed
GTEX-Y5LM	pancreas	allelic_expression	26	0	0.278	0.114	0.08	0.132	0.068	0.013	0.028	not_skewed
GTEX-Y5V5	pancreas	allelic_expression	21	0	0.4	0.167	0.129	0.155	0.101	0.022	0.046	not_skewed
GTEX-Y8LW	pancreas	allelic_expression	32	0	0.3	0.107	0.109	0.115	0.08	0.014	0.029	not_skewed
GTEX-YB5K	pancreas	allelic_expression	26	0	0.25	0.05	0.078	0.068	0.061	0.012	0.024	not_skewed
GTEX-ZAK1	pancreas	allelic_expression	15	0.333	0.5	0.414	0.039	0.412	0.045	0.012	0.025	skewed
GTEX-ZC5H	pancreas	allelic_expression	36	0	0.5	0.354	0.106	0.331	0.107	0.018	0.036	skewed
GTEX-ZF29	pancreas	allelic_expression	34	0.071	0.5	0.324	0.102	0.312	0.099	0.017	0.034	skewed
GTEX-ZF2S	pancreas	allelic_expression	27	0	0.375	0.115	0.121	0.144	0.108	0.021	0.043	not_skewed
GTEX-ZF3C	pancreas	allelic_expression	26	0	0.5	0.309	0.157	0.282	0.115	0.023	0.047	skewed
GTEX-ZLWG	pancreas	allelic_expression	37	0.024	0.5	0.1	0.127	0.149	0.127	0.021	0.042	not_skewed
GTEX-ZP4G	pancreas	allelic_expression	41	0.15	0.5	0.429	0.053	0.414	0.073	0.011	0.023	skewed
GTEX-ZPCL	pancreas	allelic_expression	32	0	0.433	0.089	0.112	0.119	0.1	0.018	0.036	not_skewed
GTEX-ZTPG	pancreas	allelic_expression	27	0.024	0.5	0.125	0.127	0.147	0.107	0.021	0.042	not_skewed
GTEX-ZVT2	pancreas	allelic_expression	26	0.125	0.5	0.391	0.16	0.359	0.113	0.022	0.046	skewed
GTEX-ZYFG	pancreas	allelic_expression	34	0.173	0.5	0.444	0.1	0.43	0.076	0.013	0.026	skewed
GTEX-ZYWO	pancreas	allelic_expression	41	0	0.5	0.091	0.111	0.114	0.095	0.015	0.03	not_skewed
GTEX-ZYY3	pancreas	allelic_expression	26	0.033	0.4	0.216	0.112	0.224	0.093	0.018	0.037	not_skewed
GTEX-ZZPU	pancreas	allelic_expression	31	0.25	0.5	0.5	0.044	0.467	0.053	0.01	0.019	skewed
GTEX-1122O	adrenal gland	allelic_expression	46	0	0.5	0.083	0.124	0.13	0.127	0.019	0.038	not_skewed
GTEX-11DXX	adrenal gland	allelic_expression	45	0	0.493	0.071	0.101	0.09	0.09	0.013	0.027	not_skewed
GTEX-11EM3	adrenal gland	allelic_expression	50	0.045	0.5	0.371	0.129	0.354	0.109	0.015	0.031	skewed
GTEX-11EMC	adrenal gland	allelic_expression	27	0.006	0.389	0.1	0.099	0.127	0.102	0.02	0.04	not_skewed
GTEX-11I78	adrenal gland	allelic_expression	52	0.033	0.5	0.239	0.116	0.243	0.093	0.013	0.026	not_skewed
GTEX-11XUK	adrenal gland	allelic_expression	43	0	0.357	0.079	0.103	0.114	0.089	0.014	0.027	not_skewed
GTEX-1211K	adrenal gland	allelic_expression	46	0	0.5	0.101	0.084	0.118	0.1	0.015	0.03	not_skewed
GTEX-12WSG	adrenal gland	allelic_expression	34	0	0.5	0.134	0.071	0.15	0.098	0.017	0.034	not_skewed
GTEX-12WSJ	adrenal gland	allelic_expression	38	0	0.318	0.127	0.159	0.139	0.097	0.016	0.032	not_skewed
GTEX-12WSK	adrenal gland	allelic_expression	42	0.1	0.5	0.367	0.078	0.346	0.097	0.015	0.03	skewed
GTEX-131XG	adrenal gland	allelic_expression	38	0	0.5	0.096	0.109	0.115	0.089	0.015	0.029	not_skewed
GTEX-132AR	adrenal gland	allelic_expression	38	0.167	0.5	0.34	0.104	0.336	0.084	0.014	0.028	skewed
GTEX-1399S	adrenal gland	allelic_expression	50	0	0.375	0.074	0.088	0.101	0.093	0.013	0.027	not_skewed
GTEX-1399U	adrenal gland	allelic_expression	45	0.044	0.381	0.231	0.127	0.223	0.089	0.013	0.027	not_skewed
GTEX-13CF3	adrenal gland	allelic_expression	35	0	0.397	0.109	0.119	0.121	0.097	0.016	0.033	not_skewed
GTEX-13D11	adrenal gland	allelic_expression	43	0	0.5	0.088	0.079	0.106	0.092	0.014	0.028	not_skewed
GTEX-13FH7	adrenal gland	allelic_expression	37	0	0.25	0.062	0.071	0.076	0.064	0.01	0.021	not_skewed
GTEX-13N11	adrenal gland	allelic_expression	64	0	0.5	0.342	0.129	0.308	0.108	0.014	0.027	skewed
GTEX-13O3O	adrenal gland	allelic_expression	36	0.071	0.5	0.421	0.093	0.394	0.094	0.016	0.032	skewed
GTEX-13OVI	adrenal gland	allelic_expression	63	0	0.5	0.167	0.111	0.173	0.101	0.013	0.025	not_skewed
GTEX-13PL7	adrenal gland	allelic_expression	37	0	0.279	0.129	0.111	0.14	0.076	0.013	0.025	not_skewed
GTEX-13PVR	adrenal gland	allelic_expression	43	0	0.32	0.054	0.091	0.079	0.079	0.012	0.024	not_skewed
GTEX-13QBU	adrenal gland	allelic_expression	45	0	0.5	0.062	0.101	0.102	0.106	0.016	0.032	not_skewed
GTEX-13W3W	adrenal gland	allelic_expression	43	0.041	0.357	0.155	0.118	0.168	0.084	0.013	0.026	not_skewed
GTEX-146FR	adrenal gland	allelic_expression	41	0.071	0.5	0.377	0.12	0.343	0.116	0.018	0.037	skewed
GTEX-14A5I	adrenal gland	allelic_expression	34	0.125	0.5	0.317	0.082	0.312	0.086	0.015	0.03	skewed
GTEX-14BMU	adrenal gland	allelic_expression	42	0	0.5	0.094	0.079	0.114	0.104	0.016	0.032	not_skewed
GTEX-14DAQ	adrenal gland	allelic_expression	37	0.028	0.4	0.2	0.136	0.206	0.095	0.016	0.032	not_skewed
GTEX-14H4A	adrenal gland	allelic_expression	42	0.25	0.5	0.403	0.058	0.406	0.054	0.008	0.017	skewed
GTEX-14JG6	adrenal gland	allelic_expression	47	0	0.371	0.213	0.104	0.197	0.084	0.012	0.025	not_skewed
GTEX-14PJ6	adrenal gland	allelic_expression	41	0	0.5	0.129	0.142	0.153	0.119	0.019	0.038	not_skewed
GTEX-14PK6	adrenal gland	allelic_expression	38	0.004	0.5	0.081	0.097	0.111	0.096	0.016	0.032	not_skewed
GTEX-14PKV	adrenal gland	allelic_expression	34	0	0.5	0.271	0.059	0.272	0.088	0.015	0.031	skewed
GTEX-14PN3	adrenal gland	allelic_expression	37	0	0.25	0.04	0.075	0.064	0.064	0.011	0.021	not_skewed
GTEX-14XAO	adrenal gland	allelic_expression	35	0	0.5	0.088	0.113	0.106	0.107	0.018	0.037	not_skewed
GTEX-15DYW	adrenal gland	allelic_expression	34	0	0.364	0.1	0.109	0.124	0.097	0.017	0.034	not_skewed
GTEX-15SHU	adrenal gland	allelic_expression	38	0.045	0.5	0.255	0.129	0.234	0.114	0.018	0.037	skewed
GTEX-16MT8	adrenal gland	allelic_expression	44	0.016	0.5	0.263	0.149	0.279	0.127	0.019	0.038	skewed
GTEX-16NGA	adrenal gland	allelic_expression	64	0.1	0.5	0.339	0.087	0.338	0.083	0.01	0.021	skewed
GTEX-18A7A	adrenal gland	allelic_expression	37	0	0.5	0.116	0.146	0.141	0.102	0.017	0.034	not_skewed
GTEX-1A32A	adrenal gland	allelic_expression	33	0.071	0.5	0.307	0.075	0.282	0.102	0.018	0.036	skewed
GTEX-1A3MW	adrenal gland	allelic_expression	35	0	0.5	0.062	0.107	0.093	0.106	0.018	0.036	not_skewed
GTEX-1A8FM	adrenal gland	allelic_expression	44	0.033	0.429	0.259	0.083	0.255	0.085	0.013	0.026	skewed
GTEX-1AMFI	adrenal gland	allelic_expression	44	0.035	0.45	0.156	0.101	0.179	0.082	0.012	0.025	not_skewed
GTEX-1C475	adrenal gland	allelic_expression	39	0.269	0.5	0.421	0.06	0.415	0.054	0.009	0.018	skewed
GTEX-1CAMS	adrenal gland	allelic_expression	38	0.071	0.5	0.278	0.109	0.28	0.105	0.017	0.034	skewed
GTEX-1CAV2	adrenal gland	allelic_expression	33	0.357	0.5	0.5	0	0.489	0.032	0.006	0.011	skewed
GTEX-1F5PL	adrenal gland	allelic_expression	46	0.056	0.5	0.274	0.121	0.262	0.096	0.014	0.028	skewed
GTEX-1F88F	adrenal gland	allelic_expression	24	0.035	0.389	0.174	0.08	0.172	0.078	0.016	0.033	not_skewed
GTEX-1HC8U	adrenal gland	allelic_expression	74	0	0.5	0.174	0.124	0.177	0.102	0.012	0.024	not_skewed
GTEX-1I1GT	adrenal gland	allelic_expression	34	0.026	0.5	0.417	0.075	0.37	0.126	0.022	0.044	skewed
GTEX-1ICG6	adrenal gland	allelic_expression	42	0	0.5	0.357	0.105	0.329	0.089	0.014	0.028	skewed
GTEX-1IDJU	adrenal gland	allelic_expression	46	0.012	0.5	0.097	0.134	0.132	0.107	0.016	0.032	not_skewed
GTEX-1J8EW	adrenal gland	allelic_expression	37	0.015	0.409	0.207	0.143	0.205	0.106	0.017	0.035	not_skewed
GTEX-1LNCM	adrenal gland	allelic_expression	30	0.011	0.423	0.232	0.131	0.218	0.097	0.018	0.036	not_skewed
GTEX-1LVAN	adrenal gland	allelic_expression	37	0.1	0.354	0.246	0.069	0.242	0.063	0.01	0.021	not_skewed
GTEX-1NUQO	adrenal gland	allelic_expression	49	0.071	0.5	0.335	0.095	0.321	0.094	0.013	0.027	skewed
GTEX-1QPFJ	adrenal gland	allelic_expression	52	0	0.5	0.119	0.107	0.145	0.116	0.016	0.032	not_skewed
GTEX-1S82P	adrenal gland	allelic_expression	46	0.071	0.5	0.322	0.095	0.303	0.098	0.014	0.029	skewed
GTEX-OHPL	adrenal gland	allelic_expression	43	0	0.5	0.056	0.084	0.091	0.097	0.015	0.03	not_skewed
GTEX-PWCY	adrenal gland	allelic_expression	36	0.045	0.389	0.208	0.15	0.207	0.103	0.017	0.035	not_skewed
GTEX-PX3G	adrenal gland	allelic_expression	40	0	0.5	0.071	0.089	0.111	0.115	0.018	0.037	not_skewed
GTEX-QCQG	adrenal gland	allelic_expression	41	0	0.497	0.061	0.068	0.09	0.1	0.016	0.032	not_skewed
GTEX-TMMY	adrenal gland	allelic_expression	39	0.21	0.5	0.319	0.079	0.323	0.072	0.012	0.023	skewed
GTEX-XUJ4	adrenal gland	allelic_expression	34	0.389	0.5	0.5	0.017	0.485	0.029	0.005	0.01	skewed
GTEX-XUZC	adrenal gland	allelic_expression	41	0	0.5	0.111	0.09	0.136	0.103	0.016	0.033	not_skewed
GTEX-XV7Q	adrenal gland	allelic_expression	52	0.071	0.5	0.243	0.099	0.26	0.097	0.013	0.027	not_skewed
GTEX-XYKS	adrenal gland	allelic_expression	47	0.014	0.4	0.2	0.124	0.211	0.094	0.014	0.028	not_skewed
GTEX-Y3IK	adrenal gland	allelic_expression	51	0.027	0.5	0.268	0.183	0.267	0.115	0.016	0.032	skewed
GTEX-Y5LM	adrenal gland	allelic_expression	35	0.071	0.417	0.322	0.073	0.306	0.074	0.012	0.025	skewed
GTEX-Y5V5	adrenal gland	allelic_expression	32	0.101	0.458	0.389	0.065	0.367	0.078	0.014	0.028	skewed
GTEX-ZF2S	adrenal gland	allelic_expression	39	0	0.3	0.125	0.08	0.129	0.066	0.011	0.021	not_skewed
GTEX-ZLV1	adrenal gland	allelic_expression	33	0	0.357	0.179	0.062	0.166	0.067	0.012	0.024	not_skewed
GTEX-ZLWG	adrenal gland	allelic_expression	50	0	0.5	0.203	0.116	0.206	0.109	0.015	0.031	not_skewed
GTEX-ZP4G	adrenal gland	allelic_expression	45	0	0.498	0.097	0.1	0.126	0.105	0.016	0.032	not_skewed
GTEX-ZPCL	adrenal gland	allelic_expression	37	0	0.469	0.321	0.118	0.292	0.115	0.019	0.038	skewed
GTEX-ZVT2	adrenal gland	allelic_expression	36	0.057	0.5	0.4	0.074	0.386	0.083	0.014	0.028	skewed
GTEX-ZYFG	adrenal gland	allelic_expression	46	0.005	0.357	0.097	0.116	0.123	0.086	0.013	0.026	not_skewed
GTEX-ZYVF	adrenal gland	allelic_expression	27	0.357	0.5	0.5	0.036	0.474	0.043	0.008	0.017	skewed
GTEX-ZYWO	adrenal gland	allelic_expression	46	0	0.5	0.268	0.083	0.258	0.09	0.013	0.027	skewed
GTEX-ZZPU	adrenal gland	allelic_expression	40	0.444	0.5	0.5	0.018	0.49	0.014	0.002	0.004	skewed
GTEX-11ZTS	liver	allelic_expression	23	0	0.5	0.071	0.114	0.12	0.137	0.029	0.059	not_skewed
GTEX-11ZVC	liver	allelic_expression	22	0	0.4	0.159	0.163	0.166	0.104	0.022	0.046	not_skewed
GTEX-1269C	liver	allelic_expression	24	0	0.394	0.102	0.123	0.136	0.119	0.024	0.05	not_skewed
GTEX-12WSG	liver	allelic_expression	25	0.016	0.5	0.203	0.1	0.204	0.107	0.021	0.044	not_skewed
GTEX-13113	liver	allelic_expression	33	0.125	0.5	0.469	0.1	0.429	0.094	0.016	0.033	skewed
GTEX-132AR	liver	allelic_expression	23	0.117	0.5	0.307	0.13	0.296	0.104	0.022	0.045	skewed
GTEX-13N11	liver	allelic_expression	44	0.044	0.5	0.414	0.086	0.383	0.108	0.016	0.033	skewed
GTEX-13O3O	liver	allelic_expression	26	0	0.357	0.083	0.088	0.098	0.086	0.017	0.035	not_skewed
GTEX-13PVR	liver	allelic_expression	23	0	0.5	0.254	0.119	0.225	0.112	0.023	0.048	skewed
GTEX-13QJC	liver	allelic_expression	16	0.167	0.5	0.377	0.145	0.386	0.098	0.024	0.052	skewed
GTEX-13SLX	liver	allelic_expression	27	0.062	0.5	0.413	0.125	0.382	0.123	0.024	0.049	skewed
GTEX-146FH	liver	allelic_expression	38	0.056	0.5	0.248	0.123	0.25	0.099	0.016	0.033	not_skewed
GTEX-148VI	liver	allelic_expression	27	0.023	0.498	0.22	0.101	0.228	0.099	0.019	0.039	not_skewed
GTEX-14A5I	liver	allelic_expression	20	0.125	0.5	0.327	0.142	0.333	0.102	0.023	0.048	skewed
GTEX-14AS3	liver	allelic_expression	19	0.115	0.342	0.25	0.132	0.234	0.073	0.017	0.035	skewed
GTEX-14DAQ	liver	allelic_expression	19	0	0.389	0.167	0.147	0.18	0.113	0.026	0.054	not_skewed
GTEX-14XAO	liver	allelic_expression	27	0.071	0.431	0.19	0.06	0.208	0.076	0.015	0.03	not_skewed
GTEX-15DYW	liver	allelic_expression	21	0.071	0.423	0.245	0.092	0.244	0.086	0.019	0.039	not_skewed
GTEX-15SHU	liver	allelic_expression	17	0.02	0.375	0.125	0.119	0.15	0.086	0.021	0.044	not_skewed
GTEX-18A7A	liver	allelic_expression	31	0	0.5	0.389	0.11	0.36	0.134	0.024	0.049	skewed
GTEX-1A32A	liver	allelic_expression	24	0.125	0.5	0.318	0.099	0.322	0.087	0.018	0.037	skewed
GTEX-1A8FM	liver	allelic_expression	27	0.045	0.357	0.146	0.129	0.176	0.093	0.018	0.037	not_skewed
GTEX-1AMFI	liver	allelic_expression	32	0.017	0.25	0.102	0.101	0.121	0.071	0.013	0.026	not_skewed
GTEX-1B932	liver	allelic_expression	20	0	0.389	0.201	0.159	0.195	0.11	0.024	0.051	not_skewed
GTEX-1EWIQ	liver	allelic_expression	21	0	0.5	0.214	0.091	0.209	0.119	0.026	0.054	not_skewed
GTEX-1GF9X	liver	allelic_expression	25	0	0.413	0.25	0.133	0.237	0.101	0.02	0.042	skewed
GTEX-1H1DF	liver	allelic_expression	20	0.045	0.395	0.234	0.134	0.225	0.098	0.022	0.046	not_skewed
GTEX-1HBPH	liver	allelic_expression	27	0	0.5	0.158	0.115	0.16	0.109	0.021	0.043	not_skewed
GTEX-1ICG6	liver	allelic_expression	30	0	0.5	0.079	0.083	0.108	0.099	0.018	0.037	not_skewed
GTEX-1J8EW	liver	allelic_expression	29	0	0.362	0.147	0.159	0.153	0.106	0.02	0.04	not_skewed
GTEX-1K9T9	liver	allelic_expression	30	0.01	0.5	0.093	0.135	0.129	0.122	0.022	0.045	not_skewed
GTEX-1LH75	liver	allelic_expression	18	0.2	0.5	0.366	0.092	0.361	0.073	0.017	0.037	skewed
GTEX-1QCLZ	liver	allelic_expression	36	0	0.357	0.056	0.109	0.093	0.102	0.017	0.034	not_skewed
GTEX-1QPFJ	liver	allelic_expression	45	0	0.5	0.136	0.125	0.147	0.109	0.016	0.033	not_skewed
GTEX-1R9JW	liver	allelic_expression	24	0.071	0.5	0.238	0.055	0.26	0.098	0.02	0.041	not_skewed
GTEX-P78B	liver	allelic_expression	27	0	0.5	0.265	0.146	0.278	0.12	0.023	0.048	skewed
GTEX-PX3G	liver	allelic_expression	27	0	0.5	0.097	0.094	0.128	0.121	0.023	0.048	not_skewed
GTEX-UPIC	liver	allelic_expression	33	0.375	0.5	0.5	0	0.495	0.023	0.004	0.008	skewed
GTEX-Y5LM	liver	allelic_expression	23	0	0.333	0.125	0.148	0.148	0.101	0.021	0.044	not_skewed
GTEX-Y5V5	liver	allelic_expression	21	0.096	0.5	0.382	0.067	0.364	0.103	0.022	0.047	skewed
GTEX-ZF29	liver	allelic_expression	39	0	0.5	0.058	0.129	0.11	0.123	0.02	0.04	not_skewed
GTEX-ZF2S	liver	allelic_expression	23	0	0.5	0.254	0.18	0.245	0.139	0.029	0.06	skewed
GTEX-ZTPG	liver	allelic_expression	23	0.017	0.5	0.077	0.145	0.12	0.124	0.026	0.054	not_skewed
GTEX-ZVT3	liver	allelic_expression	26	0	0.221	0.071	0.075	0.089	0.067	0.013	0.027	not_skewed
GTEX-ZVT4	liver	allelic_expression	25	0.053	0.5	0.26	0.114	0.25	0.112	0.022	0.046	skewed
GTEX-ZYY3	liver	allelic_expression	32	0.045	0.5	0.371	0.089	0.355	0.117	0.021	0.042	skewed
GTEX-ZZPU	liver	allelic_expression	25	0.433	0.5	0.5	0	0.496	0.014	0.003	0.006	skewed
GTEX-1122O	whole blood	allelic_expression	30	0.022	0.5	0.267	0.086	0.257	0.112	0.02	0.042	skewed
GTEX-1128S	whole blood	allelic_expression	21	0	0.5	0.236	0.062	0.234	0.125	0.027	0.057	not_skewed
GTEX-113JC	whole blood	allelic_expression	25	0	0.5	0.077	0.08	0.135	0.137	0.027	0.056	not_skewed
GTEX-11DXX	whole blood	allelic_expression	25	0	0.489	0.168	0.108	0.173	0.099	0.02	0.041	not_skewed
GTEX-11EM3	whole blood	allelic_expression	31	0	0.5	0.071	0.082	0.101	0.104	0.019	0.038	not_skewed
GTEX-11EMC	whole blood	allelic_expression	14	0.423	0.5	0.482	0.034	0.478	0.025	0.007	0.014	skewed
GTEX-11I78	whole blood	allelic_expression	32	0	0.4	0.197	0.127	0.186	0.089	0.016	0.032	not_skewed
GTEX-11P81	whole blood	allelic_expression	27	0	0.375	0.142	0.123	0.136	0.093	0.018	0.037	not_skewed
GTEX-11TTK	whole blood	allelic_expression	17	0.1	0.5	0.329	0.062	0.333	0.093	0.022	0.048	skewed
GTEX-11VI4	whole blood	allelic_expression	25	0.1	0.433	0.287	0.062	0.282	0.084	0.017	0.035	skewed
GTEX-11XUK	whole blood	allelic_expression	34	0	0.4	0.183	0.1	0.184	0.091	0.016	0.032	not_skewed
GTEX-11ZTS	whole blood	allelic_expression	19	0.038	0.5	0.197	0.157	0.229	0.142	0.033	0.069	not_skewed
GTEX-11ZTT	whole blood	allelic_expression	32	0.024	0.318	0.12	0.082	0.12	0.069	0.012	0.025	not_skewed
GTEX-11ZVC	whole blood	allelic_expression	33	0.267	0.5	0.377	0.053	0.376	0.058	0.01	0.02	skewed
GTEX-1211K	whole blood	allelic_expression	26	0.118	0.357	0.185	0.07	0.198	0.057	0.011	0.023	not_skewed
GTEX-1269C	whole blood	allelic_expression	18	0.25	0.465	0.347	0.108	0.336	0.068	0.016	0.034	skewed
GTEX-12WS9	whole blood	allelic_expression	26	0.043	0.5	0.124	0.077	0.15	0.098	0.019	0.04	not_skewed
GTEX-12WSB	whole blood	allelic_expression	28	0	0.5	0.129	0.189	0.162	0.129	0.024	0.05	not_skewed
GTEX-12WSG	whole blood	allelic_expression	20	0.056	0.5	0.413	0.117	0.381	0.121	0.027	0.056	skewed
GTEX-12WSJ	whole blood	allelic_expression	20	0	0.375	0.072	0.088	0.092	0.084	0.019	0.039	not_skewed
GTEX-12WSK	whole blood	allelic_expression	25	0.071	0.5	0.357	0.054	0.348	0.084	0.017	0.035	skewed
GTEX-12ZZX	whole blood	allelic_expression	36	0	0.357	0.082	0.148	0.123	0.102	0.017	0.034	not_skewed
GTEX-13113	whole blood	allelic_expression	22	0	0.417	0.159	0.074	0.163	0.106	0.023	0.047	not_skewed
GTEX-1313W	whole blood	allelic_expression	20	0.083	0.357	0.283	0.105	0.26	0.074	0.016	0.034	skewed
GTEX-131XG	whole blood	allelic_expression	23	0	0.5	0.288	0.143	0.271	0.133	0.028	0.058	skewed
GTEX-131XW	whole blood	allelic_expression	22	0.42	0.5	0.496	0.048	0.475	0.03	0.006	0.013	skewed
GTEX-132AR	whole blood	allelic_expression	23	0.071	0.417	0.306	0.086	0.295	0.087	0.018	0.037	skewed
GTEX-1399S	whole blood	allelic_expression	28	0	0.5	0.116	0.142	0.171	0.139	0.026	0.054	not_skewed
GTEX-1399U	whole blood	allelic_expression	20	0	0.227	0.087	0.123	0.103	0.073	0.016	0.034	not_skewed
GTEX-139D8	whole blood	allelic_expression	17	0.1	0.26	0.202	0.046	0.193	0.045	0.011	0.023	not_skewed
GTEX-13CF3	whole blood	allelic_expression	15	0.071	0.405	0.335	0.131	0.296	0.102	0.026	0.056	skewed
GTEX-13FTX	whole blood	allelic_expression	29	0.071	0.5	0.269	0.126	0.259	0.104	0.019	0.039	skewed
GTEX-13FTY	whole blood	allelic_expression	27	0.125	0.5	0.423	0.095	0.421	0.088	0.017	0.035	skewed
GTEX-13JUV	whole blood	allelic_expression	34	0.038	0.389	0.225	0.086	0.23	0.078	0.013	0.027	not_skewed
GTEX-13OVI	whole blood	allelic_expression	31	0	0.5	0.083	0.154	0.135	0.137	0.025	0.05	not_skewed
GTEX-13PL7	whole blood	allelic_expression	24	0.192	0.435	0.335	0.113	0.333	0.073	0.015	0.031	skewed
GTEX-13PLJ	whole blood	allelic_expression	22	0.488	0.5	0.5	0	0.498	0.004	0.001	0.002	skewed
GTEX-13S7M	whole blood	allelic_expression	22	0.026	0.375	0.174	0.123	0.195	0.106	0.023	0.047	not_skewed
GTEX-13SLX	whole blood	allelic_expression	37	0.042	0.5	0.283	0.156	0.28	0.116	0.019	0.039	skewed
GTEX-13U4I	whole blood	allelic_expression	24	0	0.5	0.205	0.14	0.198	0.113	0.023	0.048	not_skewed
GTEX-13VXT	whole blood	allelic_expression	38	0	0.25	0.083	0.056	0.097	0.063	0.01	0.021	not_skewed
GTEX-13W3W	whole blood	allelic_expression	34	0	0.364	0.256	0.072	0.232	0.076	0.013	0.026	skewed
GTEX-147F3	whole blood	allelic_expression	20	0.214	0.5	0.403	0.083	0.405	0.071	0.016	0.033	skewed
GTEX-148VI	whole blood	allelic_expression	17	0.031	0.5	0.2	0.048	0.19	0.101	0.025	0.052	not_skewed
GTEX-14A5I	whole blood	allelic_expression	26	0	0.5	0.155	0.147	0.162	0.114	0.022	0.046	not_skewed
GTEX-14AS3	whole blood	allelic_expression	26	0	0.5	0.179	0.103	0.188	0.104	0.02	0.042	not_skewed
GTEX-14BIM	whole blood	allelic_expression	22	0.227	0.5	0.414	0.069	0.415	0.073	0.016	0.032	skewed
GTEX-14BIN	whole blood	allelic_expression	25	0	0.5	0.143	0.076	0.155	0.104	0.021	0.043	not_skewed
GTEX-14BMU	whole blood	allelic_expression	24	0	0.5	0.148	0.142	0.184	0.124	0.025	0.052	not_skewed
GTEX-14DAQ	whole blood	allelic_expression	29	0.071	0.5	0.368	0.076	0.37	0.09	0.017	0.034	skewed
GTEX-14H4A	whole blood	allelic_expression	19	0.071	0.5	0.367	0.094	0.356	0.105	0.024	0.051	skewed
GTEX-14JG6	whole blood	allelic_expression	27	0	0.5	0.071	0.11	0.109	0.12	0.023	0.048	not_skewed
GTEX-14LLW	whole blood	allelic_expression	16	0.001	0.5	0.102	0.197	0.158	0.162	0.04	0.086	not_skewed
GTEX-14LZ3	whole blood	allelic_expression	21	0.395	0.5	0.5	0.02	0.486	0.024	0.005	0.011	skewed
GTEX-14PHW	whole blood	allelic_expression	15	0.375	0.5	0.46	0.072	0.453	0.047	0.012	0.026	skewed
GTEX-14PHY	whole blood	allelic_expression	26	0.125	0.5	0.397	0.104	0.371	0.089	0.018	0.036	skewed
GTEX-14PJ5	whole blood	allelic_expression	14	0.026	0.5	0.168	0.229	0.204	0.162	0.043	0.093	not_skewed
GTEX-14PJ6	whole blood	allelic_expression	18	0.147	0.5	0.412	0.093	0.393	0.084	0.02	0.042	skewed
GTEX-14PK6	whole blood	allelic_expression	20	0.3	0.5	0.386	0.066	0.39	0.065	0.015	0.031	skewed
GTEX-14PKU	whole blood	allelic_expression	24	0	0.357	0.118	0.08	0.126	0.083	0.017	0.035	not_skewed
GTEX-14PKV	whole blood	allelic_expression	16	0.038	0.375	0.252	0.078	0.232	0.097	0.024	0.051	skewed
GTEX-14PN3	whole blood	allelic_expression	26	0	0.429	0.195	0.137	0.179	0.104	0.02	0.042	not_skewed
GTEX-14PQA	whole blood	allelic_expression	22	0.167	0.5	0.366	0.09	0.366	0.087	0.019	0.039	skewed
GTEX-14XAO	whole blood	allelic_expression	24	0.004	0.5	0.058	0.062	0.104	0.123	0.025	0.052	not_skewed
GTEX-15CHC	whole blood	allelic_expression	28	0	0.5	0.274	0.074	0.266	0.1	0.019	0.039	skewed
GTEX-15DCD	whole blood	allelic_expression	35	0	0.409	0.187	0.133	0.198	0.105	0.018	0.036	not_skewed
GTEX-15DYW	whole blood	allelic_expression	20	0	0.5	0.118	0.091	0.13	0.109	0.024	0.051	not_skewed
GTEX-15DZA	whole blood	allelic_expression	24	0.029	0.357	0.109	0.141	0.144	0.096	0.02	0.041	not_skewed
GTEX-15ETS	whole blood	allelic_expression	20	0.363	0.5	0.483	0.059	0.467	0.039	0.009	0.018	skewed
GTEX-15SB6	whole blood	allelic_expression	31	0	0.5	0.067	0.084	0.095	0.103	0.019	0.038	not_skewed
GTEX-15SDE	whole blood	allelic_expression	43	0	0.375	0.115	0.132	0.126	0.092	0.014	0.028	not_skewed
GTEX-16BQI	whole blood	allelic_expression	28	0.071	0.417	0.285	0.116	0.275	0.083	0.016	0.032	skewed
GTEX-16MT8	whole blood	allelic_expression	12	0.417	0.5	0.5	0	0.493	0.024	0.007	0.015	skewed
GTEX-16MT9	whole blood	allelic_expression	23	0.02	0.375	0.115	0.07	0.12	0.083	0.017	0.036	not_skewed
GTEX-16NGA	whole blood	allelic_expression	44	0.25	0.5	0.403	0.067	0.412	0.052	0.008	0.016	skewed
GTEX-16NPV	whole blood	allelic_expression	16	0	0.5	0.161	0.126	0.179	0.124	0.031	0.066	not_skewed
GTEX-17HG3	whole blood	allelic_expression	25	0.286	0.5	0.407	0.049	0.405	0.048	0.01	0.02	skewed
GTEX-17JCI	whole blood	allelic_expression	12	0.056	0.375	0.121	0.038	0.136	0.081	0.023	0.051	not_skewed
GTEX-183WM	whole blood	allelic_expression	32	0.083	0.5	0.334	0.183	0.315	0.116	0.02	0.042	skewed
GTEX-18A7A	whole blood	allelic_expression	27	0	0.5	0.167	0.132	0.161	0.109	0.021	0.043	not_skewed
GTEX-18D9A	whole blood	allelic_expression	26	0	0.278	0.117	0.081	0.117	0.072	0.014	0.029	not_skewed
GTEX-1A32A	whole blood	allelic_expression	27	0.045	0.5	0.355	0.062	0.351	0.097	0.019	0.038	skewed
GTEX-1A3MW	whole blood	allelic_expression	29	0.357	0.5	0.47	0.067	0.455	0.045	0.008	0.017	skewed
GTEX-1A8FM	whole blood	allelic_expression	18	0.014	0.214	0.08	0.119	0.106	0.073	0.017	0.036	not_skewed
GTEX-1AMEY	whole blood	allelic_expression	19	0.056	0.429	0.278	0.101	0.275	0.094	0.022	0.045	skewed
GTEX-1AMFI	whole blood	allelic_expression	32	0	0.357	0.186	0.085	0.176	0.083	0.015	0.03	not_skewed
GTEX-1B932	whole blood	allelic_expression	24	0.342	0.5	0.403	0.048	0.411	0.053	0.011	0.022	skewed
GTEX-1B97J	whole blood	allelic_expression	23	0	0.5	0.095	0.1	0.115	0.113	0.024	0.049	not_skewed
GTEX-1C475	whole blood	allelic_expression	28	0.389	0.5	0.477	0.044	0.473	0.03	0.006	0.011	skewed
GTEX-1CAMS	whole blood	allelic_expression	16	0.136	0.5	0.292	0.09	0.315	0.094	0.024	0.05	skewed
GTEX-1CB4H	whole blood	allelic_expression	15	0	0.5	0.083	0.175	0.164	0.147	0.038	0.081	not_skewed
GTEX-1EWIQ	whole blood	allelic_expression	31	0	0.497	0.115	0.107	0.123	0.098	0.018	0.036	not_skewed
GTEX-1F52S	whole blood	allelic_expression	11	0.017	0.5	0.071	0.07	0.119	0.138	0.042	0.093	not_skewed
GTEX-1F5PL	whole blood	allelic_expression	21	0.167	0.5	0.342	0.111	0.341	0.097	0.021	0.044	skewed
GTEX-1F7RK	whole blood	allelic_expression	19	0	0.278	0.071	0.068	0.096	0.071	0.016	0.034	not_skewed
GTEX-1F88E	whole blood	allelic_expression	21	0.114	0.5	0.466	0.077	0.431	0.094	0.02	0.043	skewed
GTEX-1F88F	whole blood	allelic_expression	24	0.028	0.5	0.141	0.075	0.165	0.103	0.021	0.044	not_skewed
GTEX-1GF9U	whole blood	allelic_expression	30	0.3	0.5	0.461	0.055	0.451	0.05	0.009	0.019	skewed
GTEX-1GF9X	whole blood	allelic_expression	21	0	0.5	0.249	0.137	0.265	0.124	0.027	0.056	not_skewed
GTEX-1GN1W	whole blood	allelic_expression	27	0	0.5	0.195	0.09	0.207	0.12	0.023	0.047	not_skewed
GTEX-1GZ4H	whole blood	allelic_expression	33	0.011	0.5	0.188	0.112	0.18	0.105	0.018	0.037	not_skewed
GTEX-1GZHY	whole blood	allelic_expression	22	0	0.405	0.229	0.117	0.218	0.102	0.022	0.045	not_skewed
GTEX-1H1CY	whole blood	allelic_expression	16	0.038	0.423	0.21	0.099	0.203	0.105	0.026	0.056	not_skewed
GTEX-1H1DF	whole blood	allelic_expression	29	0	0.375	0.106	0.159	0.133	0.093	0.017	0.035	not_skewed
GTEX-1H2FU	whole blood	allelic_expression	20	0	0.389	0.203	0.122	0.196	0.109	0.024	0.051	not_skewed
GTEX-1HBPH	whole blood	allelic_expression	26	0	0.5	0.162	0.16	0.171	0.12	0.023	0.048	not_skewed
GTEX-1HBPM	whole blood	allelic_expression	25	0.083	0.455	0.278	0.123	0.297	0.098	0.02	0.041	skewed
GTEX-1HC8U	whole blood	allelic_expression	44	0	0.357	0.044	0.068	0.071	0.076	0.011	0.023	not_skewed
GTEX-1HCU8	whole blood	allelic_expression	39	0.278	0.5	0.441	0.108	0.435	0.064	0.01	0.021	skewed
GTEX-1HCUA	whole blood	allelic_expression	34	0.048	0.5	0.241	0.074	0.23	0.086	0.015	0.03	not_skewed
GTEX-1HFI7	whole blood	allelic_expression	21	0.25	0.5	0.421	0.052	0.412	0.062	0.014	0.028	skewed
GTEX-1HSGN	whole blood	allelic_expression	41	0	0.5	0.144	0.099	0.161	0.096	0.015	0.03	not_skewed
GTEX-1I1CD	whole blood	allelic_expression	22	0.062	0.5	0.347	0.078	0.346	0.098	0.021	0.043	skewed
GTEX-1I1GT	whole blood	allelic_expression	19	0	0.389	0.194	0.115	0.17	0.104	0.024	0.05	not_skewed
GTEX-1I4MK	whole blood	allelic_expression	30	0.2	0.5	0.456	0.066	0.444	0.069	0.013	0.026	skewed
GTEX-1ICG6	whole blood	allelic_expression	22	0.1	0.5	0.25	0.09	0.28	0.102	0.022	0.045	skewed
GTEX-1IDJE	whole blood	allelic_expression	34	0.083	0.5	0.365	0.085	0.347	0.096	0.017	0.034	skewed
GTEX-1IDJI	whole blood	allelic_expression	41	0	0.4	0.223	0.114	0.22	0.088	0.014	0.028	not_skewed
GTEX-1IDJU	whole blood	allelic_expression	35	0.125	0.5	0.266	0.086	0.297	0.088	0.015	0.03	skewed
GTEX-1IE54	whole blood	allelic_expression	15	0.045	0.5	0.272	0.137	0.257	0.136	0.035	0.075	skewed
GTEX-1IKOE	whole blood	allelic_expression	39	0	0.5	0.229	0.084	0.231	0.098	0.016	0.032	not_skewed
GTEX-1IKOH	whole blood	allelic_expression	14	0.25	0.5	0.499	0.048	0.452	0.085	0.023	0.049	skewed
GTEX-1J8EW	whole blood	allelic_expression	36	0	0.409	0.22	0.072	0.213	0.085	0.014	0.029	not_skewed
GTEX-1J8JJ	whole blood	allelic_expression	19	0	0.5	0.206	0.092	0.228	0.122	0.028	0.059	not_skewed
GTEX-1J8QM	whole blood	allelic_expression	31	0.038	0.5	0.363	0.102	0.334	0.104	0.019	0.038	skewed
GTEX-1JMOU	whole blood	allelic_expression	23	0	0.278	0.05	0.069	0.071	0.062	0.013	0.027	not_skewed
GTEX-1JMQL	whole blood	allelic_expression	19	0.25	0.5	0.357	0.125	0.353	0.078	0.018	0.038	skewed
GTEX-1JN1M	whole blood	allelic_expression	33	0	0.5	0.094	0.089	0.118	0.11	0.019	0.039	not_skewed
GTEX-1JN76	whole blood	allelic_expression	20	0.018	0.278	0.097	0.102	0.11	0.079	0.018	0.037	not_skewed
GTEX-1K9T9	whole blood	allelic_expression	31	0.029	0.357	0.174	0.11	0.185	0.077	0.014	0.028	not_skewed
GTEX-1KANC	whole blood	allelic_expression	37	0	0.357	0.071	0.114	0.102	0.085	0.014	0.028	not_skewed
GTEX-1LGOU	whole blood	allelic_expression	31	0	0.5	0.104	0.1	0.126	0.098	0.018	0.036	not_skewed
GTEX-1LH75	whole blood	allelic_expression	17	0.278	0.5	0.406	0.036	0.407	0.052	0.013	0.027	skewed
GTEX-1LKK1	whole blood	allelic_expression	18	0.071	0.5	0.382	0.074	0.373	0.109	0.026	0.054	skewed
GTEX-1LNCM	whole blood	allelic_expression	27	0.011	0.375	0.088	0.082	0.116	0.097	0.019	0.038	not_skewed
GTEX-1LVAM	whole blood	allelic_expression	30	0.024	0.357	0.149	0.055	0.158	0.084	0.015	0.031	not_skewed
GTEX-1LVAN	whole blood	allelic_expression	14	0.155	0.4	0.33	0.053	0.325	0.066	0.018	0.038	skewed
GTEX-1MA7W	whole blood	allelic_expression	31	0.029	0.4	0.181	0.1	0.184	0.083	0.015	0.03	not_skewed
GTEX-1MCC2	whole blood	allelic_expression	47	0.2	0.5	0.417	0.064	0.413	0.063	0.009	0.018	skewed
GTEX-1MCYP	whole blood	allelic_expression	25	0.071	0.389	0.184	0.105	0.199	0.079	0.016	0.033	not_skewed
GTEX-1NUQO	whole blood	allelic_expression	32	0	0.5	0.165	0.089	0.173	0.096	0.017	0.035	not_skewed
GTEX-1OJC4	whole blood	allelic_expression	28	0	0.455	0.187	0.144	0.205	0.109	0.021	0.042	not_skewed
GTEX-1PBJI	whole blood	allelic_expression	31	0.1	0.5	0.25	0.079	0.265	0.096	0.017	0.035	skewed
GTEX-1PIEJ	whole blood	allelic_expression	22	0.13	0.409	0.294	0.062	0.284	0.065	0.014	0.029	skewed
GTEX-1POEN	whole blood	allelic_expression	22	0.02	0.389	0.16	0.086	0.184	0.093	0.02	0.041	not_skewed
GTEX-1QCLZ	whole blood	allelic_expression	22	0	0.375	0.203	0.087	0.207	0.091	0.019	0.04	not_skewed
GTEX-1QEPI	whole blood	allelic_expression	30	0.033	0.438	0.17	0.09	0.191	0.109	0.02	0.041	not_skewed
GTEX-1QP28	whole blood	allelic_expression	30	0.333	0.5	0.427	0.103	0.43	0.053	0.01	0.02	skewed
GTEX-1QP67	whole blood	allelic_expression	31	0	0.441	0.079	0.07	0.104	0.102	0.018	0.037	not_skewed
GTEX-1QPFJ	whole blood	allelic_expression	33	0.045	0.5	0.158	0.127	0.188	0.107	0.019	0.038	not_skewed
GTEX-1R46S	whole blood	allelic_expression	12	0.375	0.5	0.46	0.059	0.459	0.04	0.012	0.025	skewed
GTEX-1R9JW	whole blood	allelic_expression	23	0	0.375	0.083	0.102	0.095	0.088	0.018	0.038	not_skewed
GTEX-1R9PN	whole blood	allelic_expression	21	0.024	0.265	0.127	0.095	0.125	0.06	0.013	0.027	not_skewed
GTEX-1R9PO	whole blood	allelic_expression	21	0	0.214	0.045	0.038	0.056	0.049	0.011	0.023	not_skewed
GTEX-1RDX4	whole blood	allelic_expression	24	0.045	0.423	0.234	0.149	0.23	0.109	0.022	0.046	not_skewed
GTEX-1RNTQ	whole blood	allelic_expression	31	0.05	0.4	0.203	0.062	0.213	0.076	0.014	0.028	not_skewed
GTEX-1S5ZU	whole blood	allelic_expression	24	0	0.429	0.192	0.084	0.185	0.104	0.021	0.044	not_skewed
GTEX-1S82P	whole blood	allelic_expression	32	0	0.5	0.07	0.139	0.118	0.121	0.021	0.043	not_skewed
GTEX-1S82U	whole blood	allelic_expression	30	0.167	0.498	0.335	0.061	0.32	0.068	0.012	0.025	skewed
GTEX-1S82Z	whole blood	allelic_expression	23	0.083	0.389	0.253	0.061	0.255	0.064	0.013	0.028	skewed
GTEX-NL3G	whole blood	allelic_expression	24	0	0.441	0.2	0.139	0.211	0.124	0.025	0.052	not_skewed
GTEX-OHPL	whole blood	allelic_expression	30	0	0.5	0.071	0.094	0.103	0.11	0.02	0.041	not_skewed
GTEX-OHPN	whole blood	allelic_expression	15	0.026	0.389	0.233	0.1	0.237	0.099	0.026	0.055	not_skewed
GTEX-P78B	whole blood	allelic_expression	19	0	0.5	0.206	0.21	0.204	0.14	0.032	0.067	not_skewed
GTEX-POMQ	whole blood	allelic_expression	39	0	0.5	0.124	0.122	0.134	0.116	0.019	0.038	not_skewed
GTEX-PWCY	whole blood	allelic_expression	17	0	0.5	0.125	0.076	0.141	0.117	0.028	0.06	not_skewed
GTEX-PWN1	whole blood	allelic_expression	25	0.233	0.5	0.386	0.06	0.386	0.066	0.013	0.027	skewed
GTEX-PWO3	whole blood	allelic_expression	15	0.133	0.5	0.25	0.166	0.283	0.116	0.03	0.064	skewed
GTEX-PX3G	whole blood	allelic_expression	28	0.01	0.5	0.185	0.116	0.196	0.101	0.019	0.039	not_skewed
GTEX-QCQG	whole blood	allelic_expression	28	0.015	0.5	0.09	0.081	0.129	0.121	0.023	0.047	not_skewed
GTEX-R45C	whole blood	allelic_expression	9	0.071	0.5	0.192	0.153	0.244	0.145	0.048	0.111	not_skewed
GTEX-S4P3	whole blood	allelic_expression	12	0	0.5	0.464	0.059	0.413	0.137	0.039	0.087	skewed
GTEX-SN8G	whole blood	allelic_expression	12	0.071	0.5	0.449	0.107	0.407	0.125	0.036	0.08	skewed
GTEX-TML8	whole blood	allelic_expression	13	0.029	0.455	0.22	0.157	0.236	0.112	0.031	0.068	not_skewed
GTEX-TMMY	whole blood	allelic_expression	29	0.006	0.5	0.085	0.097	0.109	0.099	0.018	0.038	not_skewed
GTEX-UJHI	whole blood	allelic_expression	33	0	0.5	0.117	0.121	0.137	0.123	0.021	0.044	not_skewed
GTEX-UPIC	whole blood	allelic_expression	25	0.481	0.5	0.5	0	0.498	0.005	0.001	0.002	skewed
GTEX-VJWN	whole blood	allelic_expression	22	0.265	0.5	0.446	0.095	0.437	0.064	0.014	0.028	skewed
GTEX-WI4N	whole blood	allelic_expression	17	0.042	0.318	0.083	0.084	0.115	0.076	0.018	0.039	not_skewed
GTEX-WRHK	whole blood	allelic_expression	19	0	0.5	0.143	0.101	0.159	0.13	0.03	0.063	not_skewed
GTEX-WRHU	whole blood	allelic_expression	27	0	0.5	0.083	0.161	0.129	0.117	0.023	0.046	not_skewed
GTEX-WXYG	whole blood	allelic_expression	26	0	0.269	0.093	0.108	0.113	0.082	0.016	0.033	not_skewed
GTEX-WYBS	whole blood	allelic_expression	21	0.147	0.5	0.318	0.094	0.324	0.086	0.019	0.039	skewed
GTEX-X638	whole blood	allelic_expression	26	0.226	0.5	0.373	0.064	0.377	0.07	0.014	0.028	skewed
GTEX-X8HC	whole blood	allelic_expression	21	0.026	0.5	0.21	0.182	0.22	0.122	0.027	0.055	not_skewed
GTEX-XMD2	whole blood	allelic_expression	28	0.071	0.429	0.269	0.097	0.267	0.086	0.016	0.033	skewed
GTEX-XOT4	whole blood	allelic_expression	22	0.045	0.438	0.315	0.066	0.289	0.106	0.023	0.047	skewed
GTEX-XUJ4	whole blood	allelic_expression	19	0.5	0.5	0.5	0	0.5	0	0	0	skewed
GTEX-XUW1	whole blood	allelic_expression	25	0.086	0.3	0.194	0.059	0.189	0.051	0.01	0.021	not_skewed
GTEX-XUZC	whole blood	allelic_expression	20	0	0.25	0.142	0.083	0.136	0.07	0.016	0.033	not_skewed
GTEX-XV7Q	whole blood	allelic_expression	48	0	0.5	0.223	0.103	0.234	0.111	0.016	0.032	not_skewed
GTEX-XYKS	whole blood	allelic_expression	29	0	0.375	0.071	0.083	0.096	0.085	0.016	0.032	not_skewed
GTEX-Y3IK	whole blood	allelic_expression	31	0.005	0.5	0.118	0.118	0.129	0.096	0.017	0.035	not_skewed
GTEX-Y5LM	whole blood	allelic_expression	18	0.045	0.306	0.225	0.063	0.222	0.069	0.016	0.034	not_skewed
GTEX-Y5V5	whole blood	allelic_expression	19	0.02	0.286	0.111	0.094	0.129	0.08	0.018	0.039	not_skewed
GTEX-Y8LW	whole blood	allelic_expression	19	0.003	0.25	0.043	0.068	0.068	0.068	0.016	0.033	not_skewed
GTEX-YB5K	whole blood	allelic_expression	22	0	0.318	0.071	0.081	0.097	0.082	0.017	0.036	not_skewed
GTEX-YBZK	whole blood	allelic_expression	36	0	0.5	0.173	0.141	0.168	0.128	0.021	0.043	not_skewed
GTEX-ZC5H	whole blood	allelic_expression	15	0	0.318	0.1	0.105	0.091	0.084	0.022	0.046	not_skewed
GTEX-ZE7O	whole blood	allelic_expression	24	0.056	0.4	0.257	0.11	0.259	0.09	0.018	0.038	skewed
GTEX-ZF29	whole blood	allelic_expression	25	0.197	0.5	0.386	0.051	0.379	0.074	0.015	0.03	skewed
GTEX-ZF2S	whole blood	allelic_expression	16	0	0.375	0.116	0.128	0.134	0.099	0.025	0.053	not_skewed
GTEX-ZF3C	whole blood	allelic_expression	13	0.405	0.5	0.457	0.063	0.461	0.034	0.009	0.02	skewed
GTEX-ZGAY	whole blood	allelic_expression	22	0.002	0.318	0.08	0.091	0.1	0.072	0.015	0.032	not_skewed
GTEX-ZLV1	whole blood	allelic_expression	21	0.056	0.5	0.192	0.129	0.219	0.113	0.025	0.051	not_skewed
GTEX-ZP4G	whole blood	allelic_expression	30	0	0.5	0.298	0.066	0.294	0.085	0.016	0.032	skewed
GTEX-ZPCL	whole blood	allelic_expression	20	0.071	0.4	0.179	0.053	0.19	0.072	0.016	0.034	not_skewed
GTEX-ZTPG	whole blood	allelic_expression	25	0.05	0.5	0.265	0.082	0.27	0.093	0.019	0.038	skewed
GTEX-ZV68	whole blood	allelic_expression	26	0.071	0.5	0.309	0.082	0.317	0.092	0.018	0.037	skewed
GTEX-ZVT2	whole blood	allelic_expression	16	0	0.357	0.153	0.11	0.153	0.094	0.023	0.05	not_skewed
GTEX-ZVT3	whole blood	allelic_expression	18	0	0.278	0.071	0.063	0.081	0.065	0.015	0.032	not_skewed
GTEX-ZVT4	whole blood	allelic_expression	28	0.167	0.5	0.3	0.118	0.302	0.091	0.017	0.035	skewed
GTEX-ZVZQ	whole blood	allelic_expression	20	0.042	0.5	0.253	0.16	0.25	0.113	0.025	0.053	skewed
GTEX-ZXES	whole blood	allelic_expression	26	0.136	0.5	0.361	0.129	0.364	0.099	0.019	0.04	skewed
